#usda 1.0
(
    customLayerData = {
        dictionary cameraSettings = {
            dictionary Front = {
                double3 position = (5, 0, 0)
                double radius = 5
            }
            dictionary Perspective = {
                double3 position = (0.15602138302102855, 0.054153009765936365, 0.06988233029238664)
                double3 target = (0, 1.862645149230957e-9, 0.02167806507026638)
            }
            dictionary Right = {
                double3 position = (0, -5, 0)
                double radius = 5
            }
            dictionary Top = {
                double3 position = (0, 0, 5)
                double radius = 5
            }
            string boundCamera = "/OmniverseKit_Persp"
        }
        dictionary omni_layer = {
            string authoring_layer = "./Orange002.usd"
        }
        dictionary renderSettings = {
        }
    }
    defaultPrim = "root"
    doc = "Blender v4.4.3"
    metersPerUnit = 1
    upAxis = "Z"
)

def Xform "root" (
    prepend apiSchemas = ["MaterialBindingAPI"]
    customData = {
        dictionary Blender = {
            bool generated = 1
        }
    }
)
{
    rel material:binding = </root/Looks/M_Orange002> (
        bindMaterialAs = "weakerThanDescendants"
    )

    def Scope "Looks"
    {
        def Material "M_Orange002"
        {
            token outputs:mdl:displacement.connect = </root/Looks/M_Orange002/Shader.outputs:out>
            token outputs:mdl:surface.connect = </root/Looks/M_Orange002/Shader.outputs:out>
            token outputs:mdl:volume.connect = </root/Looks/M_Orange002/Shader.outputs:out>

            def Shader "Shader"
            {
                uniform token info:implementationSource = "sourceAsset"
                uniform asset info:mdl:sourceAsset = @OmniPBR.mdl@
                uniform token info:mdl:sourceAsset:subIdentifier = "OmniPBR"
                asset inputs:diffuse_texture = @./texture/T_Orange002_BC001.png@ (
                    colorSpace = "sRGB"
                )
                bool inputs:enable_ORM_texture = 1
                custom float inputs:metallic_texture_influence = 1
                asset inputs:ORM_texture = @./texture/T_Orange002_ORM001.png@ (
                    colorSpace = "raw"
                )
                custom float inputs:reflection_roughness_texture_influence = 1
                token outputs:out (
                    renderType = "material"
                )
            }
        }
    }

    def Scope "Physics"
    {
        def Material "PhysicsMaterial" (
            prepend apiSchemas = ["PhysicsMaterialAPI"]
        )
        {
            float physics:dynamicFriction = 4
            float physics:staticFriction = 5
        }
    }

    def Xform "Orange002" (
        delete apiSchemas = ["PhysxContactReportAPI"]
        prepend apiSchemas = ["PhysicsRigidBodyAPI", "PhysicsMassAPI", "PhysxContactReportAPI"]
    )
    {
        float physics:mass = 0.15
        quatd xformOp:orient = (1, 0, 0, 0)
        double3 xformOp:scale = (1, 1, 1)
        double3 xformOp:translate = (0, 0, 0)
        uniform token[] xformOpOrder = ["xformOp:translate", "xformOp:orient", "xformOp:scale"]

        def Xform "Visuals"
        {
            quatd xformOp:orient = (1, 0, 0, 0)
            double3 xformOp:scale = (1, 1, 1)
            double3 xformOp:translate = (0, 0, 0)
            uniform token[] xformOpOrder = ["xformOp:translate", "xformOp:orient", "xformOp:scale"]

            def Mesh "Orange002" (
                prepend apiSchemas = ["MaterialBindingAPI"]
                customData = {
                    dictionary "3dsmax" = {
                        int matId = 1
                    }
                }
            )
            {
                float3[] extent = [(-0.026942693, -0.025362251, 5.828847e-9), (0.026942693, 0.025362255, 0.043356124)]
                int[] faceVertexCounts = [3, 3, 3, 3, 3, 3, 3, 3, 3, 3, 3, 3, 3, 3, 3, 3, 3, 3, 3, 3, 3, 3, 3, 3, 3, 3, 3, 3, 3, 3, 3, 3, 3, 3, 3, 3, 3, 3, 3, 3, 3, 3, 3, 3, 3, 3, 3, 3, 3, 3, 3, 3, 3, 3, 3, 3, 3, 3, 3, 3, 3, 3, 3, 3, 3, 3, 3, 3, 3, 3, 3, 3, 3, 3, 3, 3, 3, 3, 3, 3, 3, 3, 3, 3, 3, 3, 3, 3, 3, 3, 3, 3, 3, 3, 3, 3, 3, 3, 3, 3, 3, 3, 3, 3, 3, 3, 3, 3, 3, 3, 3, 3, 3, 3, 3, 3, 3, 3, 3, 3, 3, 3, 3, 3, 3, 3, 3, 3, 3, 3, 3, 3, 3, 3, 3, 3, 3, 3, 3, 3, 3, 3, 3, 3, 3, 3, 3, 3, 3, 3, 3, 3, 3, 3, 3, 3, 3, 3, 3, 3, 3, 3, 3, 3, 3, 3, 3, 3, 3, 3, 3, 3, 3, 3, 3, 3, 3, 3, 3, 3, 3, 3, 3, 3, 3, 3, 3, 3, 3, 3, 3, 3, 3, 3, 3, 3, 3, 3, 3, 3, 3, 3, 3, 3, 3, 3, 3, 3, 3, 3, 3, 3, 3, 3, 3, 3, 3, 3, 3, 3, 3, 3, 3, 3, 3, 3, 3, 3, 3, 3, 3, 3, 3, 3, 3, 3, 3, 3, 3, 3, 3, 3, 3, 3, 3, 3, 3, 3, 3, 3, 3, 3, 3, 3, 3, 3, 3, 3, 3, 3, 3, 3, 3, 3, 3, 3, 3, 3, 3, 3, 3, 3, 3, 3, 3, 3, 3, 3, 3, 3, 3, 3, 3, 3, 3, 3, 3, 3, 3, 3, 3, 3, 3, 3, 3, 3, 3, 3, 3, 3, 3, 3, 3, 3, 3, 3, 3, 3, 3, 3, 3, 3, 3, 3, 3, 3, 3, 3, 3, 3, 3, 3, 3, 3, 3, 3, 3, 3, 3, 3, 3, 3, 3, 3, 3, 3, 3, 3, 3, 3, 3, 3, 3, 3, 3, 3, 3, 3, 3, 3, 3, 3, 3, 3, 3, 3, 3, 3, 3, 3, 3, 3, 3, 3, 3, 3, 3, 3, 3, 3, 3, 3, 3, 3, 3, 3, 3, 3, 3, 3, 3, 3, 3, 3, 3, 3, 3, 3, 3, 3, 3, 3, 3, 3, 3, 3, 3, 3, 3, 3, 3, 3, 3, 3, 3, 3, 3, 3, 3, 3, 3, 3, 3, 3, 3, 3, 3, 3, 3, 3, 3, 3, 3, 3, 3, 3, 3, 3, 3, 3, 3, 3, 3, 3, 3, 3, 3, 3, 3, 3, 3, 3, 3, 3, 3, 3, 3, 3, 3, 3, 3, 3, 3, 3, 3, 3, 3, 3, 3, 3, 3, 3, 3, 3, 3, 3, 3, 3, 3, 3, 3, 3, 3, 3, 3, 3, 3, 3, 3, 3, 3, 3, 3, 3, 3, 3, 3, 3, 3, 3, 3, 3, 3, 3, 3, 3, 3, 3, 3, 3, 3, 3, 3, 3, 3, 3, 3, 3, 3, 3, 3, 3, 3, 3, 3, 3, 3, 3, 3, 3, 3, 3, 3, 3, 3, 3, 3, 3, 3, 3, 3, 3, 3, 3, 3, 3, 3, 3, 3, 3, 3, 3, 3, 3, 3, 3, 3, 3, 3, 3, 3, 3, 3, 3, 3, 3, 3, 3, 3, 3, 3, 3, 3, 3, 3, 3, 3, 3, 3, 3, 3, 3, 3, 3, 3, 3, 3, 3, 3, 3, 3, 3, 3, 3, 3, 3, 3, 3, 3, 3, 3, 3, 3, 3, 3, 3, 3, 3, 3, 3, 3, 3, 3, 3, 3, 3, 3, 3, 3, 3, 3, 3, 3, 3, 3, 3, 3, 3, 3, 3, 3, 3, 3, 3, 3, 3, 3, 3, 3, 3, 3, 3, 3, 3, 3, 3, 3, 3, 3, 3, 3, 3, 3, 3, 3, 3, 3, 3, 3, 3, 3, 3, 3, 3, 3, 3, 3, 3, 3, 3, 3, 3, 3, 3, 3, 3, 3, 3, 3, 3, 3, 3, 3, 3, 3, 3, 3, 3, 3, 3, 3, 3, 3, 3, 3, 3, 3, 3, 3, 3, 3, 3, 3, 3, 3, 3, 3, 3, 3, 3, 3, 3, 3, 3, 3, 3, 3, 3, 3, 3, 3, 3, 3, 3, 3, 3, 3, 3, 3, 3, 3, 3, 3, 3, 3, 3, 3, 3, 3, 3, 3, 3, 3, 3, 3, 3, 3, 3, 3, 3, 3, 3, 3, 3, 3, 3, 3, 3, 3, 3, 3, 3, 3, 3, 3, 3, 3, 3, 3, 3, 3, 3, 3, 3, 3, 3, 3, 3, 3, 3, 3, 3, 3, 3, 3, 3, 3, 3, 3, 3, 3, 3, 3, 3, 3, 3, 3, 3, 3, 3, 3, 3, 3, 3, 3, 3, 3, 3, 3, 3, 3, 3, 3, 3, 3, 3, 3, 3, 3, 3, 3, 3, 3, 3, 3, 3, 3, 3, 3, 3, 3, 3, 3, 3, 3, 3, 3, 3, 3, 3, 3, 3, 3, 3, 3, 3, 3, 3, 3, 3, 3, 3, 3, 3, 3, 3, 3, 3, 3, 3, 3, 3, 3, 3, 3, 3, 3, 3, 3, 3, 3, 3, 3, 3, 3, 3, 3, 3, 3, 3, 3, 3, 3, 3, 3, 3, 3, 3, 3, 3, 3, 3, 3, 3, 3, 3, 3, 3, 3, 3, 3, 3, 3, 3, 3, 3, 3, 3, 3, 3, 3, 3, 3, 3, 3, 3, 3, 3, 3, 3, 3, 3, 3, 3, 3, 3, 3, 3, 3, 3, 3, 3, 3, 3, 3, 3, 3, 3, 3, 3, 3, 3, 3, 3, 3, 3, 3, 3, 3, 3, 3, 3, 3, 3, 3, 3, 3, 3, 3, 3, 3, 3, 3, 3, 3, 3, 3, 3, 3, 3, 3, 3, 3, 3, 3, 3, 3, 3, 3, 3, 3, 3, 3, 3, 3, 3, 3, 3, 3, 3, 3, 3, 3, 3, 3, 3, 3, 3, 3, 3, 3, 3, 3, 3, 3, 3, 3, 3, 3, 3, 3, 3, 3, 3, 3, 3, 3, 3, 3, 3, 3, 3, 3, 3, 3, 3, 3, 3, 3, 3, 3, 3, 3, 3, 3, 3, 3, 3, 3, 3, 3, 3, 3, 3, 3, 3, 3, 3, 3, 3, 3, 3, 3, 3, 3, 3, 3, 3, 3, 3, 3, 3, 3, 3, 3, 3, 3, 3, 3, 3, 3, 3, 3, 3, 3, 3, 3, 3, 3, 3, 3, 3, 3, 3, 3, 3, 3, 3, 3, 3, 3, 3, 3, 3, 3, 3, 3, 3, 3, 3, 3, 3, 3, 3, 3, 3, 3, 3, 3, 3, 3, 3, 3, 3, 3, 3, 3, 3, 3, 3, 3, 3, 3, 3, 3, 3, 3, 3, 3, 3, 3, 3, 3, 3, 3, 3, 3, 3, 3, 3, 3, 3, 3, 3, 3, 3, 3, 3, 3, 3, 3, 3, 3, 3, 3, 3, 3, 3, 3, 3, 3, 3, 3, 3, 3, 3, 3, 3, 3, 3, 3, 3, 3, 3, 3, 3, 3, 3, 3, 3, 3, 3, 3, 3, 3, 3, 3, 3, 3, 3, 3, 3, 3, 3, 3, 3, 3, 3, 3, 3, 3, 3, 3, 3, 3, 3, 3, 3, 3, 3, 3, 3, 3, 3, 3, 3, 3, 3, 3, 3, 3, 3, 3, 3, 3, 3, 3, 3, 3, 3, 3, 3, 3, 3, 3, 3, 3, 3, 3, 3, 3, 3, 3, 3, 3, 3, 3, 3, 3, 3, 3, 3, 3, 3, 3, 3, 3, 3, 3, 3, 3, 3, 3, 3, 3, 3, 3, 3, 3, 3, 3, 3, 3, 3, 3, 3, 3, 3, 3, 3, 3, 3, 3, 3, 3, 3, 3, 3, 3, 3, 3, 3, 3, 3, 3, 3, 3, 3, 3, 3, 3, 3, 3, 3, 3, 3, 3, 3, 3, 3, 3, 3, 3, 3, 3, 3, 3, 3, 3, 3, 3, 3, 3, 3, 3, 3, 3, 3, 3, 3, 3, 3, 3, 3, 3, 3, 3, 3, 3, 3, 3, 3, 3, 3, 3, 3, 3, 3, 3, 3, 3, 3, 3, 3, 3, 3, 3, 3, 3, 3, 3, 3, 3, 3, 3, 3, 3, 3, 3, 3, 3, 3, 3, 3, 3, 3, 3, 3, 3, 3, 3, 3, 3, 3, 3, 3, 3, 3, 3, 3, 3, 3, 3, 3, 3, 3, 3, 3, 3, 3, 3, 3, 3, 3, 3, 3, 3, 3, 3, 3, 3, 3, 3, 3, 3, 3, 3, 3, 3, 3, 3, 3, 3, 3, 3, 3, 3, 3, 3, 3, 3, 3, 3, 3, 3, 3, 3, 3, 3, 3, 3, 3, 3, 3, 3, 3, 3, 3, 3, 3, 3, 3, 3, 3, 3, 3, 3, 3, 3, 3, 3, 3, 3, 3, 3, 3, 3, 3, 3, 3, 3, 3, 3, 3, 3, 3, 3, 3, 3, 3, 3, 3, 3, 3, 3, 3, 3, 3, 3, 3, 3, 3, 3, 3, 3, 3, 3, 3, 3, 3, 3, 3, 3, 3, 3, 3, 3, 3, 3, 3, 3, 3, 3, 3, 3, 3, 3, 3, 3, 3, 3, 3, 3, 3, 3, 3, 3, 3, 3, 3, 3, 3, 3, 3, 3, 3, 3, 3, 3, 3, 3, 3, 3, 3, 3, 3, 3, 3, 3, 3, 3, 3, 3, 3, 3, 3, 3, 3, 3, 3, 3, 3, 3, 3, 3, 3, 3, 3, 3, 3, 3, 3, 3, 3, 3, 3, 3, 3, 3, 3, 3, 3, 3, 3, 3, 3, 3, 3, 3, 3, 3, 3, 3, 3, 3, 3, 3, 3, 3, 3, 3, 3, 3, 3, 3, 3, 3, 3, 3, 3, 3, 3, 3, 3, 3, 3, 3, 3, 3, 3, 3, 3, 3, 3, 3, 3, 3, 3, 3, 3, 3, 3, 3, 3, 3, 3, 3, 3, 3, 3, 3, 3, 3, 3, 3, 3, 3, 3, 3, 3, 3, 3, 3, 3, 3, 3, 3, 3, 3, 3, 3, 3, 3, 3, 3, 3, 3, 3, 3, 3, 3, 3, 3, 3, 3, 3, 3, 3, 3, 3, 3, 3, 3, 3, 3, 3, 3, 3, 3, 3, 3, 3, 3, 3, 3, 3, 3, 3, 3, 3, 3, 3, 3, 3, 3, 3, 3, 3, 3, 3, 3, 3, 3, 3, 3, 3, 3, 3, 3, 3, 3, 3, 3, 3, 3, 3, 3, 3, 3, 3, 3, 3, 3, 3, 3, 3, 3, 3, 3, 3, 3, 3, 3, 3, 3, 3, 3, 3, 3, 3, 3, 3, 3, 3, 3, 3, 3, 3, 3, 3, 3, 3, 3, 3, 3, 3, 3, 3, 3, 3, 3, 3, 3, 3, 3, 3, 3, 3, 3, 3, 3, 3, 3, 3, 3, 3, 3, 3, 3, 3, 3, 3, 3, 3, 3, 3, 3, 3, 3, 3, 3, 3, 3, 3, 3, 3, 3, 3, 3, 3, 3, 3, 3, 3, 3, 3, 3, 3, 3, 3, 3, 3, 3, 3, 3, 3, 3, 3, 3, 3, 3, 3, 3, 3, 3, 3, 3, 3, 3, 3, 3, 3, 3, 3, 3, 3, 3, 3, 3, 3, 3, 3, 3, 3, 3, 3, 3, 3, 3, 3, 3, 3, 3, 3, 3, 3, 3, 3, 3, 3]
                int[] faceVertexIndices = [0, 1, 2, 1, 3, 2, 2, 3, 4, 4, 3, 5, 5, 3, 6, 3, 1, 6, 6, 1, 7, 1, 0, 7, 4, 8, 2, 8, 9, 2, 2, 9, 10, 9, 8, 11, 11, 8, 12, 8, 4, 12, 12, 4, 13, 4, 5, 13, 13, 5, 14, 5, 15, 14, 14, 15, 16, 15, 17, 16, 16, 17, 18, 18, 17, 19, 17, 20, 19, 19, 20, 21, 20, 6, 21, 21, 6, 22, 6, 7, 22, 22, 7, 23, 7, 24, 23, 24, 25, 23, 23, 25, 26, 5, 6, 15, 6, 20, 15, 15, 20, 17, 23, 21, 22, 12, 13, 27, 13, 14, 27, 25, 24, 28, 28, 24, 29, 24, 7, 29, 29, 7, 30, 7, 0, 30, 30, 0, 31, 0, 2, 31, 31, 32, 30, 30, 32, 29, 32, 33, 29, 29, 33, 28, 33, 34, 28, 34, 35, 28, 35, 36, 28, 36, 37, 28, 28, 37, 25, 25, 37, 26, 37, 38, 26, 38, 39, 26, 26, 39, 23, 39, 40, 23, 23, 40, 21, 40, 41, 21, 21, 41, 19, 41, 42, 19, 19, 42, 43, 42, 44, 43, 43, 44, 18, 44, 45, 18, 18, 45, 16, 45, 46, 16, 16, 46, 47, 46, 48, 47, 47, 48, 14, 48, 49, 14, 14, 49, 27, 49, 50, 27, 27, 50, 12, 40, 39, 41, 39, 51, 41, 41, 51, 42, 18, 19, 43, 14, 16, 47, 50, 49, 52, 49, 48, 52, 52, 48, 53, 48, 54, 53, 54, 55, 53, 55, 56, 53, 53, 56, 52, 56, 50, 52, 54, 48, 57, 48, 46, 57, 57, 46, 58, 46, 45, 58, 45, 44, 58, 58, 44, 59, 44, 42, 59, 59, 42, 60, 42, 61, 60, 60, 61, 62, 62, 61, 63, 61, 51, 63, 63, 51, 39, 42, 51, 61, 58, 59, 64, 59, 60, 64, 60, 62, 65, 62, 66, 65, 66, 67, 65, 67, 68, 65, 65, 68, 60, 68, 69, 60, 60, 69, 64, 69, 70, 64, 64, 70, 58, 66, 62, 63, 70, 69, 71, 69, 68, 71, 71, 68, 72, 68, 73, 72, 73, 74, 72, 74, 75, 72, 72, 75, 71, 75, 70, 71, 73, 68, 76, 68, 67, 76, 76, 67, 77, 67, 66, 77, 77, 78, 76, 76, 78, 73, 78, 79, 73, 73, 79, 80, 80, 79, 81, 81, 79, 82, 79, 78, 82, 82, 78, 77, 80, 83, 73, 73, 83, 74, 83, 84, 74, 74, 84, 75, 84, 83, 85, 83, 80, 85, 85, 80, 86, 80, 87, 86, 87, 88, 86, 86, 88, 85, 88, 89, 85, 85, 89, 84, 87, 80, 90, 80, 81, 90, 90, 81, 91, 81, 82, 91, 91, 92, 90, 90, 92, 87, 92, 93, 87, 87, 93, 94, 94, 93, 95, 95, 93, 96, 93, 92, 96, 96, 92, 91, 94, 97, 87, 87, 97, 88, 97, 98, 88, 98, 99, 88, 88, 99, 89, 99, 100, 89, 89, 100, 84, 100, 101, 84, 101, 102, 84, 84, 102, 75, 102, 103, 75, 103, 104, 75, 75, 104, 70, 104, 105, 70, 70, 105, 106, 105, 54, 106, 54, 57, 106, 57, 58, 106, 106, 58, 70, 94, 107, 97, 97, 107, 98, 54, 105, 108, 105, 104, 108, 104, 103, 108, 108, 103, 109, 103, 102, 109, 102, 101, 109, 109, 101, 110, 101, 100, 110, 110, 100, 111, 100, 99, 111, 111, 99, 112, 112, 99, 113, 99, 114, 113, 113, 114, 115, 115, 114, 116, 114, 98, 116, 116, 98, 107, 111, 112, 110, 110, 112, 117, 117, 112, 118, 118, 112, 119, 119, 112, 120, 112, 113, 120, 120, 113, 115, 99, 98, 114, 117, 121, 110, 121, 122, 110, 110, 122, 109, 122, 123, 109, 123, 124, 109, 109, 124, 108, 124, 125, 108, 108, 125, 126, 125, 127, 126, 126, 127, 55, 127, 56, 55, 108, 126, 54, 126, 55, 54, 127, 125, 128, 125, 124, 128, 124, 123, 128, 128, 123, 129, 123, 122, 129, 122, 121, 129, 129, 121, 130, 121, 117, 130, 117, 118, 130, 130, 118, 131, 131, 118, 132, 118, 119, 132, 119, 120, 132, 132, 120, 133, 120, 115, 133, 133, 115, 134, 115, 116, 134, 134, 116, 135, 116, 107, 135, 135, 107, 136, 107, 94, 136, 136, 94, 137, 94, 138, 137, 137, 138, 139, 138, 140, 139, 140, 141, 139, 139, 141, 142, 141, 143, 142, 143, 144, 142, 142, 144, 137, 144, 145, 137, 137, 145, 135, 145, 146, 135, 146, 147, 135, 135, 147, 134, 134, 147, 133, 147, 148, 133, 133, 148, 132, 135, 136, 137, 94, 95, 138, 138, 95, 140, 95, 96, 140, 137, 139, 142, 145, 144, 146, 144, 149, 146, 146, 149, 150, 149, 151, 150, 151, 152, 150, 150, 152, 148, 152, 153, 148, 148, 153, 132, 153, 154, 132, 132, 154, 131, 148, 147, 150, 150, 147, 146, 154, 153, 155, 153, 152, 155, 155, 152, 156, 152, 151, 156, 156, 151, 157, 157, 151, 158, 158, 151, 159, 151, 149, 159, 149, 144, 159, 159, 144, 160, 144, 143, 160, 160, 143, 161, 143, 141, 161, 161, 162, 160, 160, 162, 159, 162, 565, 159, 565, 567, 159, 159, 567, 158, 158, 567, 157, 567, 572, 157, 157, 572, 163, 572, 164, 163, 164, 165, 163, 163, 165, 166, 166, 165, 167, 165, 168, 167, 168, 582, 167, 167, 582, 169, 582, 170, 169, 169, 170, 171, 171, 170, 172, 170, 586, 172, 586, 587, 172, 172, 587, 173, 173, 587, 174, 587, 593, 174, 593, 592, 174, 174, 592, 175, 175, 592, 176, 592, 177, 176, 157, 163, 156, 163, 178, 156, 156, 178, 155, 155, 178, 179, 179, 178, 166, 178, 163, 166, 176, 180, 175, 180, 174, 175, 177, 181, 176, 181, 182, 176, 176, 182, 180, 177, 616, 181, 616, 183, 181, 181, 183, 184, 184, 183, 185, 183, 619, 185, 185, 619, 186, 619, 625, 186, 625, 626, 186, 186, 626, 187, 626, 188, 187, 187, 188, 189, 189, 188, 190, 190, 188, 644, 644, 188, 630, 630, 188, 629, 188, 626, 629, 189, 191, 187, 191, 186, 187, 191, 189, 192, 189, 190, 192, 190, 736, 192, 736, 738, 192, 192, 738, 193, 738, 194, 193, 193, 194, 195, 195, 194, 196, 194, 197, 196, 196, 197, 198, 197, 199, 198, 198, 199, 200, 199, 201, 200, 200, 201, 202, 202, 201, 203, 201, 744, 203, 203, 744, 204, 744, 205, 204, 205, 746, 204, 204, 746, 206, 746, 207, 206, 206, 207, 208, 207, 209, 208, 208, 209, 210, 209, 752, 210, 210, 752, 211, 211, 752, 212, 752, 213, 212, 213, 214, 212, 212, 214, 215, 215, 214, 216, 214, 760, 216, 216, 760, 217, 760, 218, 217, 217, 218, 219, 218, 766, 219, 219, 766, 220, 766, 768, 220, 220, 768, 221, 768, 775, 221, 775, 222, 221, 221, 222, 223, 222, 776, 223, 223, 776, 224, 776, 225, 224, 225, 421, 224, 421, 226, 224, 226, 227, 224, 224, 227, 223, 227, 228, 223, 223, 228, 221, 228, 229, 221, 229, 230, 221, 221, 230, 220, 230, 231, 220, 220, 231, 219, 231, 232, 219, 219, 232, 217, 232, 233, 217, 217, 233, 216, 216, 233, 215, 233, 234, 215, 215, 234, 212, 212, 234, 235, 234, 236, 235, 235, 236, 237, 234, 233, 236, 236, 233, 238, 238, 233, 239, 233, 232, 239, 239, 232, 240, 232, 231, 240, 240, 231, 241, 231, 230, 241, 230, 229, 241, 241, 229, 242, 229, 228, 242, 242, 228, 243, 228, 227, 243, 243, 227, 244, 227, 226, 244, 226, 245, 244, 245, 246, 244, 244, 246, 247, 246, 248, 247, 248, 249, 247, 247, 249, 243, 243, 249, 242, 249, 250, 242, 242, 250, 241, 250, 251, 241, 251, 252, 241, 241, 252, 240, 252, 253, 240, 240, 253, 239, 239, 253, 238, 238, 253, 254, 254, 253, 255, 253, 252, 255, 255, 252, 256, 252, 251, 256, 251, 250, 256, 256, 250, 257, 250, 249, 257, 257, 249, 258, 258, 249, 259, 259, 249, 260, 249, 248, 260, 260, 248, 261, 248, 262, 261, 262, 428, 261, 428, 432, 261, 261, 432, 263, 263, 432, 264, 432, 433, 264, 433, 265, 264, 264, 265, 266, 266, 265, 267, 265, 441, 267, 267, 441, 268, 441, 269, 268, 269, 270, 268, 268, 270, 271, 271, 270, 272, 270, 931, 272, 931, 929, 272, 272, 929, 273, 273, 929, 274, 929, 930, 274, 274, 930, 275, 930, 276, 275, 276, 493, 275, 275, 493, 277, 277, 493, 278, 493, 279, 278, 278, 279, 280, 279, 281, 280, 281, 282, 280, 280, 282, 283, 283, 282, 284, 282, 561, 284, 284, 561, 141, 561, 285, 141, 141, 285, 161, 243, 244, 247, 248, 246, 262, 141, 140, 284, 284, 140, 283, 140, 286, 283, 283, 286, 280, 286, 287, 280, 280, 287, 288, 288, 287, 289, 287, 96, 289, 289, 96, 91, 140, 96, 286, 286, 96, 287, 280, 288, 278, 278, 288, 277, 288, 290, 277, 277, 290, 275, 275, 290, 291, 291, 290, 292, 290, 288, 292, 292, 288, 293, 288, 289, 293, 289, 91, 293, 293, 91, 294, 91, 82, 294, 294, 82, 295, 82, 296, 295, 295, 296, 297, 297, 296, 298, 296, 77, 298, 298, 77, 299, 77, 66, 299, 293, 294, 292, 294, 295, 292, 292, 295, 297, 82, 77, 296, 299, 300, 298, 300, 297, 298, 300, 299, 301, 299, 66, 301, 301, 66, 302, 66, 63, 302, 302, 63, 303, 63, 304, 303, 303, 304, 305, 305, 304, 38, 38, 304, 39, 304, 63, 39, 302, 306, 301, 301, 306, 300, 306, 307, 300, 307, 308, 300, 308, 309, 300, 300, 309, 297, 309, 310, 297, 310, 311, 297, 297, 311, 292, 292, 311, 291, 311, 312, 291, 291, 312, 275, 275, 312, 274, 274, 312, 273, 312, 313, 273, 273, 313, 272, 302, 303, 306, 303, 305, 306, 305, 314, 306, 314, 315, 306, 306, 315, 307, 311, 310, 312, 312, 310, 316, 310, 309, 316, 309, 308, 316, 316, 308, 317, 308, 307, 317, 307, 315, 317, 317, 315, 318, 315, 314, 318, 318, 314, 319, 314, 305, 319, 319, 305, 320, 305, 37, 320, 37, 321, 320, 320, 321, 319, 321, 322, 319, 319, 322, 318, 322, 323, 318, 323, 324, 318, 318, 324, 325, 324, 326, 325, 325, 326, 317, 326, 327, 317, 317, 327, 316, 327, 328, 316, 316, 328, 313, 313, 328, 272, 328, 329, 272, 272, 329, 271, 316, 313, 312, 37, 305, 38, 318, 325, 317, 328, 327, 329, 327, 326, 329, 329, 326, 330, 330, 326, 331, 326, 324, 331, 331, 324, 332, 324, 323, 332, 332, 323, 333, 323, 334, 333, 333, 334, 335, 335, 334, 336, 334, 321, 336, 336, 321, 36, 321, 37, 36, 321, 334, 322, 334, 323, 322, 271, 329, 268, 329, 330, 268, 36, 35, 336, 35, 337, 336, 336, 337, 335, 337, 338, 335, 338, 339, 335, 335, 339, 333, 333, 339, 332, 339, 340, 332, 332, 340, 331, 331, 340, 330, 340, 341, 330, 330, 341, 268, 268, 341, 267, 267, 341, 266, 266, 341, 342, 341, 340, 342, 342, 340, 343, 340, 339, 343, 343, 339, 344, 339, 338, 344, 344, 338, 345, 338, 346, 345, 345, 346, 347, 347, 346, 348, 346, 33, 348, 33, 32, 348, 348, 32, 349, 349, 32, 350, 32, 31, 350, 350, 31, 351, 31, 2, 351, 351, 2, 352, 2, 10, 352, 35, 34, 337, 34, 346, 337, 337, 346, 338, 33, 346, 34, 352, 353, 351, 351, 353, 350, 350, 353, 354, 354, 353, 355, 353, 356, 355, 355, 356, 357, 356, 358, 357, 358, 359, 357, 359, 256, 357, 357, 256, 355, 256, 257, 355, 355, 257, 354, 257, 258, 354, 258, 360, 354, 354, 360, 350, 350, 360, 349, 349, 360, 348, 348, 360, 347, 360, 361, 347, 347, 361, 345, 353, 352, 356, 356, 352, 358, 258, 259, 360, 360, 259, 361, 259, 362, 361, 361, 362, 363, 363, 362, 364, 362, 261, 364, 261, 263, 364, 364, 263, 365, 263, 264, 365, 264, 266, 365, 266, 342, 365, 342, 343, 365, 343, 344, 365, 365, 344, 363, 344, 345, 363, 363, 345, 361, 259, 260, 362, 362, 260, 261, 365, 363, 364, 366, 367, 368, 367, 369, 368, 368, 369, 370, 370, 369, 371, 369, 367, 371, 370, 372, 368, 372, 373, 368, 368, 373, 366, 373, 374, 366, 366, 374, 367, 374, 375, 367, 375, 376, 367, 367, 376, 371, 376, 377, 371, 377, 378, 371, 371, 378, 370, 378, 379, 370, 370, 379, 372, 379, 380, 372, 372, 380, 373, 380, 381, 373, 381, 382, 373, 373, 382, 383, 382, 384, 383, 384, 385, 383, 383, 385, 374, 385, 386, 374, 374, 386, 387, 386, 388, 387, 388, 389, 387, 387, 389, 375, 389, 390, 375, 375, 390, 376, 390, 391, 376, 391, 392, 376, 376, 392, 377, 392, 393, 377, 393, 394, 377, 377, 394, 378, 394, 395, 378, 378, 395, 396, 395, 397, 396, 397, 398, 396, 398, 379, 396, 396, 379, 378, 373, 383, 374, 374, 387, 375, 391, 390, 389, 397, 395, 399, 395, 394, 399, 399, 394, 400, 394, 393, 400, 400, 393, 401, 401, 393, 402, 393, 392, 402, 402, 392, 403, 392, 391, 403, 403, 391, 404, 391, 389, 404, 404, 389, 405, 389, 406, 405, 405, 406, 407, 407, 406, 408, 408, 406, 388, 406, 389, 388, 407, 409, 405, 405, 409, 404, 409, 410, 404, 404, 410, 403, 410, 411, 403, 403, 411, 402, 411, 412, 402, 402, 412, 401, 412, 413, 401, 413, 414, 401, 401, 414, 400, 414, 415, 400, 400, 415, 399, 415, 416, 399, 399, 416, 397, 416, 415, 417, 417, 415, 418, 415, 414, 418, 418, 414, 419, 414, 413, 419, 419, 413, 420, 420, 413, 225, 413, 412, 225, 225, 412, 421, 412, 411, 421, 421, 411, 422, 411, 410, 422, 422, 410, 423, 410, 409, 423, 423, 409, 424, 409, 407, 424, 407, 425, 424, 425, 426, 424, 424, 426, 427, 426, 246, 427, 246, 245, 427, 427, 245, 423, 423, 245, 422, 245, 226, 422, 422, 226, 421, 423, 424, 427, 246, 426, 262, 262, 426, 428, 426, 425, 428, 428, 425, 429, 425, 407, 429, 429, 407, 430, 407, 408, 430, 430, 408, 431, 408, 388, 431, 428, 429, 432, 432, 429, 433, 429, 430, 433, 433, 430, 434, 430, 431, 434, 434, 431, 435, 435, 431, 436, 431, 388, 436, 436, 388, 437, 388, 386, 437, 386, 385, 437, 385, 438, 437, 438, 439, 437, 437, 439, 436, 439, 440, 436, 436, 440, 435, 440, 441, 435, 435, 441, 434, 441, 265, 434, 434, 265, 433, 441, 440, 269, 269, 440, 270, 270, 440, 442, 442, 440, 443, 440, 439, 443, 443, 439, 444, 439, 438, 444, 438, 385, 444, 385, 384, 444, 444, 384, 445, 384, 382, 445, 445, 382, 446, 382, 381, 446, 446, 381, 447, 381, 380, 447, 447, 380, 448, 380, 379, 448, 448, 379, 449, 379, 398, 449, 449, 398, 450, 450, 398, 451, 398, 397, 451, 451, 397, 452, 452, 397, 453, 397, 416, 453, 416, 417, 453, 453, 417, 454, 454, 417, 455, 417, 456, 455, 455, 456, 457, 456, 458, 457, 458, 459, 457, 457, 459, 460, 459, 461, 460, 461, 462, 460, 462, 463, 460, 460, 463, 455, 463, 464, 455, 464, 465, 455, 455, 465, 454, 454, 465, 453, 465, 466, 453, 466, 467, 453, 453, 467, 452, 467, 468, 452, 452, 468, 451, 451, 468, 450, 468, 469, 450, 469, 470, 450, 470, 471, 450, 450, 471, 448, 471, 472, 448, 448, 472, 447, 448, 449, 450, 417, 418, 456, 456, 418, 458, 418, 419, 458, 455, 457, 460, 472, 471, 473, 473, 471, 470, 473, 474, 472, 472, 474, 447, 447, 474, 446, 446, 474, 445, 445, 474, 475, 474, 476, 475, 475, 476, 477, 477, 476, 478, 476, 479, 478, 478, 479, 480, 480, 479, 473, 473, 479, 474, 479, 476, 474, 477, 481, 475, 475, 481, 445, 481, 482, 445, 445, 482, 444, 482, 483, 444, 444, 483, 443, 483, 482, 484, 482, 481, 484, 481, 477, 484, 484, 477, 485, 477, 486, 485, 486, 487, 485, 485, 487, 484, 486, 477, 488, 477, 478, 488, 478, 489, 488, 488, 489, 486, 489, 490, 486, 490, 491, 486, 486, 491, 492, 491, 493, 492, 493, 276, 492, 276, 487, 492, 492, 487, 486, 493, 491, 494, 494, 491, 490, 493, 494, 279, 279, 494, 281, 494, 495, 281, 281, 495, 282, 282, 495, 496, 496, 495, 497, 495, 494, 497, 497, 494, 498, 494, 490, 498, 490, 489, 498, 498, 489, 499, 489, 500, 499, 500, 501, 499, 501, 497, 499, 499, 497, 498, 500, 489, 502, 489, 478, 502, 502, 478, 503, 478, 480, 503, 503, 480, 504, 480, 473, 504, 504, 473, 505, 473, 470, 505, 470, 469, 505, 505, 469, 506, 469, 468, 506, 506, 468, 507, 507, 468, 508, 468, 467, 508, 467, 466, 508, 508, 466, 509, 466, 465, 509, 509, 465, 510, 510, 465, 511, 465, 464, 511, 464, 463, 511, 511, 463, 512, 463, 513, 512, 513, 514, 512, 512, 514, 511, 514, 515, 511, 515, 516, 511, 511, 516, 510, 516, 517, 510, 510, 517, 509, 509, 517, 508, 517, 518, 508, 518, 519, 508, 508, 519, 507, 519, 520, 507, 507, 520, 506, 506, 520, 505, 520, 521, 505, 505, 521, 522, 521, 523, 522, 523, 503, 522, 503, 504, 522, 522, 504, 505, 503, 500, 502, 513, 463, 462, 523, 521, 524, 521, 520, 524, 524, 520, 525, 520, 526, 525, 526, 527, 525, 527, 528, 525, 525, 528, 524, 528, 523, 524, 520, 519, 526, 519, 518, 526, 526, 518, 529, 518, 517, 529, 529, 517, 530, 530, 517, 531, 517, 516, 531, 516, 515, 531, 531, 515, 532, 515, 514, 532, 514, 533, 532, 533, 534, 532, 532, 534, 531, 534, 535, 531, 535, 536, 531, 531, 536, 530, 536, 537, 530, 530, 537, 529, 529, 537, 526, 537, 538, 526, 526, 538, 527, 538, 539, 527, 527, 539, 528, 539, 538, 540, 538, 537, 540, 540, 537, 541, 541, 537, 542, 537, 536, 542, 536, 535, 542, 542, 535, 543, 535, 534, 543, 534, 544, 543, 544, 545, 543, 543, 545, 542, 545, 546, 542, 546, 547, 542, 542, 547, 541, 547, 548, 541, 541, 548, 540, 540, 548, 539, 548, 549, 539, 549, 550, 539, 539, 550, 551, 550, 552, 551, 552, 553, 551, 551, 553, 528, 553, 554, 528, 528, 554, 523, 554, 555, 523, 523, 555, 556, 555, 500, 556, 500, 503, 556, 556, 503, 523, 539, 551, 528, 555, 554, 553, 555, 557, 500, 500, 557, 501, 557, 558, 501, 501, 558, 497, 558, 559, 497, 497, 559, 496, 559, 560, 496, 496, 560, 282, 282, 560, 561, 561, 560, 285, 560, 562, 285, 285, 562, 161, 562, 563, 161, 563, 564, 161, 161, 564, 162, 162, 564, 565, 564, 566, 565, 565, 566, 567, 566, 568, 567, 567, 568, 569, 569, 568, 570, 570, 568, 571, 568, 566, 571, 571, 566, 564, 567, 569, 572, 572, 569, 164, 569, 573, 164, 164, 573, 165, 573, 569, 574, 574, 569, 575, 569, 570, 575, 575, 570, 576, 570, 571, 576, 573, 574, 577, 577, 574, 578, 578, 574, 579, 574, 575, 579, 579, 575, 580, 575, 576, 580, 573, 577, 165, 577, 581, 165, 165, 581, 168, 168, 581, 582, 581, 583, 582, 583, 584, 582, 582, 584, 170, 584, 585, 170, 170, 585, 586, 586, 585, 587, 585, 588, 587, 587, 588, 589, 588, 590, 589, 590, 591, 589, 591, 592, 589, 592, 593, 589, 589, 593, 587, 590, 588, 594, 588, 585, 594, 594, 585, 595, 595, 585, 596, 585, 584, 596, 584, 583, 596, 596, 583, 597, 583, 598, 597, 597, 598, 599, 598, 578, 599, 599, 578, 600, 578, 579, 600, 600, 579, 601, 579, 580, 601, 601, 580, 602, 580, 576, 602, 576, 603, 602, 603, 604, 602, 602, 604, 601, 604, 605, 601, 605, 606, 601, 606, 607, 601, 601, 607, 600, 607, 608, 600, 600, 608, 599, 608, 609, 599, 599, 609, 597, 597, 609, 596, 609, 610, 596, 610, 611, 596, 596, 611, 595, 595, 611, 594, 611, 612, 594, 612, 613, 594, 594, 613, 590, 613, 614, 590, 590, 614, 591, 614, 615, 591, 591, 615, 592, 592, 615, 177, 177, 615, 616, 615, 617, 616, 617, 618, 616, 616, 618, 183, 183, 618, 619, 619, 618, 620, 620, 618, 621, 618, 617, 621, 621, 617, 614, 617, 615, 614, 583, 581, 598, 581, 577, 598, 598, 577, 578, 614, 613, 621, 621, 613, 622, 613, 612, 622, 622, 623, 621, 621, 623, 620, 623, 624, 620, 620, 624, 619, 619, 624, 625, 625, 624, 626, 624, 627, 626, 627, 628, 626, 626, 628, 629, 629, 628, 630, 628, 631, 630, 630, 631, 632, 631, 633, 632, 632, 633, 634, 633, 635, 634, 634, 635, 636, 635, 637, 636, 637, 638, 636, 638, 639, 636, 636, 639, 634, 634, 639, 640, 640, 639, 641, 641, 639, 642, 642, 639, 514, 514, 639, 533, 639, 638, 533, 533, 638, 534, 638, 637, 534, 534, 637, 544, 637, 643, 544, 544, 643, 545, 644, 630, 632, 633, 631, 645, 631, 628, 645, 633, 645, 635, 635, 645, 637, 645, 646, 637, 637, 646, 643, 646, 647, 643, 643, 647, 545, 647, 646, 648, 646, 645, 648, 648, 645, 649, 645, 628, 649, 649, 628, 650, 628, 627, 650, 627, 624, 650, 650, 624, 651, 624, 623, 651, 651, 623, 652, 623, 622, 652, 652, 622, 653, 622, 612, 653, 612, 611, 653, 653, 611, 654, 654, 611, 655, 611, 610, 655, 610, 609, 655, 655, 609, 656, 609, 608, 656, 656, 608, 657, 608, 607, 657, 607, 606, 657, 657, 606, 658, 606, 605, 658, 658, 605, 659, 605, 604, 659, 659, 604, 660, 604, 661, 660, 661, 662, 660, 660, 662, 663, 662, 552, 663, 552, 550, 663, 550, 549, 663, 663, 549, 664, 549, 548, 664, 548, 665, 664, 664, 665, 658, 665, 666, 658, 658, 666, 657, 660, 663, 659, 659, 663, 658, 663, 664, 658, 666, 665, 667, 665, 548, 667, 548, 547, 667, 547, 546, 667, 667, 546, 668, 546, 545, 668, 668, 545, 669, 545, 647, 669, 669, 647, 670, 670, 647, 671, 671, 647, 672, 647, 648, 672, 648, 649, 672, 649, 650, 672, 650, 651, 672, 651, 652, 672, 672, 652, 673, 652, 653, 673, 673, 653, 674, 653, 654, 674, 672, 673, 671, 673, 674, 671, 671, 674, 670, 674, 675, 670, 670, 675, 669, 669, 675, 668, 675, 667, 668, 654, 655, 674, 655, 676, 674, 674, 676, 675, 676, 677, 675, 675, 677, 678, 677, 657, 678, 657, 666, 678, 666, 667, 678, 678, 667, 675, 676, 655, 677, 655, 656, 677, 677, 656, 657, 679, 681, 680, 680, 681, 682, 681, 683, 682, 683, 684, 682, 684, 685, 682, 685, 686, 682, 682, 686, 680, 686, 687, 680, 680, 687, 679, 679, 687, 688, 687, 689, 688, 688, 689, 690, 689, 691, 690, 691, 692, 690, 690, 692, 688, 692, 693, 688, 693, 694, 688, 688, 694, 679, 694, 695, 679, 679, 695, 696, 695, 697, 696, 696, 697, 681, 681, 697, 683, 697, 698, 683, 683, 698, 684, 686, 689, 687, 681, 679, 696, 698, 697, 699, 697, 695, 699, 699, 695, 700, 695, 694, 700, 700, 694, 701, 694, 693, 701, 701, 693, 702, 702, 693, 703, 693, 692, 703, 703, 692, 704, 692, 691, 704, 704, 691, 705, 705, 691, 706, 691, 689, 706, 706, 689, 707, 689, 708, 707, 707, 708, 709, 708, 686, 709, 709, 686, 710, 686, 685, 710, 710, 685, 711, 711, 685, 712, 685, 684, 712, 712, 684, 713, 684, 698, 713, 713, 698, 714, 714, 698, 715, 698, 716, 715, 715, 716, 717, 717, 716, 718, 716, 699, 718, 718, 699, 719, 699, 700, 719, 719, 700, 720, 700, 701, 720, 686, 708, 689, 699, 716, 698, 720, 721, 719, 719, 721, 718, 721, 722, 718, 722, 723, 718, 718, 723, 717, 723, 724, 717, 724, 725, 717, 717, 725, 715, 715, 725, 714, 725, 726, 714, 714, 726, 713, 726, 727, 713, 713, 727, 712, 727, 728, 712, 712, 728, 711, 720, 729, 721, 721, 729, 722, 728, 727, 730, 730, 727, 731, 727, 726, 731, 731, 726, 732, 726, 725, 732, 732, 725, 641, 641, 725, 640, 725, 724, 640, 640, 724, 634, 724, 733, 634, 634, 733, 632, 733, 734, 632, 632, 734, 644, 734, 735, 644, 644, 735, 190, 190, 735, 736, 735, 729, 736, 736, 729, 737, 729, 720, 737, 724, 723, 733, 733, 723, 734, 723, 722, 734, 734, 722, 735, 722, 729, 735, 736, 737, 738, 738, 737, 194, 737, 739, 194, 194, 739, 740, 739, 741, 740, 740, 741, 742, 741, 702, 742, 742, 702, 703, 737, 720, 739, 739, 720, 741, 720, 701, 741, 741, 701, 702, 194, 740, 197, 197, 740, 743, 740, 742, 743, 197, 743, 199, 199, 743, 201, 201, 743, 744, 743, 745, 744, 744, 745, 205, 205, 745, 746, 745, 747, 746, 746, 747, 748, 748, 747, 703, 747, 749, 703, 703, 749, 742, 742, 749, 743, 743, 749, 745, 749, 747, 745, 746, 748, 207, 207, 748, 209, 748, 750, 209, 209, 750, 751, 750, 748, 751, 751, 748, 704, 748, 703, 704, 209, 751, 752, 751, 705, 752, 752, 705, 213, 213, 705, 214, 705, 753, 214, 214, 753, 754, 753, 706, 754, 706, 707, 754, 754, 707, 755, 755, 707, 756, 707, 709, 756, 756, 709, 757, 709, 710, 757, 710, 711, 757, 757, 711, 758, 711, 728, 758, 758, 728, 759, 728, 730, 759, 759, 730, 461, 461, 730, 462, 730, 731, 462, 462, 731, 513, 731, 732, 513, 513, 732, 642, 732, 641, 642, 705, 751, 704, 706, 753, 705, 214, 754, 760, 754, 755, 760, 760, 755, 218, 514, 513, 642, 461, 459, 759, 459, 761, 759, 761, 762, 759, 759, 762, 758, 762, 763, 758, 758, 763, 757, 763, 764, 757, 757, 764, 756, 764, 765, 756, 756, 765, 755, 755, 765, 218, 218, 765, 766, 765, 767, 766, 766, 767, 768, 459, 458, 761, 765, 764, 767, 767, 764, 769, 764, 763, 769, 763, 762, 769, 769, 762, 770, 762, 761, 770, 770, 761, 771, 761, 458, 771, 771, 458, 772, 458, 419, 772, 419, 420, 772, 420, 773, 772, 772, 773, 771, 771, 773, 770, 773, 774, 770, 770, 774, 769, 769, 774, 767, 767, 774, 768, 768, 774, 775, 774, 773, 775, 775, 773, 222, 222, 773, 776, 773, 420, 776, 776, 420, 225, 195, 196, 777, 777, 196, 778, 196, 198, 778, 778, 198, 779, 198, 200, 779, 779, 200, 780, 200, 202, 780, 195, 777, 193, 777, 781, 193, 193, 781, 192, 781, 782, 192, 192, 782, 191, 782, 783, 191, 783, 784, 191, 191, 784, 186, 784, 785, 186, 186, 785, 185, 782, 781, 786, 786, 781, 777, 782, 786, 783, 783, 786, 787, 787, 786, 788, 788, 786, 789, 789, 786, 790, 786, 777, 790, 790, 777, 791, 777, 778, 791, 791, 778, 792, 778, 779, 792, 792, 779, 793, 779, 780, 793, 793, 780, 794, 780, 202, 794, 794, 202, 795, 202, 203, 795, 203, 204, 795, 795, 204, 796, 796, 204, 797, 204, 206, 797, 797, 206, 798, 206, 208, 798, 798, 208, 799, 208, 210, 799, 799, 210, 800, 210, 211, 800, 211, 212, 800, 212, 235, 800, 800, 235, 801, 235, 237, 801, 783, 787, 784, 787, 785, 784, 801, 802, 800, 800, 802, 799, 802, 803, 799, 799, 803, 798, 803, 804, 798, 798, 804, 797, 797, 804, 796, 804, 805, 796, 796, 805, 795, 805, 806, 795, 795, 806, 807, 807, 806, 808, 808, 806, 809, 806, 805, 809, 809, 805, 804, 795, 807, 794, 794, 807, 793, 807, 810, 793, 793, 810, 811, 811, 810, 812, 810, 807, 812, 812, 807, 813, 807, 808, 813, 813, 808, 814, 808, 809, 814, 793, 811, 792, 811, 815, 792, 792, 815, 791, 791, 815, 790, 790, 815, 789, 815, 816, 789, 789, 816, 788, 816, 817, 788, 788, 817, 787, 787, 817, 818, 818, 817, 819, 817, 816, 819, 811, 812, 820, 820, 812, 821, 812, 813, 821, 821, 813, 822, 813, 814, 822, 815, 811, 820, 787, 818, 823, 823, 818, 824, 818, 819, 824, 787, 823, 785, 785, 823, 185, 185, 823, 184, 184, 823, 181, 823, 825, 181, 181, 825, 182, 825, 826, 182, 182, 826, 180, 826, 827, 180, 180, 827, 828, 828, 827, 829, 827, 826, 829, 823, 824, 825, 825, 824, 826, 824, 819, 826, 828, 830, 180, 180, 830, 174, 830, 831, 174, 174, 831, 173, 173, 831, 172, 831, 832, 172, 832, 833, 172, 172, 833, 171, 833, 834, 171, 171, 834, 169, 169, 834, 167, 834, 835, 167, 167, 835, 166, 166, 835, 179, 835, 836, 179, 179, 836, 155, 831, 830, 828, 836, 835, 837, 835, 834, 837, 834, 838, 837, 838, 839, 837, 837, 839, 836, 839, 840, 836, 836, 840, 155, 155, 840, 154, 154, 840, 131, 840, 841, 131, 131, 841, 130, 841, 842, 130, 130, 842, 843, 842, 844, 843, 844, 845, 843, 843, 845, 129, 845, 846, 129, 129, 846, 128, 840, 839, 841, 841, 839, 842, 839, 844, 842, 130, 843, 129, 846, 845, 847, 847, 845, 844, 847, 848, 846, 846, 848, 128, 848, 849, 128, 128, 849, 127, 849, 850, 127, 127, 850, 851, 850, 852, 851, 852, 853, 851, 851, 853, 56, 853, 854, 56, 56, 854, 50, 127, 851, 56, 849, 848, 855, 848, 847, 855, 849, 855, 850, 855, 852, 850, 854, 853, 856, 853, 852, 856, 856, 857, 854, 854, 857, 50, 857, 858, 50, 50, 858, 12, 858, 859, 12, 12, 859, 11, 859, 858, 860, 858, 857, 860, 857, 856, 860, 860, 856, 861, 861, 856, 862, 862, 856, 863, 856, 852, 863, 863, 852, 864, 864, 852, 865, 852, 855, 865, 865, 855, 866, 866, 855, 867, 855, 847, 867, 867, 847, 868, 868, 847, 869, 847, 844, 869, 869, 844, 870, 844, 871, 870, 870, 871, 872, 871, 838, 872, 838, 834, 872, 834, 833, 872, 833, 832, 872, 872, 832, 873, 832, 831, 873, 873, 831, 874, 831, 828, 874, 844, 839, 871, 839, 838, 871, 874, 875, 873, 873, 875, 872, 872, 875, 870, 870, 875, 869, 869, 875, 868, 875, 876, 868, 868, 876, 867, 867, 876, 866, 876, 877, 866, 866, 877, 865, 865, 877, 864, 877, 878, 864, 864, 878, 863, 863, 878, 862, 878, 879, 862, 862, 879, 861, 879, 880, 861, 861, 880, 860, 880, 881, 860, 881, 882, 860, 860, 882, 859, 859, 882, 11, 882, 883, 11, 11, 883, 9, 879, 822, 880, 880, 822, 881, 822, 814, 881, 881, 814, 884, 814, 809, 884, 884, 809, 885, 885, 809, 886, 809, 804, 886, 886, 804, 887, 804, 803, 887, 887, 803, 888, 803, 802, 888, 888, 802, 889, 802, 801, 889, 889, 801, 890, 801, 237, 890, 890, 237, 891, 237, 236, 891, 236, 238, 891, 238, 254, 891, 254, 255, 891, 891, 255, 359, 255, 256, 359, 881, 884, 882, 882, 884, 883, 884, 885, 883, 359, 358, 891, 891, 358, 890, 890, 358, 889, 358, 892, 889, 889, 892, 893, 892, 352, 893, 352, 10, 893, 10, 894, 893, 893, 894, 888, 888, 894, 887, 887, 894, 886, 886, 894, 885, 885, 894, 883, 883, 894, 9, 894, 10, 9, 352, 892, 358, 893, 888, 889, 604, 603, 895, 603, 896, 895, 895, 896, 897, 897, 896, 898, 896, 899, 898, 898, 899, 571, 571, 899, 576, 899, 896, 576, 576, 896, 603, 898, 571, 900, 571, 564, 900, 900, 564, 901, 564, 563, 901, 901, 563, 902, 563, 562, 902, 562, 560, 902, 902, 560, 903, 560, 559, 903, 559, 558, 903, 903, 558, 904, 558, 905, 904, 905, 906, 904, 906, 902, 904, 904, 902, 903, 905, 558, 907, 558, 557, 907, 557, 555, 907, 907, 555, 908, 555, 553, 908, 908, 553, 909, 553, 552, 909, 552, 662, 909, 909, 662, 910, 662, 661, 910, 910, 661, 911, 911, 661, 895, 661, 604, 895, 907, 908, 905, 908, 909, 905, 909, 910, 905, 905, 910, 912, 910, 911, 912, 912, 911, 913, 911, 897, 913, 897, 898, 913, 898, 900, 913, 900, 901, 913, 901, 902, 913, 902, 906, 913, 913, 906, 912, 906, 905, 912, 911, 895, 897, 875, 874, 914, 874, 828, 914, 914, 828, 915, 828, 829, 915, 915, 829, 916, 829, 917, 916, 916, 917, 877, 917, 918, 877, 877, 918, 878, 875, 914, 876, 914, 915, 876, 915, 916, 876, 876, 916, 877, 918, 917, 919, 919, 917, 829, 919, 920, 918, 918, 920, 878, 920, 921, 878, 878, 921, 879, 921, 922, 879, 879, 922, 821, 821, 922, 820, 922, 923, 820, 820, 923, 924, 923, 816, 924, 816, 815, 924, 924, 815, 820, 922, 921, 923, 921, 920, 923, 920, 919, 923, 923, 919, 925, 919, 819, 925, 819, 816, 925, 925, 816, 923, 879, 821, 822, 919, 926, 819, 819, 926, 826, 826, 926, 829, 926, 919, 829, 483, 484, 927, 484, 928, 927, 927, 928, 929, 928, 487, 929, 929, 487, 930, 487, 276, 930, 484, 487, 928, 483, 927, 443, 443, 927, 442, 442, 927, 270, 270, 927, 931, 927, 929, 931]
                rel material:binding = </root/Looks/M_Orange002> (
                    bindMaterialAs = "weakerThanDescendants"
                )
                point3f[] points = [(0.023783643, 0.0093291765, 0.02545939), (0.022467371, 0.012352967, 0.024865707), (0.022098817, 0.009676852, 0.028868986), (0.020545619, 0.013592074, 0.02723772), (0.017992053, 0.015301411, 0.029186709), (0.019492602, 0.015896004, 0.025691781), (0.02138803, 0.014632385, 0.023510402), (0.023809966, 0.0114606265, 0.021815592), (0.018571211, 0.013170869, 0.030881518), (0.018544888, 0.011113855, 0.032659844), (0.021203754, 0.008164504, 0.031199235), (0.015413072, 0.015128026, 0.032257702), (0.0150971655, 0.017060673, 0.030394042), (0.017045246, 0.017408349, 0.027195962), (0.01599223, 0.019117685, 0.024865711), (0.018334283, 0.017680684, 0.023785459), (0.017282175, 0.018994233, 0.021624962), (0.019176695, 0.017581737, 0.020206114), (0.017756032, 0.018869868, 0.018723723), (0.019887483, 0.016912708, 0.01774968), (0.020256039, 0.016391648, 0.021900924), (0.021361707, 0.015474797, 0.019211194), (0.02265165, 0.013715534, 0.020693587), (0.023072857, 0.012848612, 0.017686136), (0.024231175, 0.010568286, 0.018660175), (0.024204848, 0.0097758025, 0.015525638), (0.02294123, 0.012030709, 0.014720442), (0.014412708, 0.018919794, 0.02821267), (0.025257867, 0.007223145, 0.01603399), (0.025310514, 0.00791759, 0.019211194), (0.024862986, 0.008586619, 0.022430155), (0.025336843, 0.0051915497, 0.025480267), (0.026152927, 0.00521606, 0.022514576), (0.026337208, 0.0048938016, 0.019295616), (0.026126605, 0.004373648, 0.016161075), (0.025547443, 0.0037545478, 0.013280716), (0.024599731, 0.0064306604, 0.013090083), (0.023599366, 0.008834442, 0.012581732), (0.022309419, 0.011039423, 0.0118827475), (0.021177428, 0.013987867, 0.013640193), (0.021572309, 0.01475675, 0.016415253), (0.01962423, 0.016540522, 0.015080831), (0.017308502, 0.018299786, 0.014254758), (0.018018378, 0.018523097, 0.016880943), (0.01565, 0.020034539, 0.016753856), (0.016413435, 0.01971228, 0.01927474), (0.014123126, 0.021323575, 0.019634219), (0.015018189, 0.020431235, 0.022303067), (0.012675229, 0.02184373, 0.023108263), (0.013570292, 0.02050567, 0.02571357), (0.011674864, 0.020084463, 0.029207585), (0.019018745, 0.015896006, 0.012348435), (0.010937752, 0.02152147, 0.026835578), (0.010095338, 0.022909451, 0.024442688), (0.009068648, 0.023800885, 0.021879138), (0.0071468935, 0.023454117, 0.025797991), (0.007962982, 0.022215005, 0.02821267), (0.011727514, 0.022710651, 0.020481167), (0.013254388, 0.02176929, 0.016923608), (0.014833913, 0.019935593, 0.014085004), (0.013965174, 0.019464457, 0.011395275), (0.016545063, 0.017705195, 0.0116067855), (0.015544699, 0.016738418, 0.009023265), (0.018307958, 0.014979156, 0.009700462), (0.012306673, 0.021744784, 0.014232972), (0.0128595065, 0.01847317, 0.00887439), (0.014491682, 0.015351342, 0.006608591), (0.011780165, 0.017160533, 0.006417959), (0.010174315, 0.020455746, 0.008980601), (0.011279982, 0.02124914, 0.011585908), (0.0097004585, 0.023429606, 0.015165254), (0.008621117, 0.02308284, 0.012411981), (0.007462799, 0.022240426, 0.009658706), (0.0062781544, 0.020876952, 0.006968977), (0.004724956, 0.023280734, 0.010611868), (0.005856949, 0.024123147, 0.0135557735), (0.009068648, 0.0191422, 0.0065023815), (0.010516547, 0.01550022, 0.004130371), (0.007778703, 0.017382938, 0.004193916), (0.0049882103, 0.01889438, 0.0045543015), (0.0022512756, 0.019811228, 0.005147077), (0.003540313, 0.01634263, 0.0024991047), (0.0062781544, 0.015103521, 0.0022240493), (0.003540313, 0.02189275, 0.007730598), (0.0020933233, 0.023925254, 0.01145882), (0.0009086801, 0.022363884, 0.008599336), (-0.00035493946, 0.020282364, 0.0059522716), (-0.0017765114, 0.017507302, 0.0037917728), (-0.002829528, 0.020703567, 0.0068418887), (-0.0015922335, 0.02276058, 0.009446288), (0.00080337847, 0.017036168, 0.0030501226), (0.00188272, 0.013170874, 0.0008896235), (-0.0008814475, 0.013740047, 0.0013770973), (-0.0035403138, 0.0144099835, 0.0022031702), (-0.006014902, 0.015673602, 0.0033251771), (-0.0055410443, 0.011906346, 0.0013770971), (-0.0026715752, 0.010444832, 0.00067811215), (-0.0042510997, 0.018126402, 0.004723147), (-0.005172489, 0.02119921, 0.007879472), (-0.003987846, 0.023008402, 0.01039945), (-0.00051289186, 0.024148565, 0.012305771), (0.0004084973, 0.02489112, 0.015335008), (0.003171757, 0.024767663, 0.014529811), (0.004119472, 0.025138943, 0.01755905), (0.006936291, 0.02454435, 0.016436135), (0.007989307, 0.024346458, 0.019232076), (0.010700824, 0.023256222, 0.017834105), (-0.0066730375, 0.018944304, 0.006036694), (0.0050935117, 0.025039997, 0.02046029), (0.0012509103, 0.025362255, 0.018385123), (-0.002381996, 0.024965558, 0.016012205), (-0.0031191073, 0.024247512, 0.013131843), (-0.0058042984, 0.024197582, 0.014042339), (-0.0062781563, 0.02308284, 0.01156503), (-0.0071995454, 0.021670345, 0.009298321), (-0.008910696, 0.021769293, 0.010505659), (-0.008884371, 0.019836646, 0.007857686), (-0.0053830924, 0.024916539, 0.016732976), (-0.008594791, 0.02427202, 0.017452842), (-0.008779069, 0.023652919, 0.014847533), (-0.008779069, 0.022859527, 0.012411981), (-0.0049355603, 0.025114434, 0.01950713), (-0.0017238606, 0.025263308, 0.0189779), (-0.0010394, 0.025089923, 0.021921802), (0.0021196487, 0.02521338, 0.021370789), (0.0031191062, 0.02474315, 0.024188511), (0.0061728535, 0.024420895, 0.023192685), (0.0039878446, 0.023751866, 0.026772033), (-0.00027596325, 0.024668714, 0.024696864), (-0.0043827267, 0.02489112, 0.022323946), (-0.008226236, 0.024321947, 0.020206114), (-0.0116485385, 0.022958472, 0.0180674), (-0.011622213, 0.02246283, 0.015271463), (-0.011279982, 0.021694858, 0.012602611), (-0.010411244, 0.020753495, 0.010124394), (-0.010779801, 0.018101892, 0.007286697), (-0.008515815, 0.01698624, 0.0050408673), (-0.010700824, 0.015103521, 0.0046813893), (-0.00825256, 0.0136410985, 0.0027324015), (-0.010595522, 0.011510557, 0.0027115224), (-0.007962982, 0.009775805, 0.0012708873), (-0.012885833, 0.009354597, 0.00252089), (-0.012964808, 0.013096435, 0.0046387236), (-0.015254212, 0.010989496, 0.0044480907), (-0.015096258, 0.014483512, 0.0070325206), (-0.012912158, 0.016391648, 0.0070742774), (-0.014675052, 0.017581739, 0.009806673), (-0.012490951, 0.019216636, 0.0098910965), (-0.013569386, 0.020207925, 0.0126661565), (-0.01686006, 0.01569811, 0.009785794), (-0.015859693, 0.018523099, 0.012729701), (-0.018176332, 0.016565032, 0.012729701), (-0.016596807, 0.019117687, 0.01573715), (-0.014095892, 0.020852441, 0.015589182), (-0.014385473, 0.021273648, 0.018533088), (-0.016939037, 0.019341001, 0.018766386), (-0.018966094, 0.017060675, 0.015758028), (-0.021203753, 0.014706821, 0.015589181), (-0.020308688, 0.014261108, 0.01262349), (-0.018939769, 0.013517641, 0.009658705), (-0.017228616, 0.0123529695, 0.0069263102), (-0.017070664, 0.0084123295, 0.0043845465), (-0.019071396, 0.009800314, 0.006820101), (-0.021572309, 0.014682312, 0.018639296), (-0.023415085, 0.011980781, 0.018406), (-0.023257133, 0.011807396, 0.02151966), (-0.02151966, 0.014459001, 0.021731168), (-0.021177426, 0.014062302, 0.024887497), (-0.022809602, 0.011436115, 0.02461153), (-0.020335015, 0.013368764, 0.027873162), (-0.02065092, 0.010147079, 0.030648218), (-0.01915037, 0.012600788, 0.03075443), (-0.017649822, 0.011708447, 0.033485916), (-0.015886022, 0.0106926495, 0.035879716), (-0.013937941, 0.009576997, 0.037976664), (-0.012043418, 0.008214429, 0.039861202), (-0.010332268, 0.006356219, 0.04117475), (-0.01175384, 0.004744923, 0.040984113), (-0.019413626, 0.017160531, 0.018808143), (-0.019439949, 0.016912708, 0.021815594), (-0.010542871, 0.00999911, 0.039670568), (-0.008989672, 0.0042992067, 0.042043485), (-0.008779069, 0.008090972, 0.041111205), (-0.010516546, 0.0009785752, 0.041852854), (-0.008094608, 0.002267612, 0.04263626), (-0.0074891243, 0.00018608979, 0.04276335), (-0.0071995454, -0.0018954322, 0.04265714), (-0.0070942435, -0.0039025175, 0.042191453), (-0.006936291, -0.0057371254, 0.041725766), (-0.0039351946, -0.00472042, 0.04200082), (-0.0037772423, -0.006058477, 0.04189461), (-0.0038562184, -0.002912138, 0.04265714), (-0.0009604237, -0.0028622102, 0.042402964), (0.0015668153, -0.0010530193, 0.042339418), (0.0038825427, -0.001300841, 0.04058197), (0.0031980826, 0.00028503718, 0.041195627), (0.004382726, 0.0010530128, 0.040687274), (0.0048039327, -0.00008714929, 0.03998829), (0.0056726704, 0.0016975311, 0.04072994), (0.0061728535, 0.0005573691, 0.04017892), (0.006778338, 0.0022676121, 0.040899694), (0.0075417743, 0.0014987291, 0.040264253), (0.008357863, 0.0032834096, 0.04017892), (0.00917395, 0.002911223, 0.03914134), (0.00985841, 0.002713329, 0.038696527), (0.008910696, 0.0002605277, 0.03886628), (0.010569197, 0.0024900169, 0.038548563), (0.0098847365, -0.0003839906, 0.03833705), (0.011569561, 0.0018209885, 0.038400594), (0.010516547, -0.00095407176, 0.038505893), (0.012622579, 0.0006072969, 0.038103756), (0.013517641, -0.0011029465, 0.03801933), (0.014123126, -0.0031599586, 0.037638064), (0.011938117, -0.004076808, 0.038230844), (0.012490951, -0.0063062985, 0.03791312), (0.014570658, -0.005439375, 0.037362102), (0.014939215, -0.007867667, 0.036896415), (0.015413072, -0.010246938, 0.035879713), (0.013464991, -0.011361683, 0.036154766), (0.015965905, -0.012377481, 0.034397315), (0.016545063, -0.014236596, 0.032638963), (0.017097896, -0.01592142, 0.030669091), (0.015176142, -0.01904325, 0.028975192), (0.017387478, -0.017333915, 0.028381506), (0.017387478, -0.018523097, 0.026009496), (0.014807588, -0.02087695, 0.02435735), (0.018834468, -0.01775512, 0.022874957), (0.019281998, -0.016713906, 0.025353177), (0.019360974, -0.015475704, 0.027767854), (0.019150373, -0.014211177, 0.03007632), (0.018597538, -0.012699737, 0.032067064), (0.018018378, -0.011089349, 0.033867173), (0.017361151, -0.009106775, 0.03518072), (0.01696627, -0.0069017974, 0.036049467), (0.016703015, -0.0045470344, 0.03636719), (0.016439764, -0.0022176905, 0.036769327), (0.018834468, -0.003803569, 0.035053637), (0.018729163, -0.0014497149, 0.03541402), (0.018887116, -0.0060094553, 0.034799464), (0.019229349, -0.008016541, 0.0341849), (0.019966459, -0.009751294, 0.032893132), (0.02065092, -0.011039421, 0.031050358), (0.021203754, -0.012254022, 0.028996069), (0.02151966, -0.013319747, 0.026687603), (0.021072127, -0.01475675, 0.024527106), (0.020335017, -0.016044876, 0.022175971), (0.021809239, -0.014484415, 0.021265479), (0.022993881, -0.012476424, 0.022832295), (0.024178524, -0.010841526, 0.020375863), (0.023836294, -0.010271446, 0.024506228), (0.023494061, -0.009330086, 0.027343925), (0.022493698, -0.008710078, 0.029758595), (0.021493332, -0.007867666, 0.031855553), (0.020545619, -0.0071741277, 0.03310465), (0.020808872, -0.0055138124, 0.033380613), (0.022441046, -0.0056871963, 0.03141075), (0.023783643, -0.0060339654, 0.029016951), (0.024862986, -0.0062318584, 0.026390765), (0.025573771, -0.0059595266, 0.023785453), (0.026047628, -0.0054393727, 0.020968638), (0.025231542, -0.008363307, 0.020905092), (0.0243628, -0.009999114, 0.01738929), (0.022888577, -0.0130719235, 0.019359158), (0.023994246, -0.009503468, 0.014445384), (0.022993881, -0.009106771, 0.011606781), (0.019992784, -0.010519265, 0.008387821), (0.021467008, -0.008387816, 0.008832629), (0.019492602, -0.0071741235, 0.0061428994), (0.017334824, -0.005836067, 0.0037491033), (0.015939578, -0.008413232, 0.003367839), (0.013464991, -0.0074963816, 0.0016948145), (0.014965539, -0.0046459767, 0.00196987), (0.012280348, -0.003581159, 0.0008896208), (0.009331903, -0.0025399437, 0.00033951082), (0.0062255044, -0.0014497092, 0.000275967), (0.0033297096, -0.00023510984, 0.0007843197), (0.0015404897, -0.0030600973, 0.0008687421), (0.00069807674, 0.0009295622, 0.0007843199), (-0.0019081385, 0.0021931815, 0.0005719014), (-0.0036456154, -0.0005827866, 0.0005510222), (-0.0045933295, 0.0037790602, 0.00038126943), (-0.0063308063, 0.0011519665, 0.0002541809), (-0.0091476245, 0.003060104, 0.00036039058), (-0.0073574972, 0.0056372704, 0.00048747912), (-0.010200641, 0.0075208973, 0.0011864643), (-0.014675052, 0.0068019414, 0.00241468), (-0.0050935126, 0.007942105, 0.0005936889), (-0.0023556703, 0.0063062985, 0.0003395123), (0.00022421948, 0.0050671897, 0.00023330277), (-0.0000127091935, 0.009478055, 0.00023330346), (0.0026978997, 0.004026882, 0.00021242382), (0.005040861, 0.0027632625, 0.0001906371), (0.00493556, 0.007520898, 0.00006354971), (0.0025136222, 0.008660152, 5.828847e-9), (0.004514353, 0.012204096, 0.0006989912), (0.0070679183, 0.010767092, 0.00082607905), (0.008937022, 0.013368769, 0.0023084718), (0.009595157, 0.009205723, 0.00095316704), (0.011622213, 0.011658523, 0.0024573463), (0.013254388, 0.013691027, 0.004341882), (0.014202102, 0.009999116, 0.0028386104), (0.015939578, 0.011931763, 0.0049564443), (0.017229525, 0.013691025, 0.0072649103), (0.019597901, 0.011782887, 0.008238948), (0.020624595, 0.013046507, 0.010866042), (0.021256404, 0.009775803, 0.009150352), (0.018176332, 0.01019701, 0.0058669387), (0.016413435, 0.008288873, 0.003558473), (0.014149451, 0.006058476, 0.0017583605), (0.011938117, 0.0076198447, 0.0012500084), (0.009489856, 0.0046459828, 0.00031772553), (0.007278521, 0.0061329133, 0.00012709356), (0.007594426, 0.0014987356, 0.00031772503), (0.010542871, 0.00038399105, 0.0006354452), (0.019992784, 0.008313383, 0.006565924), (0.018202657, 0.0064796824, 0.004405425), (0.011938117, 0.0033324359, 0.00088962197), (0.016308134, 0.0044235783, 0.0026261907), (0.019887483, 0.004522525, 0.0053585856), (0.021361707, 0.0062572774, 0.0073711183), (0.022572672, 0.00766977, 0.009870215), (0.023730993, 0.005413956, 0.010421233), (0.022677977, 0.0040268805, 0.008154525), (0.021572309, 0.0024655124, 0.0064388346), (0.020492967, 0.0006318121, 0.0054012504), (0.018439583, 0.002614387, 0.0038553139), (0.017255848, 0.00050835544, 0.0028168224), (0.014675961, 0.0020197965, 0.0016094854), (0.013491317, -0.0007062438, 0.001250007), (0.016176509, -0.001969863, 0.0023720134), (0.01846591, -0.0034813047, 0.004236578), (0.019545253, -0.0013262529, 0.0047022654), (0.022625323, -0.0011773786, 0.0074764187), (0.023257134, 0.00050835457, 0.008302491), (0.02352039, 0.0028122808, 0.008980597), (0.024705032, 0.00023511473, 0.010569199), (0.024599731, 0.0028122806, 0.01078071), (0.025863348, 0.00075526786, 0.013047418), (0.025547443, -0.0019698648, 0.012623487), (0.024310151, -0.001895427, 0.009997302), (0.021809239, -0.003110026, 0.006841885), (0.02065092, -0.005092601, 0.0065877084), (0.02265165, -0.0062318565, 0.009192107), (0.023599366, -0.0040513864, 0.009531614), (0.024862986, -0.004423573, 0.012221344), (0.026363533, -0.0019453554, 0.015419425), (0.026600461, 0.0011773816, 0.015864236), (0.026784737, -0.0019453558, 0.018321574), (0.026942693, 0.0014742226, 0.018829927), (0.026916366, 0.0015486595, 0.021837378), (0.026416184, 0.0012763273, 0.024760406), (0.024204848, 0.004968237, 0.028022034), (0.023178156, 0.004051387, 0.03037316), (0.025494795, 0.00070624583, 0.027386593), (0.02644251, -0.0024655105, 0.023912545), (0.025679074, -0.0029121353, 0.026517855), (0.024336478, 0.000086236796, 0.029758597), (0.024494428, -0.003283414, 0.029016951), (0.022783276, -0.0003839895, 0.03179201), (0.02294123, -0.003307925, 0.031389866), (0.02675841, -0.0020942313, 0.021180151), (0.026126605, -0.004968238, 0.01804561), (0.02541582, -0.007644351, 0.01785498), (0.025758047, -0.004695906, 0.015059038), (0.024941958, -0.0071487073, 0.014847528), (0.023994246, -0.0067774286, 0.011946289), (0.009226601, -0.022611702, 0.012284884), (0.010885102, -0.022389296, 0.013978789), (0.008226235, -0.023355167, 0.013682853), (0.008910696, -0.023652919, 0.016647637), (0.0061202026, -0.024445403, 0.016669424), (0.009674133, -0.02360299, 0.017897641), (0.006409782, -0.023975175, 0.013873487), (0.0070679183, -0.022736065, 0.010717162), (0.010121665, -0.021001313, 0.009509825), (0.012254022, -0.021001313, 0.0116921095), (0.012069745, -0.02233937, 0.015843354), (0.010411245, -0.023528552, 0.019359155), (0.006515084, -0.024544349, 0.01855396), (0.0037245909, -0.024668714, 0.015821565), (0.0039878446, -0.024074124, 0.012835904), (0.0044353767, -0.022810502, 0.009806666), (0.0051198374, -0.020976802, 0.0069054263), (0.007778703, -0.020902367, 0.007857679), (0.0060938774, -0.018474072, 0.0045325086), (0.008963346, -0.01859753, 0.0056345444), (0.011332634, -0.019117683, 0.0075826254), (0.013464991, -0.019489873, 0.0099764215), (0.014860239, -0.01765617, 0.008747297), (0.015228794, -0.019439945, 0.012623485), (0.013780896, -0.020976802, 0.014042332), (0.0149918655, -0.020976804, 0.016372582), (0.013096436, -0.022363883, 0.017791433), (0.011069379, -0.023231711, 0.021095723), (0.007199545, -0.024544349, 0.02029053), (0.004198448, -0.025015485, 0.020630036), (0.003803567, -0.024966463, 0.018363327), (0.0011982595, -0.025188867, 0.020714458), (0.0010139815, -0.025039993, 0.018172694), (0.0048039327, -0.024916537, 0.02274787), (0.007962982, -0.024296528, 0.022069763), (0.011648538, -0.022736067, 0.023044711), (0.013833546, -0.022165988, 0.019888386), (0.015886929, -0.020703565, 0.018723715), (0.01657139, -0.019390926, 0.015101702), (0.017992053, -0.01768068, 0.014000574), (0.016518738, -0.01770519, 0.0114161465), (0.019360974, -0.015995856, 0.013238046), (0.017861333, -0.015698107, 0.010442109), (0.018913442, -0.017581737, 0.016774727), (0.017519105, -0.019117685, 0.017643467), (0.01657139, -0.020207921, 0.021116605), (0.01438638, -0.021620415, 0.02211243), (0.012122395, -0.02211606, 0.025183422), (0.008673768, -0.023900742, 0.023997871), (0.005435742, -0.024569768, 0.02478128), (0.0015404897, -0.02513985, 0.023086468), (0.0020406726, -0.0248421, 0.025332294), (0.0059622503, -0.02392525, 0.026772026), (0.0091476245, -0.023206295, 0.025988616), (0.012438301, -0.021348083, 0.027364802), (0.01701892, -0.019415436, 0.023553062), (0.018281633, -0.018622043, 0.02029053), (0.019650554, -0.017110603, 0.019634211), (0.020150738, -0.016044876, 0.01620283), (0.021624958, -0.014360052, 0.016161073), (0.021940865, -0.014360052, 0.017982064), (0.020782547, -0.015722618, 0.01910498), (0.023151834, -0.01225402, 0.01664764), (0.020966824, -0.014087718, 0.013322469), (0.01972953, -0.013592074, 0.010569196), (0.016413435, -0.015351336, 0.007815923), (0.022625323, -0.011832813, 0.01387349), (0.021545982, -0.011386188, 0.011098429), (0.018255306, -0.012848609, 0.007815923), (0.016492413, -0.012006195, 0.005295039), (0.014544334, -0.014657799, 0.005571001), (0.0128595065, -0.01706158, 0.0062908637), (0.010253291, -0.016218258, 0.004257455), (0.01209607, -0.013864404, 0.0035793486), (0.014149451, -0.011212802, 0.0033042938), (0.018123679, -0.009429029, 0.0056554256), (0.011490585, -0.010295953, 0.001779237), (0.009200275, -0.012898536, 0.0020542913), (0.007252196, -0.015574648, 0.0028594849), (0.00304013, -0.018349707, 0.0040032775), (0.0020406726, -0.020951387, 0.0064606173), (0.0014351881, -0.022859523, 0.009340979), (0.0011192834, -0.024123143, 0.0124119725), (0.0009876563, -0.02474315, 0.015419421), (-0.002197718, -0.024916537, 0.015376756), (-0.0021713923, -0.025263308, 0.018151816), (-0.002066091, -0.025362251, 0.020735336), (-0.0018291624, -0.025238795, 0.02323534), (-0.0013289795, -0.024990974, 0.025755318), (-0.00069716974, -0.024321947, 0.028149117), (0.0026189236, -0.024197582, 0.027450131), (0.0031980826, -0.023206295, 0.02950442), (0.0063834568, -0.023058329, 0.028826315), (0.003803567, -0.021968093, 0.031516954), (0.000092592454, -0.023330659, 0.030330496), (0.0009350053, -0.021942677, 0.032342117), (-0.0018554876, -0.021620417, 0.03329528), (-0.0029085039, -0.022909451, 0.031177448), (-0.0038562184, -0.023949761, 0.028868983), (-0.0046196557, -0.02459428, 0.026327215), (-0.0053041163, -0.02506541, 0.023764573), (-0.005751648, -0.025214287, 0.021095723), (-0.005856949, -0.025164358, 0.01832157), (-0.0057253223, -0.02481759, 0.015462087), (-0.005409417, -0.024024194, 0.012432852), (-0.002066091, -0.02414856, 0.012369308), (-0.0017501862, -0.022785086, 0.009277436), (-0.0050935126, -0.022537265, 0.009382738), (-0.0011447017, -0.020703563, 0.0063544074), (-0.00009168543, -0.018126396, 0.0037282226), (-0.0031980837, -0.017730609, 0.0036011343), (-0.0015659082, -0.014458995, 0.0015459384), (-0.0061465288, -0.017011652, 0.0036011348), (-0.0043564015, -0.020431232, 0.006397073), (-0.0074364725, -0.019737693, 0.006438831), (0.0014088628, -0.014831182, 0.001779236), (0.004330075, -0.01515344, 0.0020760775), (0.0061991788, -0.01183281, 0.0010802516), (0.0033033842, -0.011039416, 0.00067810866), (0.0003821719, -0.010642721, 0.0004665977), (-0.0024872974, -0.010073547, 0.00027596558), (0.0024355536, -0.0069263, 0.0002968449), (-0.004409052, -0.013765458, 0.0013553064), (-0.0070942435, -0.0125762755, 0.0013344279), (-0.0051198383, -0.009007823, 0.00023330045), (-0.003040131, -0.005340422, 0.00023330106), (-0.0004602411, -0.0062817815, 0.00027596622), (-0.0011183763, -0.0019698627, 0.00069898885), (-0.005330441, -0.003828981, 0.0002333013), (-0.0076997285, -0.0019698625, 0.0001906363), (-0.010463894, -0.000037215286, 0.00016975786), (-0.009674133, -0.005538316, 0.0002759663), (-0.0075417752, -0.0074709635, 0.0001488779), (-0.009647808, -0.010990398, 0.0012708841), (-0.011358959, -0.013938842, 0.0033887164), (-0.012043418, -0.009007823, 0.001291763), (-0.008752744, -0.015673593, 0.0036011348), (-0.010226967, -0.018299783, 0.006248199), (-0.0084105125, -0.021744778, 0.009404524), (-0.008858046, -0.023107344, 0.012454638), (-0.009226601, -0.023925249, 0.015525633), (-0.0093319025, -0.024272017, 0.01866017), (-0.0091476245, -0.024321945, 0.021604074), (-0.008673768, -0.024148563, 0.024506222), (-0.007831355, -0.023627501, 0.027195957), (-0.0069099646, -0.022958472, 0.029758595), (-0.0058042984, -0.021942677, 0.032152396), (-0.0045933295, -0.020703567, 0.034291107), (-0.008568466, -0.020455746, 0.032872256), (-0.009779435, -0.021422524, 0.03050025), (-0.010779801, -0.022041623, 0.027809609), (-0.011674864, -0.022512758, 0.024992792), (-0.012306673, -0.022760576, 0.022048885), (-0.012490951, -0.02268614, 0.018957013), (-0.01238565, -0.022462826, 0.015779808), (-0.012043418, -0.021571396, 0.012602606), (-0.011385283, -0.02018341, 0.009382739), (-0.013990592, -0.0183252, 0.009340981), (-0.014833004, -0.019712275, 0.012687029), (-0.015280536, -0.020481162, 0.01599132), (-0.01538584, -0.020753494, 0.019211188), (-0.017992053, -0.018474076, 0.016139288), (-0.017386569, -0.01773061, 0.0127505725), (-0.015175235, -0.02085244, 0.022366606), (-0.014490775, -0.02062913, 0.025395842), (-0.013569386, -0.020207923, 0.028276207), (-0.012517277, -0.01958882, 0.0310086), (-0.011253657, -0.018622044, 0.03344415), (-0.014990957, -0.017557226, 0.03153783), (-0.0161756, -0.018176327, 0.02874189), (-0.017175965, -0.018597534, 0.025840651), (-0.017886752, -0.018746408, 0.02274787), (-0.018150007, -0.018721899, 0.019507123), (-0.020335015, -0.016268188, 0.016245496), (-0.020413993, -0.016417062, 0.019803962), (-0.02017706, -0.016417062, 0.023277102), (-0.019387301, -0.01624368, 0.02641164), (-0.01836061, -0.01589691, 0.029419998), (-0.017070664, -0.015252393, 0.032173272), (-0.020124411, -0.013294328, 0.029715935), (-0.021230077, -0.013666516, 0.026687603), (-0.02196719, -0.013914334, 0.023362432), (-0.022283096, -0.013988772, 0.019867508), (-0.022177793, -0.013765463, 0.01641525), (-0.021677611, -0.013071923, 0.012983872), (-0.01967688, -0.01552472, 0.012772361), (-0.020729898, -0.0118573215, 0.009827547), (-0.018755492, -0.01436005, 0.009404525), (-0.016465178, -0.016466081, 0.009277436), (-0.015254212, -0.014458996, 0.0061002327), (-0.012780531, -0.016392551, 0.006121111), (-0.013911614, -0.011981686, 0.0033887168), (-0.014043244, -0.0068019363, 0.0016948148), (-0.0118328165, -0.003456794, 0.00048747764), (-0.013306132, 0.001870922, 0.0009749522), (-0.011990769, 0.0049927514, 0.0009958314), (-0.01599132, 0.0036801128, 0.0022667127), (-0.01836061, 0.0053404276, 0.0043001226), (-0.020440316, 0.0067774314, 0.006693011), (-0.020808874, 0.010915965, 0.009509831), (-0.022177793, 0.0078431545, 0.009340985), (-0.022177793, 0.011559574, 0.012348434), (-0.023441412, 0.008462255, 0.012221347), (-0.024283824, 0.0088090245, 0.015207917), (-0.02438913, 0.005488393, 0.012348434), (-0.02323081, 0.0048447833, 0.0094889505), (-0.023020204, 0.011832815, 0.015355884), (-0.024599731, 0.00890797, 0.01827891), (-0.02567907, 0.0059350166, 0.018151822), (-0.025205214, 0.005860579, 0.01518613), (-0.025336843, 0.002713333, 0.01258173), (-0.02454708, 0.008858951, 0.021307241), (-0.025494795, 0.0057616318, 0.021116607), (-0.026337205, 0.0027632597, 0.017791435), (-0.026073951, 0.002911227, 0.015122586), (-0.024125874, 0.008611129, 0.024357356), (-0.02201984, 0.010890544, 0.027725194), (-0.023309786, 0.008214432, 0.027386593), (-0.022098815, 0.0076443497, 0.030351378), (-0.020571943, 0.0069508115, 0.03308377), (-0.019124044, 0.009379102, 0.033380613), (-0.017360244, 0.008486762, 0.035837043), (-0.01880814, 0.0060829804, 0.035498448), (-0.016912712, 0.0052405675, 0.037531856), (-0.017992053, 0.0028122761, 0.037002623), (-0.014885656, 0.004398154, 0.039289303), (-0.013516735, 0.006430656, 0.039670568), (-0.015412163, 0.007595329, 0.037976664), (-0.02007176, 0.0034567951, 0.03477858), (-0.021730263, 0.004150334, 0.03234212), (-0.023178158, 0.0047204155, 0.02967418), (-0.0243628, 0.0052160593, 0.026899116), (-0.025205214, 0.005562829, 0.024018753), (-0.026179252, 0.0021677602, 0.02331977), (-0.026495162, 0.0024410002, 0.020481165), (-0.026758416, -0.0010039955, 0.016796516), (-0.026442511, -0.00063180854, 0.014572475), (-0.025705395, -0.00033496664, 0.0124328565), (-0.025626423, -0.004125824, 0.01289945), (-0.026337205, -0.004770343, 0.0154194245), (-0.026547812, -0.0050426754, 0.018215364), (-0.026942693, -0.0012763278, 0.01935916), (-0.02678474, -0.0014497129, 0.02221864), (-0.02538949, 0.0018954278, 0.026157467), (-0.024283824, 0.0015486584, 0.028953405), (-0.022756953, 0.0011519614, 0.031601377), (-0.020993149, 0.0007552644, 0.034206685), (-0.01880814, 0.00043391256, 0.03662136), (-0.015754392, 0.0022921225, 0.03899337), (-0.01349041, 0.0039025107, 0.040137164), (-0.010674499, 0.0028122754, 0.041725766), (-0.013069201, 0.0021187374, 0.04070906), (-0.013358781, 0.00030954706, 0.040750816), (-0.010463894, -0.0009785821, 0.042043485), (-0.013674686, -0.0016975377, 0.040602848), (-0.016149273, 0.0002106003, 0.038780954), (-0.019492602, -0.0022431079, 0.035943255), (-0.01686006, -0.0020443064, 0.038400594), (-0.013806312, -0.0037291322, 0.04017892), (-0.01049022, -0.002985667, 0.041810192), (-0.010358593, -0.004919222, 0.041365378), (-0.01349041, -0.005761635, 0.039946534), (-0.012754206, -0.007867667, 0.03964969), (-0.009937387, -0.0068763797, 0.04104766), (-0.009252927, -0.008957902, 0.040920567), (-0.011806491, -0.009999117, 0.03931109), (-0.008226236, -0.010940477, 0.04026425), (-0.010727149, -0.012105148, 0.038717404), (-0.009384553, -0.014037794, 0.037849575), (-0.013227155, -0.013195382, 0.03687553), (-0.011780165, -0.0153758535, 0.036197424), (-0.015464814, -0.014335544, 0.034735914), (-0.013595711, -0.016516013, 0.034016054), (-0.009779435, -0.017432865, 0.035561986), (-0.007805029, -0.015945932, 0.03717147), (-0.0057253223, -0.017730614, 0.03666311), (-0.00727852, -0.019291073, 0.03499009), (-0.018597538, -0.012675228, 0.03251187), (-0.006594061, -0.007595335, 0.041662224), (-0.014359147, -0.011014913, 0.03742564), (-0.016728433, -0.011956273, 0.03515984), (-0.020098088, -0.0102215195, 0.032596298), (-0.017913075, -0.009577909, 0.035371356), (-0.01538584, -0.008760007, 0.037722487), (-0.016280903, -0.00655412, 0.03801933), (-0.016912712, -0.0043736505, 0.038103756), (-0.019571578, -0.004943731, 0.03575262), (-0.021703934, -0.00221769, 0.0335077), (-0.02352039, -0.0020443052, 0.030881517), (-0.025020938, -0.0018209928, 0.028106455), (-0.026100276, -0.0016230979, 0.025205212), (-0.026547812, -0.0050181667, 0.021201937), (-0.025442142, -0.008264361, 0.01728308), (-0.024994612, -0.0077687153, 0.014212089), (-0.0243628, -0.0068763746, 0.011352605), (-0.023204485, -0.005463881, 0.008769086), (-0.02254635, -0.009330084, 0.010462988), (-0.023441412, -0.010469339, 0.013471346), (-0.023862619, -0.011064837, 0.016732972), (-0.02396792, -0.011311753, 0.020036355), (-0.025521118, -0.008363307, 0.020439407), (-0.02362569, -0.011262733, 0.02329889), (-0.022862254, -0.010990402, 0.026475187), (-0.021703934, -0.010668143, 0.029610628), (-0.023020204, -0.008065559, 0.02967418), (-0.021256404, -0.007818646, 0.032723386), (-0.018966094, -0.0073475116, 0.035625536), (-0.021730263, -0.0051670424, 0.03308377), (-0.02362569, -0.0051915525, 0.03028783), (-0.024336476, -0.008189925, 0.026602276), (-0.025047261, -0.005117114, 0.027301263), (-0.026073951, -0.005042676, 0.02427293), (-0.025178887, -0.008313381, 0.0235104), (0.005514718, -0.006505101, 0.03977678), (0.005883274, -0.008189927, 0.039501723), (0.004593329, -0.009131285, 0.040030953), (0.0053304406, -0.010841529, 0.03907779), (0.003935194, -0.010618216, 0.039840322), (0.0028032013, -0.013146362, 0.039014246), (0.004567004, -0.013418695, 0.038273506), (0.006725687, -0.010742581, 0.038505893), (0.006804663, -0.008090979, 0.038675647), (0.0063834568, -0.006158332, 0.03899337), (0.007673402, -0.007966614, 0.038315263), (0.0073574972, -0.005860582, 0.038675647), (0.008673768, -0.005389448, 0.03833705), (0.007199545, -0.004224776, 0.038485017), (0.0059885755, -0.0046714, 0.039035123), (0.004724956, -0.0056871967, 0.03977678), (0.00304013, -0.0070497636, 0.040475763), (0.0040668207, -0.007694282, 0.04049664), (0.002461879, -0.010073554, 0.040581968), (0.001224585, -0.012550864, 0.039819445), (0.0011982595, -0.009131285, 0.040496636), (0.002277601, -0.0060838945, 0.040814362), (0.00401417, -0.004794857, 0.039840322), (0.0051461626, -0.0039769537, 0.038485017), (0.0070152665, -0.0029121372, 0.038061086), (0.008384188, -0.0035811649, 0.038400594), (0.010147991, -0.0048447843, 0.038315263), (0.008910696, -0.007644355, 0.038082875), (0.009489856, -0.01022152, 0.037638064), (0.008015632, -0.0105437795, 0.03789224), (0.007962982, -0.013269818, 0.036980834), (0.0062781544, -0.013467715, 0.03761628), (0.0056726704, -0.01604488, 0.03649427), (0.0036192893, -0.015921421, 0.037214134), (0.0016194661, -0.015549237, 0.037955787), (-0.00027596325, -0.014954645, 0.038802736), (-0.0019081385, -0.013864409, 0.039352845), (-0.000196987, -0.011559577, 0.040242463), (-0.003356036, -0.012576283, 0.040030953), (-0.0014342812, -0.010444832, 0.040709056), (0.00046114813, -0.00836331, 0.040836148), (0.0016457912, -0.0045724525, 0.04115387), (-0.00032861406, -0.00685187, 0.041662224), (-0.0025662736, -0.0091812145, 0.041408043), (-0.004672306, -0.01113837, 0.040772602), (-0.0055410443, -0.014360054, 0.038675647), (-0.0039351946, -0.015921421, 0.038061082), (-0.0019081385, -0.017086094, 0.03742564), (0.0003295211, -0.017755123, 0.036599573), (0.0026189236, -0.01815182, 0.035795283), (-0.0009340983, -0.005265991, 0.04170398), (0.0017510931, -0.020158904, 0.03414314), (-0.0007761461, -0.019836646, 0.035074513), (-0.0033297106, -0.019117689, 0.03609122), (-0.0069626165, -0.012724249, 0.039438173), (-0.005830624, -0.009478056, 0.041386258), (-0.003382361, -0.007595335, 0.041725766), (-0.001223678, -0.004101319, 0.04149247), (0.001224585, -0.0033823638, 0.040984113), (0.0014615136, -0.0024655133, 0.041810192), (0.0033033842, -0.0025399504, 0.04011538), (0.004514353, -0.0010784365, 0.038823616), (0.003487662, -0.0036801128, 0.039924745), (0.0046459795, -0.0026388974, 0.038315263), (0.0063834568, -0.0004094085, 0.03956527), (0.00819991, 0.0008297009, 0.039352845), (0.0075417743, -0.00033497097, 0.039098673), (0.009384554, -0.00011165891, 0.03846323), (0.008094608, -0.0013008405, 0.038612105), (0.008515815, -0.0020443064, 0.03846323), (0.006699362, -0.0015241527, 0.03801933), (0.009595157, -0.0019208493, 0.03837881), (0.009568831, -0.003134541, 0.038315263), (0.011227331, -0.002217691, 0.038485017), (0.010621848, -0.0070996913, 0.037997544), (0.011174681, -0.009676858, 0.037531853), (0.011595888, -0.0123529695, 0.036451604), (0.009726783, -0.012898543, 0.036557812), (0.007726053, -0.015945932, 0.03590059), (0.004961885, -0.018299786, 0.035032757), (0.004382726, -0.020332288, 0.033422366), (0.012964808, -0.008809026, 0.037214134), (0.006725687, -0.02176929, 0.030817972), (0.0070415917, -0.020158902, 0.032702506), (0.0073574972, -0.01815182, 0.034311987), (0.009779435, -0.015500217, 0.03528693), (0.011885466, -0.0148057705, 0.03499009), (0.01393885, -0.013715536, 0.034735914), (0.012175047, -0.017011655, 0.033358824), (0.014439031, -0.015797056, 0.0330411), (0.00975311, -0.017705195, 0.033719208), (0.009726783, -0.019638749, 0.032046188), (0.009647808, -0.02119921, 0.030118981), (0.009463529, -0.022363883, 0.028085573), (0.012517277, -0.02025785, 0.02950442), (0.012411975, -0.018845355, 0.03155871), (0.014912889, -0.017606247, 0.031113902), (0.015123493, -0.020108975, 0.026687603), (0.0024872967, 0.0014987288, 0.04132272), (0.003566638, 0.0023420495, 0.041301835), (0.005172488, 0.0032834096, 0.041026782), (0.006857314, 0.0036301785, 0.041026782), (0.0014878388, 0.000508349, 0.042530052), (-0.0008814475, -0.0010285098, 0.043208156), (-0.0013289795, 0.0011274497, 0.043356124), (-0.0040931473, -0.0005827936, 0.043250825), (-0.0047776075, 0.0016721132, 0.043060195), (0.00046114813, 0.002292122, 0.042275872), (-0.002408321, 0.003456794, 0.04282689), (-0.000907773, 0.0048692883, 0.041958157), (0.00022421948, 0.005836065, 0.041662224), (0.001303561, 0.003332429, 0.041556012), (0.0024872967, 0.0042992067, 0.041598674), (0.004409051, 0.0053649317, 0.04123829), (0.006488758, 0.0059595224, 0.040899694), (0.00825256, 0.005885085, 0.040137164), (0.009621482, 0.0056871916, 0.03922576), (0.010779801, 0.0054139514, 0.038739193), (0.01209607, 0.0048937984, 0.03833705), (0.013570292, 0.0038280739, 0.037786033), (0.014912889, 0.0021187381, 0.037383888), (0.015860604, 0.000012706149, 0.037023503), (0.018097356, 0.0010285036, 0.035795286), (0.016992597, 0.0035312322, 0.03636719), (0.01536042, 0.0056871916, 0.036917295), (0.013464991, 0.007148705, 0.037638064), (0.011569561, 0.007942098, 0.038294386), (0.00980576, 0.008338793, 0.03899337), (0.007936656, 0.008462251, 0.039840322), (0.009779435, 0.0108905425, 0.038421478), (0.012017094, 0.010345879, 0.037489194), (0.0058306237, 0.008264356, 0.04036955), (0.0036456143, 0.0077187847, 0.040877905), (0.0051461626, 0.010741668, 0.039776783), (0.007462799, 0.010964979, 0.039184008), (0.009674133, 0.013269814, 0.03734123), (0.0017247676, 0.0068763727, 0.041513346), (-0.000907773, 0.008486761, 0.041259166), (-0.002408321, 0.007198632, 0.041746642), (-0.0039088693, 0.0055882432, 0.042275872), (-0.0039088693, 0.009552485, 0.040984113), (0.0028821775, 0.010246932, 0.04028513), (0.0044353767, 0.013245305, 0.03880274), (0.0070415917, 0.0134432, 0.038230848), (-0.0059096003, 0.0038280727, 0.042720683), (-0.005514719, 0.00784315, 0.041683104), (-0.0071732188, 0.0059840316, 0.04208524), (-0.0071732188, 0.00999911, 0.040602848), (-0.008858046, 0.011956267, 0.039098676), (-0.010648173, 0.013566656, 0.03719326), (-0.0070152665, 0.013914333, 0.038378812), (-0.012359324, 0.011535061, 0.03774337), (-0.0141485445, 0.012724244, 0.035541113), (-0.015886022, 0.013888916, 0.03323174), (-0.017307594, 0.014855694, 0.030605556), (-0.018307958, 0.01564818, 0.027704315), (-0.019071396, 0.016391646, 0.024802167), (-0.016939037, 0.019142197, 0.02173117), (-0.01670211, 0.01867197, 0.024590654), (-0.016096625, 0.017878577, 0.027386595), (-0.013990592, 0.020802513, 0.024272934), (-0.014280171, 0.021273648, 0.021456115), (-0.011385283, 0.023032911, 0.020905098), (-0.010964078, 0.022636214, 0.023680158), (-0.0077787037, 0.024074126, 0.022981174), (-0.010516546, 0.022165988, 0.026411645), (-0.007252196, 0.023652917, 0.025670905), (-0.0038035673, 0.024395475, 0.025035463), (-0.0065414095, 0.022835014, 0.02819088), (-0.0031454326, 0.023528552, 0.027577229), (0.0004348227, 0.02390074, 0.027301265), (0.0010666325, 0.02266163, 0.029631514), (0.004698631, 0.02266163, 0.029229375), (0.0016194661, 0.021323575, 0.031876437), (0.0052514644, 0.021223718, 0.03141075), (0.008621117, 0.020728074, 0.030414926), (-0.0024872974, 0.022413809, 0.030012779), (0.0056726704, 0.019613331, 0.033401497), (0.009068648, 0.019216632, 0.032491), (0.012227697, 0.018448658, 0.03141075), (0.012411975, 0.016639467, 0.03333795), (0.009305577, 0.017481878, 0.034354653), (0.0060938774, 0.017804138, 0.035244275), (0.0029874793, 0.01777963, 0.035773505), (0.0022512756, 0.019663258, 0.03388897), (-0.0009340983, 0.019390017, 0.034397323), (-0.0017765114, 0.020951388, 0.032236822), (-0.0049355603, 0.02028236, 0.032850478), (-0.0058042984, 0.021670341, 0.0305638), (-0.008937022, 0.02028236, 0.031220118), (-0.009832085, 0.021422522, 0.02893253), (-0.012780531, 0.019291071, 0.029547093), (-0.013516735, 0.0201589, 0.026983542), (-0.015227886, 0.017036164, 0.030118989), (-0.0139642665, 0.016094804, 0.032681633), (-0.01238565, 0.014904712, 0.035010975), (-0.011674864, 0.018225346, 0.031919103), (-0.007884005, 0.01901874, 0.03354946), (-0.0039088693, 0.01862204, 0.034883887), (0.000039941617, 0.017408347, 0.03621831), (0.0037509159, 0.015673595, 0.03751098), (0.0065677348, 0.015698107, 0.036832873), (0.009489856, 0.0154747935, 0.035964135), (0.012411975, 0.014706817, 0.034947433), (0.015334096, 0.013219887, 0.03393073), (0.012280348, 0.012600786, 0.036388066), (0.015044515, 0.01131175, 0.035455782), (0.014412708, 0.009304664, 0.03672666), (0.016834643, 0.007470964, 0.035837043), (0.01870284, 0.0049183085, 0.03492655), (0.02007176, 0.0019943737, 0.034206685), (0.020835197, -0.00085512357, 0.03365567), (0.020940498, -0.0033578523, 0.033401493), (0.021782912, 0.003011079, 0.032405663), (0.020177063, 0.006405239, 0.033231735), (0.017913986, 0.009255646, 0.03437553), (-0.024784008, -0.003184464, 0.010590076), (-0.024494428, 0.00018609509, 0.0100399675), (-0.023757316, -0.0014996378, 0.0085993325), (-0.02254635, 0.00090414344, 0.0073284516), (-0.0242575, 0.0021432524, 0.010060846), (-0.021545984, 0.0037046215, 0.0067783426), (-0.019466277, 0.0021187435, 0.0043636668), (-0.017123315, 0.00033406328, 0.0023302564), (-0.014464449, -0.0015731666, 0.0010167091), (-0.016096625, -0.0047204136, 0.0021813808), (-0.018044706, -0.007595329, 0.0042783343), (-0.018386934, -0.002713329, 0.003219873), (-0.016070297, -0.009825727, 0.0038126474), (-0.017623497, -0.012427403, 0.0063752877), (-0.019597903, -0.010073548, 0.0069263075), (-0.021467008, -0.007744205, 0.0076035056), (-0.021888215, -0.0034077754, 0.006502378), (-0.02001911, -0.00546388, 0.0050199847), (-0.020624595, -0.0007806817, 0.0049991067), (-0.010332268, 0.017060673, 0.0341849), (-0.008752744, 0.015599159, 0.036408946), (-0.0065414095, 0.017333912, 0.03558287), (-0.0049882117, 0.015599159, 0.037595402), (-0.0026452497, 0.01681285, 0.03689642), (-0.0034613376, 0.013418688, 0.039184008), (-0.0013289795, 0.014583361, 0.038569447), (0.0010929578, 0.0152769005, 0.03797667), (0.0020406726, 0.012798681, 0.039331973), (-0.00014433618, 0.012129651, 0.03992475), (0.0008560292, 0.009527976, 0.040877905), (-0.0021450669, 0.011089345, 0.040581975), (-0.005409417, 0.01183281, 0.03988299), (0.008568466, -0.009156697, 0.00084786233), (0.0055410434, -0.007917588, 0.00046659817), (0.0076997285, -0.0052904943, 0.00036038918), (0.0045406776, -0.0041013123, 0.0005083563), (0.010700824, -0.0064551663, 0.0007207747)]
                color3f[] primvars:displayColor = [(0.8, 0.8, 0.8)]
                float[] primvars:displayOpacity = [1] (
                    interpolation = "constant"
                )
                float3[] primvars:normals = [(0.8711002, 0.3767614, 0.31501657), (0.8179735, 0.4892005, 0.3026587), (0.7985383, 0.39357987, 0.45544642), (0.74138564, 0.528423, 0.41366228), (0.64872384, 0.6040479, 0.46290764), (0.6905889, 0.6513288, 0.31441668), (0.7689673, 0.59685755, 0.22902027), (0.8893533, 0.43892738, 0.12803696), (0.67740536, 0.5246997, 0.5155697), (0.6598027, 0.43395552, 0.6134681), (0.76120174, 0.31833696, 0.5650075), (0.5595836, 0.57923585, 0.59274954), (0.55136025, 0.67061436, 0.4962644), (0.60354555, 0.7153377, 0.35217148), (0.57130516, 0.78025883, 0.2545714), (0.63183963, 0.7404123, 0.22927783), (0.5972585, 0.79271686, 0.121993564), (0.67539835, 0.73528683, 0.056481984), (0.59646255, 0.80258685, -0.00931704), (0.71265364, 0.6948209, -0.09668823), (0.711945, 0.6884048, 0.13868389), (0.7591512, 0.65082884, -0.010543595), (0.8297387, 0.55320805, 0.074125305), (0.8601132, 0.49930128, -0.10441889), (0.9146547, 0.40151218, -0.046847638), (0.9046934, 0.37425616, -0.20362283), (0.8348042, 0.4881539, -0.2545741), (0.5218166, 0.7582899, 0.3907734), (0.93020594, 0.3179352, -0.18339616), (0.9373578, 0.34762523, -0.02273896), (0.92073506, 0.3593673, 0.15199396), (0.90447, 0.26271048, 0.33603147), (0.95173854, 0.27165225, 0.14282434), (0.96952754, 0.24281982, -0.03247751), (0.9615515, 0.21531343, -0.1704665), (0.9234045, 0.20528416, -0.32431856), (0.89390266, 0.29131868, -0.34069264), (0.8648708, 0.3382271, -0.3709463), (0.8148949, 0.41510892, -0.40451327), (0.7643826, 0.5663743, -0.30812222), (0.7835584, 0.5928424, -0.18594152), (0.6907781, 0.68474555, -0.23226944), (0.59432906, 0.7579371, -0.26889464), (0.6237724, 0.7657584, -0.15659483), (0.5575959, 0.81828636, -0.1396216), (0.5562317, 0.8310248, -0.00202607), (0.5418107, 0.8402304, 0.021312442), (0.5541073, 0.8194384, 0.14657997), (0.4976195, 0.8481016, 0.18192941), (0.5033641, 0.8134823, 0.29132682), (0.42489564, 0.7978558, 0.42765608), (0.67889214, 0.64090574, -0.35825327), (0.42111978, 0.8371245, 0.34911424), (0.38998455, 0.88532585, 0.25319982), (0.3454811, 0.9301108, 0.12464629), (0.24953656, 0.9162168, 0.31349388), (0.2986572, 0.8618129, 0.40997848), (0.46349415, 0.8841027, 0.059462138), (0.5298402, 0.8405385, -0.11298), (0.5493214, 0.79454756, -0.25872797), (0.51711416, 0.75413793, -0.4048072), (0.56916237, 0.7201489, -0.3967867), (0.51490366, 0.6700406, -0.53471464), (0.62839013, 0.6069285, -0.48658374), (0.49930108, 0.8249533, -0.26485914), (0.48556584, 0.6902108, -0.5365024), (0.4863827, 0.6048022, -0.6305919), (0.45609537, 0.6345998, -0.62390727), (0.43746075, 0.74356717, -0.50570333), (0.46356553, 0.79982966, -0.38128692), (0.38689062, 0.9023006, -0.19018252), (0.34115666, 0.88083786, -0.32823277), (0.28734335, 0.8406062, -0.4591459), (0.23183115, 0.7638335, -0.6023394), (0.14810391, 0.90270907, -0.4039574), (0.18784319, 0.9449369, -0.2679724), (0.39009112, 0.6759391, -0.62524813), (0.38328043, 0.53463674, -0.75316644), (0.30369407, 0.5862028, -0.75109005), (0.15146108, 0.6522437, -0.7427231), (-0.0099897375, 0.70482254, -0.7093133), (0.05664285, 0.5191003, -0.8528344), (0.21312015, 0.45261845, -0.8658616), (0.06370724, 0.8275914, -0.557704), (0.028197987, 0.9296161, -0.36744922), (-0.03738501, 0.84082454, -0.5400151), (-0.098254494, 0.7284895, -0.6779742), (-0.13247497, 0.5878823, -0.7980256), (-0.12309933, 0.7425167, -0.65841895), (-0.08169223, 0.8558782, -0.5106847), (-0.07942973, 0.5579224, -0.8260832), (-0.01891937, 0.33923206, -0.9405124), (-0.13072537, 0.38980088, -0.9115735), (-0.14486264, 0.43942353, -0.88652235), (-0.20156558, 0.52093774, -0.8294548), (-0.14900614, 0.32232177, -0.93482935), (-0.11165542, 0.19764769, -0.97389346), (-0.16222632, 0.62886214, -0.7604045), (-0.16803113, 0.7689054, -0.6168873), (-0.1332508, 0.87739706, -0.46088907), (-0.041463826, 0.94544184, -0.32314152), (-0.013616873, 0.98078984, -0.19459166), (0.07047548, 0.9735996, -0.2171106), (0.11599195, 0.98980254, -0.082684346), (0.24005197, 0.96227044, -0.12810363), (0.30685964, 0.95169085, 0.0110363765), (0.4247422, 0.9042613, -0.043653835), (-0.24012537, 0.65694475, -0.714677), (0.16820966, 0.98371315, 0.06335645), (0.009452542, 0.99903595, -0.042869195), (-0.048397116, 0.98500305, -0.16561012), (-0.089902386, 0.948438, -0.30394563), (-0.17264208, 0.9419994, -0.2878053), (-0.20255679, 0.88801235, -0.4128012), (-0.25964892, 0.8059362, -0.53202367), (-0.34152186, 0.80568236, -0.4839823), (-0.3528668, 0.68948776, -0.6325281), (-0.14193752, 0.9805434, -0.13560447), (-0.30968434, 0.94704974, -0.084808245), (-0.32442078, 0.9142033, -0.24286501), (-0.3202496, 0.86924, -0.37664574), (-0.13338786, 0.99079025, 0.023289535), (-0.043604318, 0.99901927, -0.0076946723), (-0.03179127, 0.9931841, 0.11213731), (0.032659225, 0.9947777, 0.0966987), (0.08991145, 0.96575886, 0.24336344), (0.2262735, 0.9531212, 0.20089883), (0.13307032, 0.9281638, 0.3475689), (-0.015101188, 0.9710735, 0.23830248), (-0.12036291, 0.9822949, 0.14356019), (-0.2942641, 0.9528657, 0.07386165), (-0.46666658, 0.8819155, -0.06668818), (-0.48018676, 0.8472842, -0.2270026), (-0.46803898, 0.8011893, -0.37287423), (-0.43528417, 0.7403792, -0.512217), (-0.41559356, 0.64199907, -0.6442975), (-0.3113707, 0.5871432, -0.7472023), (-0.38544032, 0.52256006, -0.76050425), (-0.27832574, 0.43787062, -0.85487074), (-0.32219154, 0.39389148, -0.860838), (-0.19795421, 0.24985771, -0.94783187), (-0.34380746, 0.3503658, -0.8712292), (-0.4087608, 0.49465874, -0.7669598), (-0.4673543, 0.44356677, -0.76474077), (-0.5022663, 0.5666345, -0.65318745), (-0.46463493, 0.599878, -0.65135294), (-0.52629685, 0.66934776, -0.5243903), (-0.48505095, 0.7009494, -0.5228723), (-0.53614104, 0.75757754, -0.3723293), (-0.5732346, 0.6231303, -0.5320813), (-0.5769163, 0.7259004, -0.37448123), (-0.63441825, 0.6759027, -0.3750587), (-0.605362, 0.7690049, -0.20534925), (-0.563309, 0.7975165, -0.2159868), (-0.57132864, 0.81761837, -0.07130048), (-0.6324947, 0.77334297, -0.043486644), (-0.6785214, 0.7069141, -0.19970235), (-0.76446277, 0.61522126, -0.19261248), (-0.7062329, 0.59522736, -0.38332695), (-0.63628024, 0.5578621, -0.53285784), (-0.566425, 0.5094407, -0.64779073), (-0.54842216, 0.3330832, -0.7669997), (-0.63990045, 0.3993118, -0.65656483), (-0.79166913, 0.6104978, -0.0235035), (-0.88245475, 0.46943983, -0.029999223), (-0.8789635, 0.4635345, 0.11206767), (-0.79527724, 0.5957051, 0.11255889), (-0.77195674, 0.58365303, 0.25185713), (-0.8639933, 0.44463453, 0.23625351), (-0.72693574, 0.5606241, 0.3965666), (-0.7595945, 0.41952327, 0.4970075), (-0.7088629, 0.512121, 0.48502117), (-0.6418402, 0.48540136, 0.59365535), (-0.5576236, 0.46889886, 0.6849742), (-0.50467324, 0.4321312, 0.7473738), (-0.4179253, 0.35319895, 0.8370119), (-0.32242855, 0.25648868, 0.91118246), (-0.41693494, 0.16544887, 0.8937517), (-0.7094243, 0.70396715, -0.033872075), (-0.7098774, 0.6924121, 0.1289951), (-0.34041676, 0.4454998, 0.82803774), (-0.26355278, 0.17820638, 0.9480414), (-0.23262702, 0.34291506, 0.9101066), (-0.3288523, 0.057297137, 0.9426417), (-0.21878028, 0.07993797, 0.97249424), (-0.16578911, -0.01903973, 0.9859774), (-0.1427317, -0.15121731, 0.9781416), (-0.10278319, -0.24961479, 0.96287495), (-0.11082199, -0.1582051, 0.98116744), (-0.032731798, -0.19794543, 0.9796664), (0.05480496, -0.10526795, 0.99293256), (0.006010937, -0.29352662, 0.955932), (0.24553311, -0.44932583, 0.8589644), (0.39692795, -0.16620374, 0.9026763), (0.71570903, -0.3750587, 0.58914477), (0.47100508, 0.02528216, 0.88176817), (0.3071748, -0.27901515, 0.90983194), (0.4364726, -0.51419306, 0.738307), (0.093287, -0.32035848, 0.94269186), (0.16410992, -0.45769402, 0.87383294), (0.23372805, -0.24033469, 0.9421308), (0.48546195, -0.3704997, 0.7918691), (0.61814517, -0.12792668, 0.7755846), (0.6161217, -0.169283, 0.7692447), (0.3564299, -0.11031766, 0.92778647), (0.43627092, -0.2923927, 0.8509842), (0.17795803, -0.052131567, 0.98265624), (0.0156084, 0.01776776, 0.9997203), (0.18469466, 0.0035015256, 0.98278975), (-0.0059710904, 0.042997673, 0.9990573), (0.25593957, 0.021948356, 0.9664436), (0.29861188, 0.007476316, 0.95434535), (0.33765975, -0.059591006, 0.93938017), (0.19094327, -0.07691985, 0.9785826), (0.2089197, -0.13373362, 0.96874547), (0.36419445, -0.076874614, 0.9281448), (0.37025937, -0.21971163, 0.9025713), (0.41235858, -0.36111042, 0.8363968), (0.3423032, -0.37787035, 0.8602573), (0.4590865, -0.4660724, 0.7563175), (0.53081506, -0.5273828, 0.6634024), (0.60499066, -0.5851535, 0.53998315), (0.5356363, -0.72735685, 0.42900553), (0.6589756, -0.64225143, 0.3914898), (0.6581979, -0.7086007, 0.25428414), (0.52687603, -0.82794553, 0.19211416), (0.7310029, -0.67416686, 0.10551668), (0.73482203, -0.64201903, 0.21874212), (0.7148941, -0.6055877, 0.34955668), (0.6774172, -0.5595938, 0.47745234), (0.6231644, -0.49674696, 0.6040766), (0.5561384, -0.4202284, 0.71702033), (0.5172393, -0.29445446, 0.80359197), (0.5051705, -0.1486269, 0.85012513), (0.4841365, -0.06958328, 0.87222135), (0.4477948, -0.05106268, 0.89267707), (0.58649176, -0.08256187, 0.8057363), (0.58327144, -0.03187934, 0.81165147), (0.6031659, -0.11081596, 0.78988016), (0.6277625, -0.208283, 0.75002164), (0.6818505, -0.35405746, 0.6400963), (0.7400913, -0.42492566, 0.52125144), (0.782899, -0.47582087, 0.40082866), (0.8030665, -0.52288556, 0.28578794), (0.7828164, -0.5973992, 0.1741055), (0.7601824, -0.64459777, 0.08134253), (0.7891242, -0.6105218, 0.06742384), (0.8474098, -0.513361, 0.13548814), (0.89312243, -0.449033, 0.026487889), (0.88826156, -0.41215688, 0.20277621), (0.86390823, -0.3809257, 0.32948175), (0.82122827, -0.32724342, 0.46743536), (0.7726029, -0.25763032, 0.5802684), (0.6971402, -0.19785355, 0.68909323), (0.6861554, -0.12847756, 0.71601975), (0.79417735, -0.18679012, 0.57826626), (0.859983, -0.24357124, 0.44844434), (0.9139433, -0.27719226, 0.29643244), (0.9427437, -0.29445633, 0.15661968), (0.9663711, -0.24938312, 0.062727936), (0.9400625, -0.3296306, 0.087327525), (0.90293765, -0.4113684, -0.12441738), (0.84649307, -0.53239125, -0.0030158977), (0.8856678, -0.3829693, -0.26253977), (0.8235186, -0.35290378, -0.44415757), (0.7197029, -0.37165424, -0.5864306), (0.7405203, -0.3390181, -0.5802555), (0.68614924, -0.26008406, -0.67937875), (0.6027558, -0.18062793, -0.7772123), (0.5576227, -0.25883514, -0.7887086), (0.3815019, -0.19713306, -0.90310293), (0.45049283, -0.11012263, -0.8859623), (0.259807, -0.039012536, -0.96487224), (0.11027242, -0.019055022, -0.9937187), (-0.07526871, 0.016194906, -0.99703175), (-0.073276, -0.041873235, -0.9964323), (0.0065088663, 0.058204945, -0.9982834), (0.00126024, -0.065701224, -0.99783856), (0.034160648, -0.0718132, -0.9968329), (0.085941486, 0.010172671, -0.9962483), (0.0062290775, 0.006116242, -0.999962), (0.037530057, 0.020990254, -0.999075), (-0.081021756, 0.08944901, -0.99269044), (-0.073017314, 0.10758839, -0.9915106), (-0.20286787, 0.22295856, -0.95348525), (-0.41040444, 0.26106083, -0.8737365), (-0.08384531, 0.11127509, -0.9902463), (-0.05715252, 0.032920074, -0.99782246), (-0.032688413, -0.06039189, -0.9976393), (-0.08065779, 0.114266396, -0.99017054), (-0.04658163, -0.08344911, -0.99542266), (-0.027123706, -0.09706846, -0.99490803), (0.058573525, 0.05891565, -0.99654305), (-0.0036363332, 0.06989413, -0.9975477), (0.11233661, 0.28131688, -0.95301694), (0.19211721, 0.24246241, -0.9509485), (0.29374608, 0.39888278, -0.8686805), (0.22780652, 0.23096214, -0.9459179), (0.3342916, 0.3789752, -0.8629177), (0.43803588, 0.5069151, -0.7424027), (0.43435878, 0.3340356, -0.83651215), (0.53583497, 0.43391508, -0.72429186), (0.57046735, 0.53581315, -0.62247187), (0.6967295, 0.41820544, -0.58281404), (0.74399835, 0.5174286, -0.42276955), (0.7707743, 0.35630578, -0.5281601), (0.62207556, 0.36833322, -0.6909071), (0.5451736, 0.27899823, -0.7905351), (0.38747543, 0.12717052, -0.91306657), (0.2949865, 0.18962568, -0.93649614), (0.16941434, 0.016133433, -0.98541284), (0.09067433, 0.061294284, -0.99399257), (0.03997247, -0.02455719, -0.99889904), (0.16112265, 0.0239763, -0.9866431), (0.69075954, 0.31718913, -0.64980173), (0.6105236, 0.20617634, -0.76469105), (0.2463557, 0.03028522, -0.96870625), (0.49319848, 0.12496726, -0.860894), (0.6565964, 0.1631461, -0.736386), (0.7503748, 0.24204391, -0.61510366), (0.8076417, 0.313098, -0.4996844), (0.8461447, 0.26228693, -0.46394476), (0.7783029, 0.20601715, -0.59312856), (0.7049544, 0.10902271, -0.7008233), (0.6553675, 0.007384999, -0.7552742), (0.6069671, 0.10014999, -0.78839135), (0.5312953, -0.005252592, -0.84717035), (0.3558513, 0.06066882, -0.93257123), (0.29695565, -0.011357187, -0.9548238), (0.4814224, -0.07291587, -0.8734505), (0.61073124, -0.14451018, -0.7785398), (0.6226128, -0.08327703, -0.77808625), (0.76042163, -0.057527933, -0.6468767), (0.80840075, 0.03157948, -0.5877848), (0.8236745, 0.13533294, -0.5506771), (0.87933064, 0.013815418, -0.47601134), (0.8762042, 0.15553355, -0.45615298), (0.94409406, 0.030358823, -0.3282753), (0.9299234, -0.12579152, -0.34557053), (0.86014605, -0.105635114, -0.498989), (0.7038167, -0.17728733, -0.6879034), (0.66913545, -0.25951728, -0.6963538), (0.7749024, -0.3042824, -0.55402035), (0.8261597, -0.21591958, -0.5204218), (0.89834666, -0.23593026, -0.37055376), (0.96959525, -0.11806712, -0.21434817), (0.9789788, 0.06360822, -0.1937897), (0.989978, -0.12413316, -0.06733868), (0.9954361, 0.07825798, -0.054615427), (0.99364996, 0.06879703, 0.08903193), (0.96062547, 0.072889596, 0.26811522), (0.8650727, 0.25078905, 0.43445837), (0.8140666, 0.20871884, 0.5419705), (0.91603523, 0.077204295, 0.39359757), (0.9751404, -0.13458458, 0.17603481), (0.9350925, -0.13711789, 0.32680354), (0.8468406, 0.039723165, 0.5303611), (0.86947656, -0.14204206, 0.4731116), (0.7554699, 0.018715594, 0.654916), (0.78236574, -0.10674545, 0.6136035), (0.98987365, -0.1299455, 0.05713344), (0.9710768, -0.22656451, -0.07535604), (0.94079804, -0.32346624, -0.10133413), (0.9441326, -0.22879672, -0.23720363), (0.9156664, -0.30678117, -0.25969297), (0.86523306, -0.29821053, -0.40304133), (0.36041495, -0.8785192, -0.3135366), (0.38857383, -0.88851756, -0.24402238), (0.3078972, -0.92532253, -0.22130854), (0.30605456, -0.939209, -0.15561846), (0.19486451, -0.9739204, -0.116218746), (0.3133854, -0.9408569, -0.12875481), (0.22231317, -0.95029354, -0.21798886), (0.23890105, -0.8860401, -0.39731497), (0.36227643, -0.81298643, -0.45586053), (0.42970857, -0.83760273, -0.33730143), (0.38560337, -0.89775705, -0.2129374), (0.33554074, -0.9409732, -0.04451769), (0.20457365, -0.9749424, -0.0873899), (0.08930053, -0.98517525, -0.14647546), (0.102073595, -0.9544537, -0.28035516), (0.12566556, -0.8867758, -0.4447887), (0.15285853, -0.7833113, -0.60254264), (0.27529493, -0.78658044, -0.55272394), (0.18111081, -0.6326881, -0.7529307), (0.29425046, -0.6709242, -0.68064487), (0.38648212, -0.73051363, -0.563011), (0.5000351, -0.7527652, -0.42814645), (0.56461287, -0.6607512, -0.4945907), (0.57247, -0.7485979, -0.33448344), (0.48555377, -0.8286612, -0.27849242), (0.5457413, -0.8144377, -0.19712357), (0.420013, -0.8970859, -0.13720821), (0.36519295, -0.9285658, 0.06633016), (0.23167713, -0.9723657, -0.028820481), (0.104555, -0.99445057, -0.01167176), (0.09708662, -0.9918495, -0.08251514), (0.051677033, -0.99857265, -0.0134957), (0.05093782, -0.99477506, -0.088475466), (0.13222866, -0.9884923, 0.073475584), (0.28092763, -0.9579769, 0.057965983), (0.3993865, -0.90624565, 0.13859718), (0.4693354, -0.88301456, 0.003078947), (0.610876, -0.7880956, -0.0757354), (0.62427175, -0.74352247, -0.23970631), (0.6644665, -0.693057, -0.27956435), (0.6275643, -0.6763815, -0.38557878), (0.7012236, -0.63548034, -0.32318762), (0.6672758, -0.60601103, -0.43300545), (0.72004855, -0.6794233, -0.1411178), (0.6773449, -0.72675365, -0.11416214), (0.63653004, -0.7690731, 0.057931285), (0.5026121, -0.8544395, 0.13158318), (0.42445192, -0.87973815, 0.21424595), (0.32040223, -0.9345433, 0.15482695), (0.17125209, -0.96688515, 0.18922442), (0.05576201, -0.99604994, 0.069102995), (0.08827501, -0.97845936, 0.18661395), (0.20521306, -0.9316982, 0.29970986), (0.332607, -0.90356594, 0.27007627), (0.4254364, -0.844852, 0.32439017), (0.64363104, -0.7507075, 0.14892048), (0.71242744, -0.7017139, 0.006701244), (0.75491697, -0.6557145, -0.011778181), (0.73825365, -0.65626925, -0.15585943), (0.7802268, -0.5973645, -0.1854775), (0.787508, -0.6120548, -0.072249115), (0.75542253, -0.6547533, -0.025197765), (0.86133265, -0.4825672, -0.15885498), (0.7614834, -0.55872935, -0.32857963), (0.7120442, -0.52623785, -0.46482998), (0.6170708, -0.56137764, -0.5514333), (0.8293331, -0.4715692, -0.29971513), (0.768158, -0.43477497, -0.47000432), (0.6914953, -0.44408494, -0.5697569), (0.6010959, -0.38261002, -0.70163614), (0.51080525, -0.5116784, -0.6908424), (0.45563543, -0.6103606, -0.64796305), (0.32096672, -0.5437394, -0.77545327), (0.3810817, -0.44794476, -0.8087782), (0.46281144, -0.35897133, -0.81052154), (0.66754067, -0.3050243, -0.6792273), (0.2955722, -0.29486644, -0.9086753), (0.24620871, -0.37181714, -0.89506054), (0.20969158, -0.4861166, -0.8483632), (0.06285288, -0.6202236, -0.7819029), (0.024012417, -0.7696742, -0.6379853), (0.03107954, -0.88108295, -0.47193962), (0.03838506, -0.95286125, -0.30096868), (0.052894834, -0.98641455, -0.15552661), (0.006264335, -0.98362803, -0.18010223), (0.016932072, -0.9962808, -0.08448539), (0.008553066, -0.9999464, 0.005831653), (-0.004445388, -0.9964728, 0.08380001), (-0.010384183, -0.98283744, 0.18418145), (0.032406494, -0.9422326, 0.33338797), (0.119723536, -0.9368844, 0.32850248), (0.14007613, -0.88708556, 0.43983844), (0.21963985, -0.8809653, 0.41911632), (0.16944523, -0.815898, 0.55280983), (0.08334568, -0.8869389, 0.4543048), (0.1310947, -0.79561657, 0.5914459), (0.03139321, -0.79170686, 0.61009395), (-0.058084205, -0.87501884, 0.48059165), (-0.11109459, -0.92699885, 0.35823324), (-0.13312833, -0.96085626, 0.24296485), (-0.13091916, -0.9809906, 0.14323986), (-0.14864774, -0.98837584, 0.03189002), (-0.14656438, -0.98675215, -0.06956424), (-0.14161064, -0.9704311, -0.19547367), (-0.14018336, -0.92502433, -0.35309863), (-0.020278394, -0.94265217, -0.33316013), (-0.04263447, -0.8670125, -0.4964592), (-0.13960965, -0.8477674, -0.51166344), (-0.046428565, -0.75960016, -0.6487309), (-0.008053119, -0.6191031, -0.7852685), (-0.096662, -0.60175866, -0.7928069), (-0.016685741, -0.4074504, -0.9130749), (-0.20093326, -0.5757049, -0.79258424), (-0.12454358, -0.7457125, -0.6545241), (-0.24191263, -0.7106351, -0.66066337), (0.034150664, -0.41224542, -0.9104325), (0.10072336, -0.43869355, -0.892974), (0.12661411, -0.27656436, -0.95261794), (0.053328063, -0.19991085, -0.9783618), (0.038365643, -0.18210179, -0.98253095), (-0.009570227, -0.15115844, -0.98846316), (0.015464062, 0.018112523, -0.99971634), (-0.09796993, -0.39374247, -0.91398513), (-0.17761755, -0.36452815, -0.9140959), (-0.044815168, -0.13077785, -0.99039835), (0.031860586, 0.045528922, -0.99845487), (0.035021473, 0.05889344, -0.9976498), (0.06466145, 0.038350344, -0.9971701), (0.03734777, 0.026014006, -0.9989637), (0.0076405006, -0.000009326374, -0.9999708), (-0.1162277, 0.041936666, -0.99233675), (-0.1386037, -0.08132916, -0.9870029), (-0.086967245, -0.09922365, -0.9912574), (-0.23299332, -0.32734856, -0.9157276), (-0.34211028, -0.5058518, -0.7918805), (-0.32095847, -0.2446226, -0.91495657), (-0.2828871, -0.53513056, -0.79599637), (-0.371482, -0.6516519, -0.661325), (-0.30115005, -0.8074451, -0.507288), (-0.32821304, -0.874754, -0.35648513), (-0.33888572, -0.9193529, -0.19986697), (-0.35199574, -0.9346852, -0.049623843), (-0.34913054, -0.93500775, 0.06219665), (-0.33922306, -0.9204689, 0.19407365), (-0.3047442, -0.9023383, 0.3048221), (-0.26334557, -0.87710756, 0.4016607), (-0.20526701, -0.8301111, 0.51844084), (-0.12338989, -0.76254404, 0.6350602), (-0.33547914, -0.7618223, 0.55414844), (-0.39306977, -0.81314087, 0.4292994), (-0.4381973, -0.8400142, 0.31993622), (-0.4715313, -0.852227, 0.2266441), (-0.49028563, -0.86663467, 0.09254336), (-0.50503576, -0.8624654, -0.03304867), (-0.49677005, -0.8484766, -0.18250188), (-0.47459722, -0.8042941, -0.35758716), (-0.44878635, -0.7395866, -0.5016), (-0.5071133, -0.69855046, -0.50484), (-0.5557899, -0.7540516, -0.3500053), (-0.5799454, -0.79565555, -0.17491603), (-0.5795913, -0.8142551, -0.03259742), (-0.6363275, -0.7503422, -0.17909203), (-0.6130973, -0.7121654, -0.3419536), (-0.5732067, -0.8133359, 0.099592544), (-0.541824, -0.80749285, 0.23319975), (-0.5130544, -0.7914581, 0.3322186), (-0.4744256, -0.75909114, 0.44575897), (-0.41238457, -0.70006263, 0.58296764), (-0.536642, -0.69597954, 0.4771036), (-0.5815096, -0.7334627, 0.35196456), (-0.6204446, -0.74482226, 0.24553643), (-0.64769393, -0.75326073, 0.114415154), (-0.6527458, -0.75744694, -0.014034441), (-0.7415197, -0.6512179, -0.16144252), (-0.7541227, -0.6567137, 0.005117438), (-0.74793303, -0.64805514, 0.14359942), (-0.7209264, -0.6383277, 0.2698202), (-0.6839464, -0.62273216, 0.38002914), (-0.6327512, -0.5747638, 0.51891464), (-0.7590555, -0.5006116, 0.4162004), (-0.7960762, -0.5311619, 0.29005155), (-0.8198232, -0.5509651, 0.1559723), (-0.8248518, -0.5652497, 0.010606162), (-0.823091, -0.5497149, -0.14260037), (-0.7800707, -0.5297783, -0.33290324), (-0.70254976, -0.624523, -0.34116676), (-0.74353206, -0.4661616, -0.47943026), (-0.66645956, -0.5640788, -0.48749018), (-0.55601156, -0.6622386, -0.5022861), (-0.50205743, -0.56224716, -0.6571275), (-0.448761, -0.6126194, -0.6506236), (-0.45017344, -0.42770186, -0.7838462), (-0.39106387, -0.2049166, -0.8972615), (-0.22066511, -0.08107498, -0.9719741), (-0.2812855, 0.10660482, -0.95368445), (-0.24495915, 0.16812336, -0.9548453), (-0.4496667, 0.1804405, -0.87478054), (-0.600864, 0.23162675, -0.76505655), (-0.69800407, 0.28143305, -0.6584724), (-0.71699756, 0.44305354, -0.5381616), (-0.7896114, 0.3121717, -0.5282639), (-0.803528, 0.46113294, -0.3764293), (-0.874601, 0.32054672, -0.36376208), (-0.9165784, 0.34025142, -0.21003087), (-0.8934984, 0.27344733, -0.35621208), (-0.82701707, 0.23795734, -0.509332), (-0.8615736, 0.46530315, -0.20293835), (-0.93345165, 0.35678083, -0.03709028), (-0.9639097, 0.2632421, -0.039771937), (-0.9350369, 0.2786743, -0.21919538), (-0.9129253, 0.2023275, -0.3544444), (-0.9317857, 0.35156047, 0.09044642), (-0.9595904, 0.26742148, 0.08759006), (-0.97998524, 0.19076513, -0.056899767), (-0.9598341, 0.21149054, -0.1843642), (-0.910533, 0.34715128, 0.2245341), (-0.81552714, 0.43587786, 0.3806915), (-0.88134164, 0.31569886, 0.35152686), (-0.8286124, 0.2955672, 0.4754382), (-0.7718958, 0.2790252, 0.5712458), (-0.7149337, 0.3904281, 0.5800308), (-0.645494, 0.35456276, 0.6764782), (-0.7014557, 0.24074002, 0.6708234), (-0.6372013, 0.19454469, 0.7457392), (-0.6717642, 0.12772979, 0.7296697), (-0.5492261, 0.15681525, 0.8208286), (-0.49469593, 0.252285, 0.83164185), (-0.5725426, 0.32475558, 0.752814), (-0.75298876, 0.14786066, 0.64120597), (-0.8222089, 0.17208295, 0.5425496), (-0.8659574, 0.20368606, 0.45676005), (-0.9057558, 0.22818875, 0.35712215), (-0.94186103, 0.26007336, 0.21274309), (-0.9640412, 0.16951118, 0.20467167), (-0.97892946, 0.19979918, 0.042156838), (-0.99374473, 0.019299634, -0.10999449), (-0.97518486, 0.008111724, -0.2212437), (-0.9266802, 0.043564275, -0.37331745), (-0.92857385, -0.15433094, -0.33753902), (-0.9623459, -0.17559028, -0.20750518), (-0.9774275, -0.20652075, -0.044549268), (-0.99979776, 0.016149972, -0.011981879), (-0.9887117, 0.0021111998, 0.14981551), (-0.9317922, 0.15951093, 0.32606688), (-0.8836999, 0.14338705, 0.44554964), (-0.83603406, 0.11576778, 0.53632545), (-0.7779739, 0.08595379, 0.6223893), (-0.68375444, 0.044035856, 0.7283822), (-0.5869919, 0.08732293, 0.80486965), (-0.4846829, 0.13749604, 0.86381555), (-0.3305628, 0.09316579, 0.93917423), (-0.47494692, 0.120562285, 0.8717168), (-0.48836258, 0.056984186, 0.8707783), (-0.31373018, -0.025741322, 0.9491632), (-0.4811462, -0.07044465, 0.87380546), (-0.60271215, 0.040689886, 0.79692054), (-0.7090912, -0.006177833, 0.7050897), (-0.6234632, -0.0069208345, 0.7818221), (-0.46749213, -0.15683655, 0.8699732), (-0.3010517, -0.1707446, 0.9381973), (-0.2727258, -0.22186019, 0.9361617), (-0.43784612, -0.21938081, 0.8718732), (-0.43181098, -0.28522924, 0.8556772), (-0.2758745, -0.18038933, 0.944115), (-0.25764078, -0.29286706, 0.92078775), (-0.40807652, -0.38082507, 0.82972634), (-0.2159271, -0.4491158, 0.86698925), (-0.33090943, -0.4867885, 0.80841565), (-0.26488322, -0.5228748, 0.81020916), (-0.41688484, -0.47316095, 0.77609646), (-0.36618236, -0.5422255, 0.7562421), (-0.5456671, -0.52511895, 0.6530678), (-0.46767315, -0.6372199, 0.6125623), (-0.33173302, -0.6053285, 0.7235542), (-0.23875588, -0.5073986, 0.8279748), (-0.18878196, -0.5518885, 0.81226873), (-0.26934427, -0.6817124, 0.6802367), (-0.69673353, -0.46308053, 0.54783094), (-0.13269547, -0.1394113, 0.9813034), (-0.49502254, -0.38696954, 0.7779507), (-0.6141022, -0.4100968, 0.6743137), (-0.72601146, -0.4137928, 0.54925656), (-0.6268635, -0.374142, 0.6834178), (-0.53092134, -0.33433622, 0.77867955), (-0.5522127, -0.2562623, 0.7933415), (-0.58962584, -0.14069268, 0.7953282), (-0.7068898, -0.13330746, 0.6946481), (-0.7913562, -0.011139069, 0.61125386), (-0.8531084, 0.007814296, 0.52167517), (-0.91248775, 0.004984657, 0.4090738), (-0.9600646, 0.0099960305, 0.27959988), (-0.97720504, -0.19772632, 0.07729599), (-0.9141725, -0.3911534, -0.10624415), (-0.894853, -0.36660448, -0.2546353), (-0.85441965, -0.30204108, -0.42277443), (-0.8019748, -0.22730482, -0.55242103), (-0.7768057, -0.4211251, -0.46821627), (-0.8336175, -0.46434286, -0.29911146), (-0.8608008, -0.49148092, -0.1321683), (-0.8634514, -0.50411254, 0.017949719), (-0.92219913, -0.38525707, 0.033553574), (-0.8534862, -0.49376678, 0.1666005), (-0.8326111, -0.46845388, 0.29548213), (-0.79619277, -0.44013062, 0.41516513), (-0.8329951, -0.3460949, 0.4316682), (-0.7669598, -0.31203443, 0.5607202), (-0.66362184, -0.2910013, 0.6891476), (-0.7917196, -0.1501892, 0.5921344), (-0.8582145, -0.17347485, 0.48308828), (-0.87214357, -0.37117946, 0.31873414), (-0.9130057, -0.1847796, 0.3636993), (-0.95765746, -0.17903477, 0.2254745), (-0.9030855, -0.38874382, 0.18252343), (0.47883216, 0.20122375, 0.85453427), (0.55233204, -0.07714526, 0.83004695), (0.42327192, -0.20188203, 0.8832239), (0.39352077, -0.32690507, 0.859229), (0.3579969, -0.35768792, 0.86249495), (0.27888846, -0.44337907, 0.85184294), (0.30712774, -0.40953073, 0.8590443), (0.421754, -0.23921907, 0.8745843), (0.52553785, -0.048542812, 0.8493842), (0.4608695, 0.06962429, 0.88473254), (0.30668345, -0.09561287, 0.94699705), (0.27895364, 0.0083204, 0.9602685), (0.120296866, -0.04250528, 0.99182755), (0.18190436, 0.19142345, 0.9645039), (0.27482402, 0.34394574, 0.8978714), (0.35293558, 0.2104254, 0.91167855), (0.19918594, 0.017117433, 0.9798121), (0.26373622, 0.054738052, 0.9630405), (0.08455134, -0.20643958, 0.97479945), (0.14870091, -0.381688, 0.91225123), (0.08628111, -0.14707373, 0.98535526), (0.31043887, -0.07039348, 0.9479833), (0.4612315, 0.2542326, 0.85007733), (0.27587923, 0.46627828, 0.84052074), (-0.06087877, 0.12983796, 0.98966455), (-0.017272891, 0.02941213, 0.9994181), (0.054425836, -0.07735445, 0.995517), (0.15237565, -0.11898279, 0.9811344), (0.18220247, -0.24257168, 0.95287), (0.32905754, -0.21330494, 0.9199034), (0.3292603, -0.35505053, 0.87494385), (0.3330309, -0.38259423, 0.8618075), (0.2588018, -0.51891184, 0.8147098), (0.23228578, -0.5332849, 0.813419), (0.19366401, -0.54398215, 0.8164422), (0.09194889, -0.51551497, 0.8519329), (0.0005230473, -0.45368376, 0.8911627), (0.099827446, -0.2872143, 0.9526502), (-0.007771822, -0.45134503, 0.8923156), (0.14399584, -0.3210616, 0.9360473), (0.27890345, -0.24436264, 0.9287087), (0.32560673, 0.0697194, 0.9429313), (0.21639246, -0.14258, 0.9658392), (0.1040772, -0.2759121, 0.9555315), (-0.047834482, -0.43135324, 0.9009141), (-0.16935569, -0.513796, 0.84103054), (-0.104478866, -0.510854, 0.8532949), (0.044972233, -0.5677337, 0.8219828), (0.14287221, -0.61067265, 0.778888), (0.17978914, -0.6243071, 0.76020825), (0.03957025, 0.096600115, 0.99453634), (0.15051672, -0.70027184, 0.69782805), (0.12096818, -0.6894186, 0.7141909), (-0.021676982, -0.6508658, 0.7588832), (-0.18555608, -0.524623, 0.83086675), (-0.1194268, -0.295868, 0.9477339), (0.05561978, -0.1219204, 0.99098027), (0.31321856, -0.28924683, 0.9045609), (0.37138662, -0.23905742, 0.8971753), (0.43886137, -0.51064295, 0.73935425), (0.6593923, -0.23733832, 0.7133528), (0.41776007, -0.4943214, 0.7623142), (0.62906164, 0.099888295, 0.7709109), (0.49978563, -0.044747025, 0.86499256), (0.23219621, -0.6035414, 0.76277304), (0.4866289, -0.3237172, 0.8114182), (0.25464627, -0.48686117, 0.8355367), (0.2939893, -0.17364977, 0.9399022), (0.00751066, -0.26428503, 0.9644154), (-0.0052033034, -0.10419632, 0.99454314), (0.061701532, -0.39999977, 0.91443586), (0.026353791, -0.119266585, 0.99251235), (0.0062534497, -0.027576214, 0.9996002), (0.09382257, -0.031717625, 0.9950835), (0.09814813, -0.13813178, 0.9855387), (0.20143972, -0.25164783, 0.9466232), (0.26020345, -0.40474328, 0.87662816), (0.2452183, -0.39046997, 0.8873563), (0.31024528, -0.50338554, 0.8064434), (0.23152305, -0.6127554, 0.7555977), (0.1933227, -0.7098386, 0.6773149), (0.2847092, -0.26520073, 0.92119986), (0.23890172, -0.7993378, 0.5513484), (0.26334077, -0.6986618, 0.6652242), (0.28409, -0.6055021, 0.7434111), (0.30452263, -0.49286267, 0.8150781), (0.31157193, -0.49050635, 0.81383437), (0.40200666, -0.47037107, 0.78558373), (0.34545574, -0.5880892, 0.7313079), (0.46221426, -0.5428877, 0.701164), (0.2939697, -0.59682775, 0.7465778), (0.31397274, -0.69283485, 0.649154), (0.327733, -0.78898406, 0.5197069), (0.33211643, -0.86559975, 0.3747475), (0.40727672, -0.78121024, 0.47311342), (0.37823159, -0.6924369, 0.6143876), (0.504491, -0.63242877, 0.5878118), (0.5366661, -0.79632086, 0.27903867), (0.3801168, 0.060033508, 0.92298824), (0.17946863, -0.15702751, 0.9711505), (0.11983607, -0.06363208, 0.99075246), (0.25356403, -0.010892398, 0.96725726), (0.4904871, 0.10007954, 0.86568266), (0.20711383, -0.19971885, 0.957714), (0.18487765, 0.109159194, 0.9766804), (-0.044242475, -0.095933355, 0.9944041), (-0.0666035, 0.07984338, 0.9945799), (0.37383595, 0.24459814, 0.89466107), (0.11444309, 0.23617016, 0.9649489), (0.1958846, 0.22352307, 0.9548124), (0.10239896, 0.1264949, 0.9866679), (0.28440028, 0.07850982, 0.95548564), (0.0799477, -0.008861232, 0.99675965), (0.16307306, 0.069102734, 0.984191), (0.23876141, 0.14372875, 0.96038276), (0.49283805, 0.11062358, 0.8630603), (0.4800986, 0.0047950884, 0.87720144), (0.33826983, -0.026797112, 0.94066757), (0.31370163, -0.0032195651, 0.9495161), (0.3347004, 0.025062356, 0.9419912), (0.35683545, 0.0253381, 0.9338235), (0.409958, 0.013960015, 0.91199756), (0.55510867, 0.03394424, 0.83108497), (0.50448525, 0.09559943, 0.8581115), (0.44596502, 0.10672185, 0.8886651), (0.39678633, 0.13156223, 0.9084338), (0.38575244, 0.14322895, 0.91141677), (0.4065231, 0.13459021, 0.9036727), (0.33495873, 0.21601202, 0.91713774), (0.3770335, 0.3198496, 0.8692192), (0.41581106, 0.2980093, 0.8592389), (0.18199702, 0.27293634, 0.94466025), (0.17390113, 0.24973455, 0.95257074), (0.16856655, 0.33901694, 0.9255554), (0.25192422, 0.34444275, 0.90437454), (0.36029094, 0.45563474, 0.81399477), (0.1090172, 0.16396715, 0.98042345), (0.05668676, 0.2607789, 0.96373284), (0.081408225, 0.27312502, 0.95852774), (0.01817233, 0.2703926, 0.9625786), (-0.024877762, 0.36004576, 0.9326029), (0.14707604, 0.33348227, 0.9312133), (0.13851626, 0.44316044, 0.8856761), (0.23771122, 0.4604654, 0.8552573), (-0.08434712, 0.17604488, 0.9807619), (-0.037614647, 0.3312998, 0.9427754), (-0.15176256, 0.25483018, 0.95500255), (-0.14991614, 0.4257228, 0.8923482), (-0.2706691, 0.51258725, 0.81485736), (-0.3780817, 0.5708168, 0.72885007), (-0.20995393, 0.5596812, 0.8016711), (-0.44830117, 0.5127727, 0.7321818), (-0.4968463, 0.5465947, 0.6740757), (-0.5530391, 0.5765485, 0.60144794), (-0.626104, 0.62097806, 0.4715719), (-0.65710235, 0.65286326, 0.3768103), (-0.6848918, 0.67778414, 0.26745442), (-0.6376482, 0.7608506, 0.12046226), (-0.6201032, 0.7408609, 0.25806427), (-0.60582095, 0.7072092, 0.36446682), (-0.5409197, 0.8071399, 0.23649792), (-0.55534494, 0.82389235, 0.11310763), (-0.429559, 0.8969525, 0.104667574), (-0.4188734, 0.88552237, 0.20098531), (-0.28919038, 0.9425945, 0.16698632), (-0.41046244, 0.86042213, 0.30198383), (-0.25326094, 0.92558706, 0.28133148), (-0.100505725, 0.9579424, 0.268784), (-0.20404583, 0.886987, 0.41426978), (-0.08654688, 0.92008257, 0.38204417), (0.01998733, 0.9297118, 0.367745), (0.030575706, 0.8782377, 0.47724578), (0.15643196, 0.8846466, 0.43923736), (0.03934046, 0.82186127, 0.56832767), (0.18631831, 0.8124861, 0.55240536), (0.3100965, 0.8111541, 0.49585193), (-0.06319631, 0.8657808, 0.49641693), (0.18235654, 0.7571388, 0.6272854), (0.31066442, 0.75933355, 0.57175183), (0.44667408, 0.7261635, 0.5226555), (0.45490927, 0.6227145, 0.6366194), (0.32548445, 0.6619247, 0.6752151), (0.19514532, 0.67720294, 0.7094466), (0.07029823, 0.68575764, 0.72442716), (0.06853103, 0.7478327, 0.6603406), (-0.025978696, 0.73889077, 0.6733243), (-0.04925769, 0.8102351, 0.5840315), (-0.12279407, 0.784593, 0.60772973), (-0.17802599, 0.83889675, 0.5143529), (-0.32935768, 0.77583015, 0.53815514), (-0.36942875, 0.8187163, 0.43957493), (-0.49406657, 0.7342064, 0.46565998), (-0.53555536, 0.7715301, 0.34339735), (-0.56410927, 0.6833062, 0.46354422), (-0.4980803, 0.6493388, 0.5746958), (-0.44749606, 0.601531, 0.66174597), (-0.43939972, 0.7012617, 0.56139094), (-0.2763245, 0.72681546, 0.6287958), (-0.10061704, 0.7245708, 0.6818162), (0.021780938, 0.67129064, 0.7408741), (0.110758685, 0.5796636, 0.8072934), (0.22867261, 0.5838545, 0.7789883), (0.3403463, 0.56702226, 0.75010014), (0.4519122, 0.5323526, 0.71580446), (0.54105175, 0.5052356, 0.6723094), (0.43591174, 0.43091044, 0.7901248), (0.51025575, 0.41790557, 0.7516608), (0.45257053, 0.28028825, 0.8465332), (0.5472909, 0.20016837, 0.81265324), (0.61890507, 0.14662892, 0.7716582), (0.65220016, 0.077736676, 0.7540504), (0.66710657, -0.0045515364, 0.74494827), (0.67720306, -0.06899554, 0.73255414), (0.7340469, 0.13875537, 0.6647722), (0.70414406, 0.22721152, 0.6727229), (0.6226006, 0.33118656, 0.709002), (-0.8810234, -0.12850957, -0.4552834), (-0.8709496, 0.07740682, -0.48523712), (-0.8245521, -0.022677688, -0.56533134), (-0.7733121, 0.11122182, -0.62419397), (-0.8555366, 0.1637721, -0.4911578), (-0.7374511, 0.19626154, -0.64625627), (-0.63896567, 0.15078129, -0.7543128), (-0.50488573, 0.0667361, -0.86060244), (-0.33161327, -0.01676096, -0.9432665), (-0.46631894, -0.1783342, -0.86645454), (-0.5704816, -0.29749084, -0.765539), (-0.568984, -0.08952306, -0.81746125), (-0.5183406, -0.34145465, -0.78404826), (-0.59216595, -0.46952817, -0.65489143), (-0.68016106, -0.39143237, -0.6198077), (-0.7318881, -0.34211445, -0.58931947), (-0.746618, -0.11998593, -0.6543431), (-0.65188986, -0.2252919, -0.7240741), (-0.6887906, 0.022774698, -0.72460246), (-0.39689726, 0.6591369, 0.6387574), (-0.30527312, 0.6248604, 0.7185804), (-0.19977997, 0.6728479, 0.7122945), (-0.14255711, 0.6118938, 0.7779868), (-0.037889224, 0.66431785, 0.7464892), (-0.06705211, 0.5091747, 0.8580473), (0.0020245272, 0.5521478, 0.8337438), (0.047003902, 0.57802737, 0.81466246), (0.106709994, 0.4443891, 0.88945556), (0.071940176, 0.4362319, 0.89695394), (0.090740204, 0.31955162, 0.94321424), (-0.009742412, 0.3893711, 0.92102945), (-0.090635814, 0.46344218, 0.88147974), (0.14984453, -0.18495715, -0.9712556), (0.053608764, -0.094622314, -0.9940688), (0.048659418, -0.04933127, -0.9975965), (-0.07217902, 0.04945201, -0.99616504), (0.18782124, -0.11837887, -0.97504336)] (
                    interpolation = "vertex"
                )
                texCoord2f[] primvars:st = [(0.118935, 0.019950986), (0.288936, 0.07576901), (0.257928, 0.16004401), (0.18983, 0.16332698), (0.699225, 0.867924), (0.943525, 0.638814), (0.244794, 0.395355), (0.492013, 0.662771), (0.448966, 0.595887), (0.662987, 0.395477), (0.919083, 0.834968), (0.229108, 0.07467502), (0.196032, 0.24225098), (0.315567, 0.341604), (0.653137, 0.849196), (0.266075, 0.472211), (0.405432, 0.096198976), (0.009128, 0.28201604), (0.405554, 0.444242), (0.643896, 0.984546), (0.136933, 0.09777999), (0.166117, 0.495439), (0.230445, 0.32506597), (0.592944, 0.695727), (0.536763, 0.915594), (0.995815, 0.759085), (0.485082, 0.801039), (0.451033, 0.37674904), (0.087805, 0.405084), (0.60936, 0.905501), (0.700927, 0.427338), (0.787752, 0.498114), (0.549775, 0.667392), (0.551599, 0.39085603), (0.3332, 0.423325), (0.65484, 0.758841), (0.156632, 0.373587), (0.433279, 0.11784601), (0.223879, 0.49872196), (0.767809, 0.913527), (0.471098, 0.736222), (0.681349, 0.42393303), (0.489946, 0.350968), (0.714182, 0.809552), (0.634654, 0.17269099), (0.570934, 0.796175), (0.60024, 0.656691), (0.116625, 0.053393006), (0.533237, 0.519274), (0.449088, 0.45263302), (0.391569, 0.536664), (0.392056, 0.677364), (0.762823, 0.47026598), (0.577135, 0.32907903), (0.102397, 0.324701), (0.199558, 0.033936024), (0.968211, 0.579105), (0.538831, 0.13584399), (0.021045, 0.24602103), (0.201139, 0.491912), (0.440575, 0.767719), (0.717222, 0.44083703), (0.369194, 0.16442204), (0.773889, 0.856493), (0.459545, 0.11796701), (0.168185, 0.08963299), (0.636478, 0.605737), (0.648638, 0.783528), (0.498458, 0.255628), (0.652529, 0.667757), (0.730355, 0.680404), (0.996787, 0.688674), (0.257928, 0.30658102), (0.291612, 0.35948098), (0.402635, 0.721265), (0.602915, 0.63845), (0.864848, 0.902582), (0.675147, 0.44618702), (0.482042, 0.20807898), (0.385003, 0.118819), (0.459181, 0.209903), (0.906072, 0.578497), (0.474624, 0.277031), (0.522779, 0.73525), (0.818274, 0.591387), (0.05181, 0.320809), (0.103249, 0.34999502), (0.749447, 0.709712), (0.740448, 0.941983), (0.65715, 0.502005), (0.944863, 0.754464), (0.10945, 0.27484202), (0.872631, 0.695362), (0.676242, 0.46868503), (0.204422, 0.220361), (0.430604, 0.20978099), (0.647908, 0.45178103), (0.358493, 0.44035), (0.942309, 0.583118), (0.246619, 0.18035197), (0.582, 0.16344899), (0.507214, 0.303298), (0.143134, 0.079539), (0.574339, 0.652191), (0.611914, 0.45579398), (0.92115, 0.725521), (0.07905, 0.294542), (0.12307, 0.0019530058), (0.70567, 0.838738), (0.71479, 0.524016), (0.236525, 0.20139003), (0.033327, 0.285178), (0.385489, 0.749113), (0.282856, 0.086106), (0.226797, 0.34731996), (0.204057, 0.37139797), (0.150187, 0.508207), (0.499796, 0.584212), (0.076496, 0.32263398), (0.145931, 0.04427302), (0.965414, 0.634801), (0.310946, 0.38307297), (0.162712, 0.21002501), (0.244186, 0.42016304), (0.573366, 0.861235), (0.580297, 0.50006), (0.237985, 0.15445), (0.245159, 0.472333), (0.129758, 0.35023904), (0.490189, 0.47038698), (0.399838, 0.208444), (0.541871, 0.232036), (0.627114, 0.542987), (0.512929, 0.444485), (0.335146, 0.44533598), (0.784225, 0.666784), (0.247105, 0.244075), (0.861565, 0.601724), (0.02676, 0.46369898), (0.633438, 0.521341), (0.418565, 0.773799), (0.507214, 0.14387), (0.851107, 0.852601), (0.318607, 0.58482), (0.550018, 0.54469), (0.514145, 0.556486), (0.05631, 0.288948), (0.455532, 0.47379196), (0.716614, 0.610358), (0.993018, 0.656326), (0.82253, 0.708496), (0.143378, 0.12842602), (0.691564, 0.898569), (0.126475, 0.582631), (0.036489, 0.21209198), (0.410783, 0.498357), (0.665906, 0.44071496), (0.675391, 0.859168), (0.268872, 0.52961), (0.408715, 0.66265), (0.744826, 0.791068), (0.398136, 0.18704098), (0.964076, 0.788635), (0.459789, 0.32494402), (0.322499, 0.25526297), (0.865335, 0.572295), (0.485325, 0.839711), (0.720384, 0.569741), (0.797115, 0.781096), (0.577257, 0.29490697), (0.751149, 0.851872), (0.408715, 0.588347), (0.682687, 0.93189), (0.904612, 0.859654), (0.27483, 0.099117994), (0.252577, 0.22473902), (0.14435, 0.199566), (0.960307, 0.608777), (0.075037, 0.19080997), (0.812316, 0.530826), (0.282978, 0.122832), (0.438022, 0.40557003), (0.486906, 0.11954802), (0.493716, 0.10228002), (0.338794, 0.491669), (0.387435, 0.479021), (0.526305, 0.41444802), (0.588445, 0.717738), (0.76635, 0.798972), (0.268142, 0.18509501), (0.432914, 0.487777), (0.438386, 0.867681), (0.391934, 0.321782), (0.59489, 0.23276502), (0.273371, 0.24748003), (0.383665, 0.09595597), (0.462829, 0.654867), (0.555733, 0.32761896), (0.793954, 0.617898), (0.326147, 0.15663898), (0.219623, 0.14861298), (0.316175, 0.521463), (0.471098, 0.37419498), (0.420389, 0.41213703), (0.408715, 0.47026598), (0.596835, 0.67554), (0.738746, 0.45396996), (0.177305, 0.528151), (0.636721, 0.728926), (0.611306, 0.975669), (0.370654, 0.36714196), (0.110302, 0.458835), (0.371383, 0.573511), (0.872144, 0.542379), (0.088291, 0.509788), (0.129028, 0.32676804), (0.901207, 0.941132), (0.609482, 0.602332), (0.252699, 0.32786298), (0.331376, 0.10908997), (0.746042, 0.56889), (0.274587, 0.33309197), (0.25963, 0.20491701), (0.347184, 0.637477), (0.150066, 0.23410296), (0.093277, 0.20102596), (0.320432, 0.320688), (0.757838, 0.824753), (0.044758, 0.495803), (0.495418, 0.399247), (0.557436, 0.20370102), (0.281275, 0.613033), (0.388651, 0.506505), (0.427321, 0.548338), (0.460397, 0.892245), (0.941336, 0.846886), (0.557801, 0.893097), (0.132068, 0.522071), (0.577865, 0.768448), (0.212205, 0.283962), (0.471341, 0.18424404), (0.568866, 0.710077), (0.677458, 0.370304), (0.59647, 0.559283), (0.485082, 0.32616), (0.503201, 0.27921999), (0.286261, 0.423568), (0.416011, 0.526084), (0.226068, 0.17597401), (0.377342, 0.409218), (0.199923, 0.620816), (0.277749, 0.228387), (0.585283, 0.830833), (0.624439, 0.777569), (0.469638, 0.44095802), (0.465504, 0.23154902), (0.684146, 0.44120097), (0.302556, 0.126966), (0.290396, 0.19044602), (0.17621, 0.186311), (0.572515, 0.553446), (0.812437, 0.647449), (0.229108, 0.06154102), (0.264859, 0.44606602), (0.386948, 0.35486), (0.35898, 0.287975), (0.145323, 0.474279), (0.647665, 0.428433), (0.318607, 0.551986), (0.470246, 0.676878), (0.826178, 0.898812), (0.394123, 0.776353), (0.327484, 0.29965), (0.397528, 0.705577), (0.308393, 0.15165299), (0.409445, 0.365561), (0.159064, 0.14119399), (0.05631, 0.3821), (0.116868, 0.03673303), (0.735463, 0.817457), (0.735098, 0.657542), (0.629546, 0.643922), (0.666514, 0.45834804), (0.725126, 0.703388), (0.568745, 0.18168998), (0.614346, 0.583361), (0.264494, 0.42137897), (0.772673, 0.508451), (0.204422, 0.348171), (0.605226, 0.538609), (0.244308, 0.530218), (0.702022, 0.774164), (0.692172, 0.588833), (0.24443, 0.445701), (0.224852, 0.39474702), (0.114679, 0.08780897), (0.205517, 0.418217), (0.443129, 0.16417801), (0.224852, 0.41919), (0.729504, 0.46491504), (0.94766, 0.888597), (0.693874, 0.71944), (0.870442, 0.962048), (0.85512, 0.771124), (0.191289, 0.101671994), (0.745191, 0.88203), (0.516942, 0.63468), (0.125988, 0.117115974), (0.265102, 0.39766598), (0.674175, 0.525962), (0.686578, 0.629329), (0.067619, 0.480116), (0.283464, 0.20966), (0.308028, 0.21428096), (0.853174, 0.94101), (0.378679, 0.628964), (0.954348, 0.818551), (0.979763, 0.827793), (0.874212, 0.797634), (0.922123, 0.609628), (0.221325, 0.09036201), (0.014114, 0.429892), (0.644747, 0.566336), (0.616292, 0.701929), (0.917259, 0.752396), (0.497242, 0.741816), (0.624561, 0.49385798), (0.644139, 0.387451), (0.31958, 0.17621803), (0.157484, 0.30670297), (0.680012, 0.992694), (0.510497, 0.328349), (0.263278, 0.286151), (0.718438, 0.998044), (0.156754, 0.108482), (0.46672, 0.816484), (0.785806, 0.964967), (0.131217, 0.30402803), (0.373694, 0.387937), (0.081482, 0.37796497), (0.514145, 0.933957), (0.347671, 0.304757), (0.987546, 0.627018), (0.346211, 0.343185), (0.027125, 0.353765), (0.596714, 0.37127697), (0.787873, 0.535326), (0.79371, 0.563296), (0.245402, 0.083186984), (0.451155, 0.187527), (0.683903, 0.829861), (0.640491, 0.810525), (0.842108, 0.565485), (0.583945, 0.464185), (0.462221, 0.854304), (0.182534, 0.21695602), (0.361655, 0.462726), (0.605712, 0.620573), (0.332592, 0.401922), (0.312649, 0.36239898), (0.570447, 0.39766598), (0.500282, 0.43354), (0.492986, 0.526449), (0.443251, 0.42952704), (0.583459, 0.899299), (0.332105, 0.38076198), (0.713817, 0.969588), (0.948268, 0.725521), (0.845392, 0.792648), (0.710899, 0.500789), (0.408229, 0.11906201), (0.511713, 0.22486103), (0.746893, 0.591509), (0.683173, 0.650002), (0.910936, 0.777812), (0.998003, 0.72321), (0.829097, 0.682715), (0.500404, 0.783528), (0.436806, 0.14070797), (0.311433, 0.088781), (0.359101, 0.24346697), (0.624804, 0.40861), (0.672472, 0.547487), (0.204544, 0.39474702), (0.922731, 0.640152), (0.621034, 0.68235), (0.175481, 0.050231993), (0.567042, 0.930066), (0.707372, 0.404962), (0.553909, 0.594549), (0.369802, 0.184973), (0.628209, 0.22328001), (0.267534, 0.499695), (0.171225, 0.45445704), (0.437657, 0.32774103), (0.312284, 0.47002196), (0.456384, 0.40021896), (0.973683, 0.724548), (0.548316, 0.507964), (0.21561, 0.26353204), (0.487028, 0.616074), (0.789211, 0.642827), (0.48496, 0.760422), (0.231783, 0.12672299), (0.175602, 0.12064302), (0.231661, 0.098874986), (0.174508, 0.07041901), (0.923218, 0.698037), (0.523995, 0.10933298), (0.310095, 0.40386796), (0.513051, 0.19093204), (0.479002, 0.45676696), (0.097533, 0.238967), (0.342806, 0.18108201), (0.18983, 0.263897), (0.63818, 0.445822), (0.45991, 0.13912702), (0.82934, 0.7648), (0.295989, 0.339172), (0.162834, 0.417001), (0.620791, 0.19239098), (0.14581, 0.028221011), (0.424645, 0.436459), (0.206368, 0.325917), (0.936716, 0.556607), (0.194694, 0.19360697), (0.882237, 0.775137), (0.268629, 0.266572), (0.238958, 0.632491), (0.979641, 0.601602), (0.709804, 0.939916), (0.399109, 0.564512), (0.34305, 0.54773), (0.557071, 0.485223), (0.277992, 0.638693), (0.355332, 0.418339), (0.710291, 0.749599), (0.93854, 0.782433), (0.172197, 0.23969698), (0.898897, 0.670676), (0.56303, 0.734641), (0.788238, 0.805661), (0.377707, 0.302082), (0.113463, 0.536907), (0.658001, 0.43585098), (0.155416, 0.350968), (0.503201, 0.16271901), (0.076861, 0.15432799), (0.743002, 0.49106097), (0.957753, 0.593211), (0.625533, 0.663136), (0.895857, 0.546514), (0.521563, 0.670676), (0.300853, 0.31837702), (0.674783, 0.691957), (0.948511, 0.696335), (0.705791, 0.418096), (0.53652, 0.567066), (0.250023, 0.13414097), (0.716492, 0.474644), (0.667365, 0.41237998), (0.679525, 0.670797), (0.845392, 0.538245), (0.131825, 0.37383103), (0.697158, 0.456524), (0.575798, 0.13195199), (0.965535, 0.85929), (0.970035, 0.662163), (0.288693, 0.38003302), (0.442035, 0.66873), (0.754919, 0.686242), (0.440454, 0.510032), (0.718317, 0.726372), (0.668946, 0.71336), (0.200896, 0.08184999), (0.606199, 0.747167), (0.45687, 0.752396), (0.365911, 0.31631), (0.47049, 0.776353), (0.631492, 0.841535), (0.616778, 0.159679), (0.518401, 0.613033), (0.529467, 0.77842), (0.696063, 0.54846), (0.508795, 0.548703), (0.613373, 0.424541), (0.3135, 0.195432), (0.795778, 0.591387), (0.903518, 0.802256), (0.560111, 0.43317497), (0.537858, 0.750694), (0.857674, 0.632248), (0.063971, 0.411286), (0.512443, 0.762246), (0.181196, 0.328592), (0.086589, 0.266451), (0.057647, 0.22011799), (0.705427, 0.675054), (0.686943, 0.41444802), (0.541263, 0.46880603), (0.337213, 0.468077), (0.693145, 0.801161), (0.452128, 0.299406), (0.930149, 0.808944), (0.445439, 0.35254896), (0.697522, 0.391585), (0.488244, 0.18059498), (0.646449, 0.407638), (0.648395, 0.687701), (0.803925, 0.833387), (0.794805, 0.88349), (0.502593, 0.701929), (0.759783, 0.662893), (0.527035, 0.842751), (0.649611, 0.545663), (0.608874, 0.836063), (0.286991, 0.401192), (0.473773, 0.413961), (0.203814, 0.14107299), (0.23458, 0.30366302), (0.528737, 0.27399004), (0.452614, 0.792648), (0.581635, 0.598441), (0.365303, 0.117115974), (0.207219, 0.17062402), (0.923218, 0.66946), (0.329673, 0.23653501), (0.127326, 0.15031499), (0.676607, 0.481454), (0.648152, 0.475981), (0.243214, 0.10641503), (0.051567, 0.450687), (0.439846, 0.570227), (0.895614, 0.825118), (0.251361, 0.07236397), (0.652408, 0.18387902), (0.661406, 0.479994), (0.653502, 0.524138), (0.739962, 0.912919), (0.309609, 0.42527103), (0.185817, 0.28530002), (0.267777, 0.558796), (0.466477, 0.34999502), (0.530075, 0.696457), (0.574582, 0.36337197), (0.727315, 0.42137897), (0.345968, 0.16077298), (0.659582, 0.627991), (0.074915, 0.440107), (0.209165, 0.304636), (0.039164, 0.42004204), (0.886737, 0.88203), (0.172927, 0.034300983), (0.242849, 0.26328897), (0.532021, 0.72321), (0.917259, 0.550284), (0.655205, 0.38319397), (0.877738, 0.638693), (0.599997, 0.44339), (0.187398, 0.43816102), (0.097412, 0.43208098), (0.579932, 0.965089), (0.616656, 0.24225098), (0.660677, 0.38064098), (0.444831, 0.729047), (0.190073, 0.561472), (0.574703, 0.22133398), (0.693753, 0.503221), (0.630033, 0.75191), (0.719168, 0.590171), (0.142526, 0.16356999), (0.307177, 0.297096), (0.296719, 0.09303802), (0.587837, 0.19725597), (0.547343, 0.650975), (0.38476, 0.45396996), (0.583337, 0.741938), (0.896951, 0.698037), (0.116625, 0.07041901), (0.662136, 0.819889), (0.148728, 0.443025), (0.245646, 0.501276), (0.460761, 0.713847), (0.625777, 0.43658), (0.866794, 0.817821), (0.413701, 0.14204597), (0.419538, 0.839103), (0.394488, 0.16539401), (0.332835, 0.360332), (0.486298, 0.720048), (0.723667, 0.782312), (0.673323, 0.430135), (0.346211, 0.608899), (0.480461, 0.573754), (0.940972, 0.610966), (0.561205, 0.14873397), (0.094372, 0.16417801), (0.256955, 0.05764997), (0.483501, 0.15955698), (0.453708, 0.528881), (0.884669, 0.846399), (0.597443, 0.14581597), (0.566434, 0.48571002), (0.16101, 0.46333396), (0.435833, 0.704361), (0.66323, 0.42296004), (0.770363, 0.566093), (0.686335, 0.742181), (0.837731, 0.626046), (0.821801, 0.875828), (0.401419, 0.420285), (0.159916, 0.543717), (0.522657, 0.249426), (0.743488, 0.61352), (0.661893, 0.735736), (0.278235, 0.16539401), (0.237012, 0.554175), (0.609725, 0.48716903), (0.742151, 0.733182), (0.319459, 0.13110101), (0.538831, 0.816119), (0.366033, 0.224253), (0.478637, 0.508207), (0.488365, 0.640517), (0.413579, 0.28019202), (0.402392, 0.34342897), (0.743488, 0.44472802), (0.723059, 0.43147302), (0.739232, 0.635409), (0.881386, 0.921431), (0.834204, 0.655231), (0.111396, 0.105198026), (0.35144, 0.356076), (0.970764, 0.757139), (0.517307, 0.803715), (0.989126, 0.794229), (0.140459, 0.420771), (0.533966, 0.328471), (0.310946, 0.44716), (0.337091, 0.279584), (0.548802, 0.788757), (0.089264, 0.46844196), (0.665784, 0.588225), (0.749569, 0.970561), (0.425983, 0.18764901), (0.727194, 0.496898), (0.635383, 0.39572), (0.267048, 0.078930974), (0.224973, 0.370669), (0.522657, 0.173056), (0.532629, 0.300866), (0.332227, 0.13511401), (0.54941, 0.16685402), (0.525576, 0.59005), (0.692901, 0.435364), (0.518523, 0.654015), (0.419903, 0.165151), (0.056553, 0.182055), (0.588323, 0.579348), (0.03126, 0.387815), (0.550018, 0.853939), (0.183142, 0.30694604), (0.779118, 0.690741), (0.31423, 0.10690099), (0.595984, 0.937119), (0.905099, 0.898812), (0.189952, 0.132074), (0.180588, 0.350482), (0.973683, 0.692687), (0.1739, 0.15347701), (0.335024, 0.34087503), (0.294408, 0.556729), (0.370289, 0.094132006), (0.657758, 0.401192), (0.159186, 0.39584196), (0.925285, 0.874004), (0.694726, 0.569011), (0.62298, 0.94478), (0.706886, 0.451052), (0.415039, 0.38830197), (0.314473, 0.275693), (0.365303, 0.513193), (0.427199, 0.303298), (0.534331, 0.35717), (0.902059, 0.611088), (0.635991, 0.47148204), (0.288328, 0.470995), (0.719533, 0.54773), (0.140702, 0.25781596), (0.623953, 0.465158), (0.145931, 0.06178403), (0.600726, 0.773556), (0.870928, 0.865613), (0.773038, 0.715063), (0.147147, 0.012046993), (0.829705, 0.833874), (0.227162, 0.04865098), (0.269966, 0.353765), (0.559746, 0.255871), (0.027612, 0.31947196), (0.065065, 0.25781596), (0.160524, 0.284692), (0.130001, 0.45056498), (0.655813, 0.647692), (0.733152, 0.757261), (0.453587, 0.633464), (0.54029, 0.18777001), (0.582972, 0.262438), (0.577257, 0.616925), (0.468179, 0.549432), (0.286139, 0.292475), (0.590025, 0.409218), (0.526792, 0.45579398), (0.793954, 0.723089), (0.248199, 0.349387), (0.798088, 0.990505), (0.83542, 0.979317), (0.498945, 0.201877), (0.503201, 0.48473704), (0.772187, 0.592238), (0.483501, 0.13888401), (0.433644, 0.09753698), (0.178886, 0.48023796), (0.551842, 0.682958), (0.347427, 0.139005), (0.51074, 0.406421), (0.548072, 0.614371), (0.181196, 0.372858), (0.797845, 0.857466), (0.504052, 0.824388), (0.409202, 0.747045), (0.353629, 0.396936), (0.69278, 0.480967), (0.713088, 0.631518), (0.597443, 0.867437), (0.218528, 0.523408), (0.110058, 0.17488003), (0.946565, 0.667635), (0.501985, 0.17816299), (0.862781, 0.747289), (0.1193, 0.425636), (0.575068, 0.63468), (0.953132, 0.563417), (0.694969, 0.526205), (0.367492, 0.542501), (0.429145, 0.741208), (0.334173, 0.08963299), (0.224852, 0.47135997), (0.640369, 0.49872196), (0.341347, 0.11164403), (0.381476, 0.698524), (0.806235, 0.932011), (0.436806, 0.253317), (0.005237, 0.394382), (0.463801, 0.161381), (0.852566, 0.882638), (0.118327, 0.25015497), (0.754676, 0.765408), (0.485447, 0.913405), (0.280059, 0.312662), (0.106653, 0.37504697), (0.67308, 0.402165), (0.108234, 0.495925), (0.60705, 0.265235), (0.492013, 0.23191398), (0.340618, 0.517814), (0.561692, 0.82451), (0.352048, 0.376141), (0.165266, 0.26219404), (0.594038, 0.801769), (0.206733, 0.112372994), (0.687186, 0.381005), (0.806235, 0.757139), (0.764282, 0.540433), (0.289301, 0.586645), (0.620913, 0.873153), (0.245767, 0.371885), (0.043177, 0.25125003), (0.142283, 0.561107), (0.819977, 0.787663), (0.769633, 0.616439), (0.671256, 0.38805902), (0.18302, 0.39486897), (0.292584, 0.525841), (0.220717, 0.24334502), (0.271669, 0.067499995), (0.158943, 0.17609602), (0.451884, 0.691349), (0.54637, 0.951104), (0.614346, 0.516842), (0.837852, 0.74206), (0.617629, 0.805661), (0.111761, 0.139005), (0.191776, 0.511126), (0.546127, 0.63322), (0.844784, 0.717616), (0.361533, 0.092307985), (0.127569, 0.48473704), (0.925285, 0.580443), (0.816207, 0.620573), (0.185087, 0.416758), (0.162104, 0.603913), (0.174022, 0.581415), (0.551477, 0.11954802), (0.42878, 0.46187496), (0.662744, 0.608048), (0.658609, 0.921431), (0.217677, 0.119183004), (0.527886, 0.209903), (0.262305, 0.11565697), (0.837366, 0.919486), (0.65484, 0.414326), (0.525454, 0.684539), (0.186668, 0.460051), (0.555125, 0.29600096), (0.894154, 0.724791), (0.669067, 0.56816), (0.256833, 0.583361), (0.551964, 0.699497), (0.801615, 0.697673), (0.418565, 0.33418596), (0.266926, 0.37516797), (0.707129, 0.47817004), (0.823625, 0.853817), (0.398501, 0.25283098), (0.470368, 0.253803), (0.443615, 0.829861), (0.476448, 0.39657104), (0.8111, 0.810525), (0.693388, 0.40313804), (0.620426, 0.563539), (0.764404, 0.740114), (0.881751, 0.608899), (0.413336, 0.614614), (0.350467, 0.114683986), (0.214759, 0.19835001), (0.001953, 0.35790002), (0.600362, 0.295515), (0.376612, 0.601359), (0.228013, 0.22267199), (0.052175, 0.351941), (0.270209, 0.14095098), (0.380625, 0.430865), (0.07759, 0.350725), (0.814869, 0.732939), (0.634167, 0.912311), (0.517793, 0.500668), (0.529345, 0.15372002), (0.104343, 0.299771), (0.675512, 0.503829), (0.513172, 0.35425198), (0.29222, 0.27204502), (0.407499, 0.31083798), (0.373329, 0.27265298), (0.095466, 0.555878), (0.410539, 0.690498), (0.836758, 0.813322), (0.546492, 0.722967), (0.769147, 0.885071), (0.542965, 0.422839), (0.314595, 0.640395), (0.642923, 0.707766), (0.429509, 0.802377), (0.379166, 0.334673), (0.840892, 0.873396), (0.668338, 0.376871), (0.773038, 0.940037), (0.208922, 0.596495), (0.72841, 0.845183), (0.203936, 0.06409502), (0.16782, 0.43706703), (0.202477, 0.047312975), (0.679039, 0.964116), (0.392421, 0.288827), (0.633194, 0.624708), (0.111639, 0.40021896), (0.257198, 0.090241015), (0.508187, 0.861357), (0.868618, 0.722116), (0.111153, 0.212457), (0.577622, 0.447403), (0.671621, 0.79204), (0.734247, 0.520247), (0.36737, 0.14216697), (0.572515, 0.68916), (0.39011, 0.14301902), (0.493108, 0.375655), (0.432793, 0.38173497), (0.428901, 0.649151), (0.689618, 0.60902), (0.679282, 0.766138), (0.755527, 0.48181796), (0.077347, 0.22850901), (0.357399, 0.33041596), (0.392421, 0.375898), (0.53275, 0.879841), (0.303164, 0.23300803), (0.313987, 0.494709), (0.339523, 0.32251203), (0.290152, 0.14605904), (0.785077, 0.748505), (0.6822, 0.38963997), (0.780577, 0.830469), (0.224852, 0.444606), (0.222784, 0.575457), (0.380625, 0.723454), (0.601578, 0.17852801), (0.75881, 0.996828), (0.130123, 0.224374), (0.640004, 0.20418704), (0.293314, 0.10483402), (0.298057, 0.252101), (0.667608, 0.889205), (0.820706, 0.955117), (0.79748, 0.909149), (0.290152, 0.496898), (0.51074, 0.719562), (0.655691, 0.454821), (0.462829, 0.09851003), (0.643774, 0.880936), (0.611306, 0.723089), (0.700562, 0.697186), (0.859619, 0.835576), (0.424888, 0.680526), (0.48946, 0.42247403), (0.398622, 0.23069799), (0.850013, 0.691592), (0.562422, 0.574241), (0.369073, 0.204674), (0.886007, 0.576429), (0.484596, 0.87595), (0.09729, 0.12793899), (0.649124, 0.954995), (0.426591, 0.35790002), (0.775592, 0.773556), (0.298421, 0.17135298), (0.068227, 0.526084), (0.59647, 0.510032), (0.875306, 0.667514), (0.926866, 0.916689), (0.496634, 0.683201), (0.405432, 0.806512), (0.807573, 0.672743), (0.840406, 0.595887), (0.649246, 0.39778697), (0.741908, 0.544568), (0.172441, 0.022747993), (0.574095, 0.670311), (0.126961, 0.18740499), (0.135109, 0.39754403), (0.686092, 0.45932102), (0.564732, 0.522435), (0.530318, 0.531313), (0.554396, 0.35923803), (0.753825, 0.515504), (0.444223, 0.27520597), (0.509281, 0.897353), (0.344995, 0.579226), (0.462585, 0.421866), (0.134865, 0.281408), (0.155538, 0.328714), (0.245402, 0.607075), (0.477664, 0.698402), (0.532386, 0.38574803), (0.764647, 0.639422), (0.002561, 0.31995797), (0.714912, 0.90769), (0.205152, 0.46758997), (0.899991, 0.642219), (0.70944, 0.653164), (0.817788, 0.562323), (0.348643, 0.26061296), (0.607536, 0.21160501), (0.596106, 0.477562), (0.556585, 0.76103), (0.205882, 0.44241703), (0.465017, 0.49203396), (0.238714, 0.28311098), (0.479488, 0.30159497), (0.397285, 0.39766598), (0.889047, 0.75045), (0.513294, 0.38027596), (0.367005, 0.34731996), (0.640126, 0.586401), (0.350467, 0.09096998), (0.206125, 0.542866), (0.722329, 0.875342), (0.334902, 0.21829402), (0.363722, 0.48644), (0.420511, 0.714819), (0.286747, 0.446795), (0.598051, 0.3337), (0.433887, 0.231184), (0.315081, 0.613155), (0.854147, 0.663136), (0.637086, 0.42004204), (0.33928, 0.19993103), (0.584067, 0.532164), (0.51378, 0.12575), (0.650462, 0.38416696)] (
                    interpolation = "faceVarying"
                )
                texCoord2f[] primvars:st1 = [(0.118935, 0.019950986), (0.288936, 0.07576901), (0.257928, 0.16004401), (0.18983, 0.16332698), (0.699225, 0.867924), (0.943525, 0.638814), (0.244794, 0.395355), (0.492013, 0.662771), (0.448966, 0.595887), (0.662987, 0.395477), (0.919083, 0.834968), (0.229108, 0.07467502), (0.196032, 0.24225098), (0.315567, 0.341604), (0.653137, 0.849196), (0.266075, 0.472211), (0.405432, 0.096198976), (0.009128, 0.28201604), (0.405554, 0.444242), (0.643896, 0.984546), (0.136933, 0.09777999), (0.166117, 0.495439), (0.230445, 0.32506597), (0.592944, 0.695727), (0.536763, 0.915594), (0.995815, 0.759085), (0.485082, 0.801039), (0.451033, 0.37674904), (0.087805, 0.405084), (0.60936, 0.905501), (0.700927, 0.427338), (0.787752, 0.498114), (0.549775, 0.667392), (0.551599, 0.39085603), (0.3332, 0.423325), (0.65484, 0.758841), (0.156632, 0.373587), (0.433279, 0.11784601), (0.223879, 0.49872196), (0.767809, 0.913527), (0.471098, 0.736222), (0.681349, 0.42393303), (0.489946, 0.350968), (0.714182, 0.809552), (0.634654, 0.17269099), (0.570934, 0.796175), (0.60024, 0.656691), (0.116625, 0.053393006), (0.533237, 0.519274), (0.449088, 0.45263302), (0.391569, 0.536664), (0.392056, 0.677364), (0.762823, 0.47026598), (0.577135, 0.32907903), (0.102397, 0.324701), (0.199558, 0.033936024), (0.968211, 0.579105), (0.538831, 0.13584399), (0.021045, 0.24602103), (0.201139, 0.491912), (0.440575, 0.767719), (0.717222, 0.44083703), (0.369194, 0.16442204), (0.773889, 0.856493), (0.459545, 0.11796701), (0.168185, 0.08963299), (0.636478, 0.605737), (0.648638, 0.783528), (0.498458, 0.255628), (0.652529, 0.667757), (0.730355, 0.680404), (0.996787, 0.688674), (0.257928, 0.30658102), (0.291612, 0.35948098), (0.402635, 0.721265), (0.602915, 0.63845), (0.864848, 0.902582), (0.675147, 0.44618702), (0.482042, 0.20807898), (0.385003, 0.118819), (0.459181, 0.209903), (0.906072, 0.578497), (0.474624, 0.277031), (0.522779, 0.73525), (0.818274, 0.591387), (0.05181, 0.320809), (0.103249, 0.34999502), (0.749447, 0.709712), (0.740448, 0.941983), (0.65715, 0.502005), (0.944863, 0.754464), (0.10945, 0.27484202), (0.872631, 0.695362), (0.676242, 0.46868503), (0.204422, 0.220361), (0.430604, 0.20978099), (0.647908, 0.45178103), (0.358493, 0.44035), (0.942309, 0.583118), (0.246619, 0.18035197), (0.582, 0.16344899), (0.507214, 0.303298), (0.143134, 0.079539), (0.574339, 0.652191), (0.611914, 0.45579398), (0.92115, 0.725521), (0.07905, 0.294542), (0.12307, 0.0019530058), (0.70567, 0.838738), (0.71479, 0.524016), (0.236525, 0.20139003), (0.033327, 0.285178), (0.385489, 0.749113), (0.282856, 0.086106), (0.226797, 0.34731996), (0.204057, 0.37139797), (0.150187, 0.508207), (0.499796, 0.584212), (0.076496, 0.32263398), (0.145931, 0.04427302), (0.965414, 0.634801), (0.310946, 0.38307297), (0.162712, 0.21002501), (0.244186, 0.42016304), (0.573366, 0.861235), (0.580297, 0.50006), (0.237985, 0.15445), (0.245159, 0.472333), (0.129758, 0.35023904), (0.490189, 0.47038698), (0.399838, 0.208444), (0.541871, 0.232036), (0.627114, 0.542987), (0.512929, 0.444485), (0.335146, 0.44533598), (0.784225, 0.666784), (0.247105, 0.244075), (0.861565, 0.601724), (0.02676, 0.46369898), (0.633438, 0.521341), (0.418565, 0.773799), (0.507214, 0.14387), (0.851107, 0.852601), (0.318607, 0.58482), (0.550018, 0.54469), (0.514145, 0.556486), (0.05631, 0.288948), (0.455532, 0.47379196), (0.716614, 0.610358), (0.993018, 0.656326), (0.82253, 0.708496), (0.143378, 0.12842602), (0.691564, 0.898569), (0.126475, 0.582631), (0.036489, 0.21209198), (0.410783, 0.498357), (0.665906, 0.44071496), (0.675391, 0.859168), (0.268872, 0.52961), (0.408715, 0.66265), (0.744826, 0.791068), (0.398136, 0.18704098), (0.964076, 0.788635), (0.459789, 0.32494402), (0.322499, 0.25526297), (0.865335, 0.572295), (0.485325, 0.839711), (0.720384, 0.569741), (0.797115, 0.781096), (0.577257, 0.29490697), (0.751149, 0.851872), (0.408715, 0.588347), (0.682687, 0.93189), (0.904612, 0.859654), (0.27483, 0.099117994), (0.252577, 0.22473902), (0.14435, 0.199566), (0.960307, 0.608777), (0.075037, 0.19080997), (0.812316, 0.530826), (0.282978, 0.122832), (0.438022, 0.40557003), (0.486906, 0.11954802), (0.493716, 0.10228002), (0.338794, 0.491669), (0.387435, 0.479021), (0.526305, 0.41444802), (0.588445, 0.717738), (0.76635, 0.798972), (0.268142, 0.18509501), (0.432914, 0.487777), (0.438386, 0.867681), (0.391934, 0.321782), (0.59489, 0.23276502), (0.273371, 0.24748003), (0.383665, 0.09595597), (0.462829, 0.654867), (0.555733, 0.32761896), (0.793954, 0.617898), (0.326147, 0.15663898), (0.219623, 0.14861298), (0.316175, 0.521463), (0.471098, 0.37419498), (0.420389, 0.41213703), (0.408715, 0.47026598), (0.596835, 0.67554), (0.738746, 0.45396996), (0.177305, 0.528151), (0.636721, 0.728926), (0.611306, 0.975669), (0.370654, 0.36714196), (0.110302, 0.458835), (0.371383, 0.573511), (0.872144, 0.542379), (0.088291, 0.509788), (0.129028, 0.32676804), (0.901207, 0.941132), (0.609482, 0.602332), (0.252699, 0.32786298), (0.331376, 0.10908997), (0.746042, 0.56889), (0.274587, 0.33309197), (0.25963, 0.20491701), (0.347184, 0.637477), (0.150066, 0.23410296), (0.093277, 0.20102596), (0.320432, 0.320688), (0.757838, 0.824753), (0.044758, 0.495803), (0.495418, 0.399247), (0.557436, 0.20370102), (0.281275, 0.613033), (0.388651, 0.506505), (0.427321, 0.548338), (0.460397, 0.892245), (0.941336, 0.846886), (0.557801, 0.893097), (0.132068, 0.522071), (0.577865, 0.768448), (0.212205, 0.283962), (0.471341, 0.18424404), (0.568866, 0.710077), (0.677458, 0.370304), (0.59647, 0.559283), (0.485082, 0.32616), (0.503201, 0.27921999), (0.286261, 0.423568), (0.416011, 0.526084), (0.226068, 0.17597401), (0.377342, 0.409218), (0.199923, 0.620816), (0.277749, 0.228387), (0.585283, 0.830833), (0.624439, 0.777569), (0.469638, 0.44095802), (0.465504, 0.23154902), (0.684146, 0.44120097), (0.302556, 0.126966), (0.290396, 0.19044602), (0.17621, 0.186311), (0.572515, 0.553446), (0.812437, 0.647449), (0.229108, 0.06154102), (0.264859, 0.44606602), (0.386948, 0.35486), (0.35898, 0.287975), (0.145323, 0.474279), (0.647665, 0.428433), (0.318607, 0.551986), (0.470246, 0.676878), (0.826178, 0.898812), (0.394123, 0.776353), (0.327484, 0.29965), (0.397528, 0.705577), (0.308393, 0.15165299), (0.409445, 0.365561), (0.159064, 0.14119399), (0.05631, 0.3821), (0.116868, 0.03673303), (0.735463, 0.817457), (0.735098, 0.657542), (0.629546, 0.643922), (0.666514, 0.45834804), (0.725126, 0.703388), (0.568745, 0.18168998), (0.614346, 0.583361), (0.264494, 0.42137897), (0.772673, 0.508451), (0.204422, 0.348171), (0.605226, 0.538609), (0.244308, 0.530218), (0.702022, 0.774164), (0.692172, 0.588833), (0.24443, 0.445701), (0.224852, 0.39474702), (0.114679, 0.08780897), (0.205517, 0.418217), (0.443129, 0.16417801), (0.224852, 0.41919), (0.729504, 0.46491504), (0.94766, 0.888597), (0.693874, 0.71944), (0.870442, 0.962048), (0.85512, 0.771124), (0.191289, 0.101671994), (0.745191, 0.88203), (0.516942, 0.63468), (0.125988, 0.117115974), (0.265102, 0.39766598), (0.674175, 0.525962), (0.686578, 0.629329), (0.067619, 0.480116), (0.283464, 0.20966), (0.308028, 0.21428096), (0.853174, 0.94101), (0.378679, 0.628964), (0.954348, 0.818551), (0.979763, 0.827793), (0.874212, 0.797634), (0.922123, 0.609628), (0.221325, 0.09036201), (0.014114, 0.429892), (0.644747, 0.566336), (0.616292, 0.701929), (0.917259, 0.752396), (0.497242, 0.741816), (0.624561, 0.49385798), (0.644139, 0.387451), (0.31958, 0.17621803), (0.157484, 0.30670297), (0.680012, 0.992694), (0.510497, 0.328349), (0.263278, 0.286151), (0.718438, 0.998044), (0.156754, 0.108482), (0.46672, 0.816484), (0.785806, 0.964967), (0.131217, 0.30402803), (0.373694, 0.387937), (0.081482, 0.37796497), (0.514145, 0.933957), (0.347671, 0.304757), (0.987546, 0.627018), (0.346211, 0.343185), (0.027125, 0.353765), (0.596714, 0.37127697), (0.787873, 0.535326), (0.79371, 0.563296), (0.245402, 0.083186984), (0.451155, 0.187527), (0.683903, 0.829861), (0.640491, 0.810525), (0.842108, 0.565485), (0.583945, 0.464185), (0.462221, 0.854304), (0.182534, 0.21695602), (0.361655, 0.462726), (0.605712, 0.620573), (0.332592, 0.401922), (0.312649, 0.36239898), (0.570447, 0.39766598), (0.500282, 0.43354), (0.492986, 0.526449), (0.443251, 0.42952704), (0.583459, 0.899299), (0.332105, 0.38076198), (0.713817, 0.969588), (0.948268, 0.725521), (0.845392, 0.792648), (0.710899, 0.500789), (0.408229, 0.11906201), (0.511713, 0.22486103), (0.746893, 0.591509), (0.683173, 0.650002), (0.910936, 0.777812), (0.998003, 0.72321), (0.829097, 0.682715), (0.500404, 0.783528), (0.436806, 0.14070797), (0.311433, 0.088781), (0.359101, 0.24346697), (0.624804, 0.40861), (0.672472, 0.547487), (0.204544, 0.39474702), (0.922731, 0.640152), (0.621034, 0.68235), (0.175481, 0.050231993), (0.567042, 0.930066), (0.707372, 0.404962), (0.553909, 0.594549), (0.369802, 0.184973), (0.628209, 0.22328001), (0.267534, 0.499695), (0.171225, 0.45445704), (0.437657, 0.32774103), (0.312284, 0.47002196), (0.456384, 0.40021896), (0.973683, 0.724548), (0.548316, 0.507964), (0.21561, 0.26353204), (0.487028, 0.616074), (0.789211, 0.642827), (0.48496, 0.760422), (0.231783, 0.12672299), (0.175602, 0.12064302), (0.231661, 0.098874986), (0.174508, 0.07041901), (0.923218, 0.698037), (0.523995, 0.10933298), (0.310095, 0.40386796), (0.513051, 0.19093204), (0.479002, 0.45676696), (0.097533, 0.238967), (0.342806, 0.18108201), (0.18983, 0.263897), (0.63818, 0.445822), (0.45991, 0.13912702), (0.82934, 0.7648), (0.295989, 0.339172), (0.162834, 0.417001), (0.620791, 0.19239098), (0.14581, 0.028221011), (0.424645, 0.436459), (0.206368, 0.325917), (0.936716, 0.556607), (0.194694, 0.19360697), (0.882237, 0.775137), (0.268629, 0.266572), (0.238958, 0.632491), (0.979641, 0.601602), (0.709804, 0.939916), (0.399109, 0.564512), (0.34305, 0.54773), (0.557071, 0.485223), (0.277992, 0.638693), (0.355332, 0.418339), (0.710291, 0.749599), (0.93854, 0.782433), (0.172197, 0.23969698), (0.898897, 0.670676), (0.56303, 0.734641), (0.788238, 0.805661), (0.377707, 0.302082), (0.113463, 0.536907), (0.658001, 0.43585098), (0.155416, 0.350968), (0.503201, 0.16271901), (0.076861, 0.15432799), (0.743002, 0.49106097), (0.957753, 0.593211), (0.625533, 0.663136), (0.895857, 0.546514), (0.521563, 0.670676), (0.300853, 0.31837702), (0.674783, 0.691957), (0.948511, 0.696335), (0.705791, 0.418096), (0.53652, 0.567066), (0.250023, 0.13414097), (0.716492, 0.474644), (0.667365, 0.41237998), (0.679525, 0.670797), (0.845392, 0.538245), (0.131825, 0.37383103), (0.697158, 0.456524), (0.575798, 0.13195199), (0.965535, 0.85929), (0.970035, 0.662163), (0.288693, 0.38003302), (0.442035, 0.66873), (0.754919, 0.686242), (0.440454, 0.510032), (0.718317, 0.726372), (0.668946, 0.71336), (0.200896, 0.08184999), (0.606199, 0.747167), (0.45687, 0.752396), (0.365911, 0.31631), (0.47049, 0.776353), (0.631492, 0.841535), (0.616778, 0.159679), (0.518401, 0.613033), (0.529467, 0.77842), (0.696063, 0.54846), (0.508795, 0.548703), (0.613373, 0.424541), (0.3135, 0.195432), (0.795778, 0.591387), (0.903518, 0.802256), (0.560111, 0.43317497), (0.537858, 0.750694), (0.857674, 0.632248), (0.063971, 0.411286), (0.512443, 0.762246), (0.181196, 0.328592), (0.086589, 0.266451), (0.057647, 0.22011799), (0.705427, 0.675054), (0.686943, 0.41444802), (0.541263, 0.46880603), (0.337213, 0.468077), (0.693145, 0.801161), (0.452128, 0.299406), (0.930149, 0.808944), (0.445439, 0.35254896), (0.697522, 0.391585), (0.488244, 0.18059498), (0.646449, 0.407638), (0.648395, 0.687701), (0.803925, 0.833387), (0.794805, 0.88349), (0.502593, 0.701929), (0.759783, 0.662893), (0.527035, 0.842751), (0.649611, 0.545663), (0.608874, 0.836063), (0.286991, 0.401192), (0.473773, 0.413961), (0.203814, 0.14107299), (0.23458, 0.30366302), (0.528737, 0.27399004), (0.452614, 0.792648), (0.581635, 0.598441), (0.365303, 0.117115974), (0.207219, 0.17062402), (0.923218, 0.66946), (0.329673, 0.23653501), (0.127326, 0.15031499), (0.676607, 0.481454), (0.648152, 0.475981), (0.243214, 0.10641503), (0.051567, 0.450687), (0.439846, 0.570227), (0.895614, 0.825118), (0.251361, 0.07236397), (0.652408, 0.18387902), (0.661406, 0.479994), (0.653502, 0.524138), (0.739962, 0.912919), (0.309609, 0.42527103), (0.185817, 0.28530002), (0.267777, 0.558796), (0.466477, 0.34999502), (0.530075, 0.696457), (0.574582, 0.36337197), (0.727315, 0.42137897), (0.345968, 0.16077298), (0.659582, 0.627991), (0.074915, 0.440107), (0.209165, 0.304636), (0.039164, 0.42004204), (0.886737, 0.88203), (0.172927, 0.034300983), (0.242849, 0.26328897), (0.532021, 0.72321), (0.917259, 0.550284), (0.655205, 0.38319397), (0.877738, 0.638693), (0.599997, 0.44339), (0.187398, 0.43816102), (0.097412, 0.43208098), (0.579932, 0.965089), (0.616656, 0.24225098), (0.660677, 0.38064098), (0.444831, 0.729047), (0.190073, 0.561472), (0.574703, 0.22133398), (0.693753, 0.503221), (0.630033, 0.75191), (0.719168, 0.590171), (0.142526, 0.16356999), (0.307177, 0.297096), (0.296719, 0.09303802), (0.587837, 0.19725597), (0.547343, 0.650975), (0.38476, 0.45396996), (0.583337, 0.741938), (0.896951, 0.698037), (0.116625, 0.07041901), (0.662136, 0.819889), (0.148728, 0.443025), (0.245646, 0.501276), (0.460761, 0.713847), (0.625777, 0.43658), (0.866794, 0.817821), (0.413701, 0.14204597), (0.419538, 0.839103), (0.394488, 0.16539401), (0.332835, 0.360332), (0.486298, 0.720048), (0.723667, 0.782312), (0.673323, 0.430135), (0.346211, 0.608899), (0.480461, 0.573754), (0.940972, 0.610966), (0.561205, 0.14873397), (0.094372, 0.16417801), (0.256955, 0.05764997), (0.483501, 0.15955698), (0.453708, 0.528881), (0.884669, 0.846399), (0.597443, 0.14581597), (0.566434, 0.48571002), (0.16101, 0.46333396), (0.435833, 0.704361), (0.66323, 0.42296004), (0.770363, 0.566093), (0.686335, 0.742181), (0.837731, 0.626046), (0.821801, 0.875828), (0.401419, 0.420285), (0.159916, 0.543717), (0.522657, 0.249426), (0.743488, 0.61352), (0.661893, 0.735736), (0.278235, 0.16539401), (0.237012, 0.554175), (0.609725, 0.48716903), (0.742151, 0.733182), (0.319459, 0.13110101), (0.538831, 0.816119), (0.366033, 0.224253), (0.478637, 0.508207), (0.488365, 0.640517), (0.413579, 0.28019202), (0.402392, 0.34342897), (0.743488, 0.44472802), (0.723059, 0.43147302), (0.739232, 0.635409), (0.881386, 0.921431), (0.834204, 0.655231), (0.111396, 0.105198026), (0.35144, 0.356076), (0.970764, 0.757139), (0.517307, 0.803715), (0.989126, 0.794229), (0.140459, 0.420771), (0.533966, 0.328471), (0.310946, 0.44716), (0.337091, 0.279584), (0.548802, 0.788757), (0.089264, 0.46844196), (0.665784, 0.588225), (0.749569, 0.970561), (0.425983, 0.18764901), (0.727194, 0.496898), (0.635383, 0.39572), (0.267048, 0.078930974), (0.224973, 0.370669), (0.522657, 0.173056), (0.532629, 0.300866), (0.332227, 0.13511401), (0.54941, 0.16685402), (0.525576, 0.59005), (0.692901, 0.435364), (0.518523, 0.654015), (0.419903, 0.165151), (0.056553, 0.182055), (0.588323, 0.579348), (0.03126, 0.387815), (0.550018, 0.853939), (0.183142, 0.30694604), (0.779118, 0.690741), (0.31423, 0.10690099), (0.595984, 0.937119), (0.905099, 0.898812), (0.189952, 0.132074), (0.180588, 0.350482), (0.973683, 0.692687), (0.1739, 0.15347701), (0.335024, 0.34087503), (0.294408, 0.556729), (0.370289, 0.094132006), (0.657758, 0.401192), (0.159186, 0.39584196), (0.925285, 0.874004), (0.694726, 0.569011), (0.62298, 0.94478), (0.706886, 0.451052), (0.415039, 0.38830197), (0.314473, 0.275693), (0.365303, 0.513193), (0.427199, 0.303298), (0.534331, 0.35717), (0.902059, 0.611088), (0.635991, 0.47148204), (0.288328, 0.470995), (0.719533, 0.54773), (0.140702, 0.25781596), (0.623953, 0.465158), (0.145931, 0.06178403), (0.600726, 0.773556), (0.870928, 0.865613), (0.773038, 0.715063), (0.147147, 0.012046993), (0.829705, 0.833874), (0.227162, 0.04865098), (0.269966, 0.353765), (0.559746, 0.255871), (0.027612, 0.31947196), (0.065065, 0.25781596), (0.160524, 0.284692), (0.130001, 0.45056498), (0.655813, 0.647692), (0.733152, 0.757261), (0.453587, 0.633464), (0.54029, 0.18777001), (0.582972, 0.262438), (0.577257, 0.616925), (0.468179, 0.549432), (0.286139, 0.292475), (0.590025, 0.409218), (0.526792, 0.45579398), (0.793954, 0.723089), (0.248199, 0.349387), (0.798088, 0.990505), (0.83542, 0.979317), (0.498945, 0.201877), (0.503201, 0.48473704), (0.772187, 0.592238), (0.483501, 0.13888401), (0.433644, 0.09753698), (0.178886, 0.48023796), (0.551842, 0.682958), (0.347427, 0.139005), (0.51074, 0.406421), (0.548072, 0.614371), (0.181196, 0.372858), (0.797845, 0.857466), (0.504052, 0.824388), (0.409202, 0.747045), (0.353629, 0.396936), (0.69278, 0.480967), (0.713088, 0.631518), (0.597443, 0.867437), (0.218528, 0.523408), (0.110058, 0.17488003), (0.946565, 0.667635), (0.501985, 0.17816299), (0.862781, 0.747289), (0.1193, 0.425636), (0.575068, 0.63468), (0.953132, 0.563417), (0.694969, 0.526205), (0.367492, 0.542501), (0.429145, 0.741208), (0.334173, 0.08963299), (0.224852, 0.47135997), (0.640369, 0.49872196), (0.341347, 0.11164403), (0.381476, 0.698524), (0.806235, 0.932011), (0.436806, 0.253317), (0.005237, 0.394382), (0.463801, 0.161381), (0.852566, 0.882638), (0.118327, 0.25015497), (0.754676, 0.765408), (0.485447, 0.913405), (0.280059, 0.312662), (0.106653, 0.37504697), (0.67308, 0.402165), (0.108234, 0.495925), (0.60705, 0.265235), (0.492013, 0.23191398), (0.340618, 0.517814), (0.561692, 0.82451), (0.352048, 0.376141), (0.165266, 0.26219404), (0.594038, 0.801769), (0.206733, 0.112372994), (0.687186, 0.381005), (0.806235, 0.757139), (0.764282, 0.540433), (0.289301, 0.586645), (0.620913, 0.873153), (0.245767, 0.371885), (0.043177, 0.25125003), (0.142283, 0.561107), (0.819977, 0.787663), (0.769633, 0.616439), (0.671256, 0.38805902), (0.18302, 0.39486897), (0.292584, 0.525841), (0.220717, 0.24334502), (0.271669, 0.067499995), (0.158943, 0.17609602), (0.451884, 0.691349), (0.54637, 0.951104), (0.614346, 0.516842), (0.837852, 0.74206), (0.617629, 0.805661), (0.111761, 0.139005), (0.191776, 0.511126), (0.546127, 0.63322), (0.844784, 0.717616), (0.361533, 0.092307985), (0.127569, 0.48473704), (0.925285, 0.580443), (0.816207, 0.620573), (0.185087, 0.416758), (0.162104, 0.603913), (0.174022, 0.581415), (0.551477, 0.11954802), (0.42878, 0.46187496), (0.662744, 0.608048), (0.658609, 0.921431), (0.217677, 0.119183004), (0.527886, 0.209903), (0.262305, 0.11565697), (0.837366, 0.919486), (0.65484, 0.414326), (0.525454, 0.684539), (0.186668, 0.460051), (0.555125, 0.29600096), (0.894154, 0.724791), (0.669067, 0.56816), (0.256833, 0.583361), (0.551964, 0.699497), (0.801615, 0.697673), (0.418565, 0.33418596), (0.266926, 0.37516797), (0.707129, 0.47817004), (0.823625, 0.853817), (0.398501, 0.25283098), (0.470368, 0.253803), (0.443615, 0.829861), (0.476448, 0.39657104), (0.8111, 0.810525), (0.693388, 0.40313804), (0.620426, 0.563539), (0.764404, 0.740114), (0.881751, 0.608899), (0.413336, 0.614614), (0.350467, 0.114683986), (0.214759, 0.19835001), (0.001953, 0.35790002), (0.600362, 0.295515), (0.376612, 0.601359), (0.228013, 0.22267199), (0.052175, 0.351941), (0.270209, 0.14095098), (0.380625, 0.430865), (0.07759, 0.350725), (0.814869, 0.732939), (0.634167, 0.912311), (0.517793, 0.500668), (0.529345, 0.15372002), (0.104343, 0.299771), (0.675512, 0.503829), (0.513172, 0.35425198), (0.29222, 0.27204502), (0.407499, 0.31083798), (0.373329, 0.27265298), (0.095466, 0.555878), (0.410539, 0.690498), (0.836758, 0.813322), (0.546492, 0.722967), (0.769147, 0.885071), (0.542965, 0.422839), (0.314595, 0.640395), (0.642923, 0.707766), (0.429509, 0.802377), (0.379166, 0.334673), (0.840892, 0.873396), (0.668338, 0.376871), (0.773038, 0.940037), (0.208922, 0.596495), (0.72841, 0.845183), (0.203936, 0.06409502), (0.16782, 0.43706703), (0.202477, 0.047312975), (0.679039, 0.964116), (0.392421, 0.288827), (0.633194, 0.624708), (0.111639, 0.40021896), (0.257198, 0.090241015), (0.508187, 0.861357), (0.868618, 0.722116), (0.111153, 0.212457), (0.577622, 0.447403), (0.671621, 0.79204), (0.734247, 0.520247), (0.36737, 0.14216697), (0.572515, 0.68916), (0.39011, 0.14301902), (0.493108, 0.375655), (0.432793, 0.38173497), (0.428901, 0.649151), (0.689618, 0.60902), (0.679282, 0.766138), (0.755527, 0.48181796), (0.077347, 0.22850901), (0.357399, 0.33041596), (0.392421, 0.375898), (0.53275, 0.879841), (0.303164, 0.23300803), (0.313987, 0.494709), (0.339523, 0.32251203), (0.290152, 0.14605904), (0.785077, 0.748505), (0.6822, 0.38963997), (0.780577, 0.830469), (0.224852, 0.444606), (0.222784, 0.575457), (0.380625, 0.723454), (0.601578, 0.17852801), (0.75881, 0.996828), (0.130123, 0.224374), (0.640004, 0.20418704), (0.293314, 0.10483402), (0.298057, 0.252101), (0.667608, 0.889205), (0.820706, 0.955117), (0.79748, 0.909149), (0.290152, 0.496898), (0.51074, 0.719562), (0.655691, 0.454821), (0.462829, 0.09851003), (0.643774, 0.880936), (0.611306, 0.723089), (0.700562, 0.697186), (0.859619, 0.835576), (0.424888, 0.680526), (0.48946, 0.42247403), (0.398622, 0.23069799), (0.850013, 0.691592), (0.562422, 0.574241), (0.369073, 0.204674), (0.886007, 0.576429), (0.484596, 0.87595), (0.09729, 0.12793899), (0.649124, 0.954995), (0.426591, 0.35790002), (0.775592, 0.773556), (0.298421, 0.17135298), (0.068227, 0.526084), (0.59647, 0.510032), (0.875306, 0.667514), (0.926866, 0.916689), (0.496634, 0.683201), (0.405432, 0.806512), (0.807573, 0.672743), (0.840406, 0.595887), (0.649246, 0.39778697), (0.741908, 0.544568), (0.172441, 0.022747993), (0.574095, 0.670311), (0.126961, 0.18740499), (0.135109, 0.39754403), (0.686092, 0.45932102), (0.564732, 0.522435), (0.530318, 0.531313), (0.554396, 0.35923803), (0.753825, 0.515504), (0.444223, 0.27520597), (0.509281, 0.897353), (0.344995, 0.579226), (0.462585, 0.421866), (0.134865, 0.281408), (0.155538, 0.328714), (0.245402, 0.607075), (0.477664, 0.698402), (0.532386, 0.38574803), (0.764647, 0.639422), (0.002561, 0.31995797), (0.714912, 0.90769), (0.205152, 0.46758997), (0.899991, 0.642219), (0.70944, 0.653164), (0.817788, 0.562323), (0.348643, 0.26061296), (0.607536, 0.21160501), (0.596106, 0.477562), (0.556585, 0.76103), (0.205882, 0.44241703), (0.465017, 0.49203396), (0.238714, 0.28311098), (0.479488, 0.30159497), (0.397285, 0.39766598), (0.889047, 0.75045), (0.513294, 0.38027596), (0.367005, 0.34731996), (0.640126, 0.586401), (0.350467, 0.09096998), (0.206125, 0.542866), (0.722329, 0.875342), (0.334902, 0.21829402), (0.363722, 0.48644), (0.420511, 0.714819), (0.286747, 0.446795), (0.598051, 0.3337), (0.433887, 0.231184), (0.315081, 0.613155), (0.854147, 0.663136), (0.637086, 0.42004204), (0.33928, 0.19993103), (0.584067, 0.532164), (0.51378, 0.12575), (0.650462, 0.38416696)] (
                    interpolation = "faceVarying"
                )
                int[] primvars:st1:indices = [624, 873, 824, 873, 853, 824, 824, 853, 971, 971, 853, 265, 265, 853, 442, 853, 873, 442, 442, 873, 852, 873, 624, 852, 971, 380, 824, 380, 621, 824, 824, 621, 925, 621, 380, 526, 526, 380, 164, 380, 971, 164, 164, 971, 639, 971, 265, 639, 639, 265, 272, 265, 341, 272, 272, 341, 898, 341, 893, 898, 898, 893, 343, 343, 893, 982, 893, 477, 982, 982, 477, 863, 477, 442, 863, 863, 442, 192, 442, 852, 192, 192, 852, 625, 852, 820, 625, 820, 933, 625, 625, 933, 275, 265, 442, 341, 442, 477, 341, 341, 477, 893, 625, 863, 192, 164, 639, 680, 639, 272, 680, 933, 820, 504, 504, 820, 394, 820, 852, 394, 394, 852, 682, 852, 624, 682, 682, 624, 955, 624, 824, 955, 955, 502, 682, 682, 502, 394, 502, 163, 394, 394, 163, 504, 163, 542, 504, 542, 202, 504, 202, 27, 504, 27, 887, 504, 504, 887, 933, 933, 887, 275, 887, 679, 275, 679, 894, 275, 275, 894, 625, 894, 264, 625, 625, 264, 863, 264, 210, 863, 863, 210, 982, 210, 767, 982, 982, 767, 632, 767, 588, 632, 632, 588, 343, 588, 670, 343, 343, 670, 898, 670, 13, 898, 898, 13, 226, 13, 453, 226, 226, 453, 272, 453, 571, 272, 272, 571, 680, 571, 851, 680, 680, 851, 164, 264, 894, 210, 894, 338, 210, 210, 338, 767, 343, 982, 632, 272, 898, 226, 851, 571, 710, 571, 453, 710, 710, 453, 759, 453, 221, 759, 221, 72, 759, 72, 332, 759, 759, 332, 710, 332, 851, 710, 221, 453, 418, 453, 13, 418, 418, 13, 359, 13, 670, 359, 670, 588, 359, 359, 588, 365, 588, 767, 365, 365, 767, 358, 767, 731, 358, 358, 731, 435, 435, 731, 249, 731, 338, 249, 249, 338, 894, 767, 338, 731, 359, 365, 121, 365, 358, 121, 358, 435, 34, 435, 97, 34, 97, 134, 34, 134, 539, 34, 34, 539, 358, 539, 409, 358, 358, 409, 121, 409, 468, 121, 121, 468, 359, 97, 435, 249, 468, 409, 516, 409, 539, 516, 516, 539, 246, 539, 990, 246, 990, 286, 246, 286, 308, 246, 246, 308, 516, 308, 468, 516, 990, 539, 638, 539, 134, 638, 638, 134, 500, 134, 97, 500, 500, 395, 638, 638, 395, 990, 395, 686, 990, 990, 686, 15, 15, 686, 915, 915, 686, 897, 686, 395, 897, 897, 395, 500, 15, 263, 990, 990, 263, 286, 263, 123, 286, 286, 123, 308, 123, 263, 293, 263, 15, 293, 293, 15, 127, 15, 581, 127, 581, 747, 127, 127, 747, 293, 747, 903, 293, 293, 903, 123, 581, 15, 392, 15, 915, 392, 392, 915, 783, 915, 897, 783, 783, 158, 392, 392, 158, 581, 158, 290, 581, 581, 290, 735, 735, 290, 616, 616, 290, 541, 290, 158, 541, 541, 158, 783, 735, 38, 581, 581, 38, 747, 38, 967, 747, 967, 975, 747, 747, 975, 903, 975, 298, 903, 903, 298, 123, 298, 294, 123, 294, 6, 123, 123, 6, 308, 6, 776, 308, 776, 821, 308, 308, 821, 468, 821, 697, 468, 468, 697, 73, 697, 221, 73, 221, 418, 73, 418, 359, 73, 73, 359, 468, 735, 59, 38, 38, 59, 967, 221, 697, 714, 697, 821, 714, 821, 776, 714, 714, 776, 648, 776, 6, 648, 6, 294, 648, 648, 294, 383, 294, 298, 383, 383, 298, 296, 298, 975, 296, 296, 975, 800, 800, 975, 559, 975, 813, 559, 559, 813, 393, 393, 813, 722, 813, 967, 722, 722, 967, 59, 296, 800, 383, 383, 800, 782, 782, 800, 674, 674, 800, 419, 419, 800, 870, 800, 559, 870, 870, 559, 393, 975, 967, 813, 782, 727, 383, 727, 115, 383, 383, 115, 648, 115, 288, 648, 288, 114, 648, 648, 114, 714, 114, 22, 714, 714, 22, 218, 22, 519, 218, 218, 519, 72, 519, 332, 72, 714, 218, 221, 218, 72, 221, 519, 22, 423, 22, 114, 423, 114, 288, 423, 423, 288, 667, 288, 115, 667, 115, 727, 667, 667, 727, 36, 727, 782, 36, 782, 674, 36, 36, 674, 949, 949, 674, 636, 674, 419, 636, 419, 870, 636, 636, 870, 580, 870, 393, 580, 580, 393, 603, 393, 722, 603, 603, 722, 21, 722, 59, 21, 21, 59, 793, 59, 735, 793, 793, 735, 207, 735, 985, 207, 207, 985, 565, 985, 904, 565, 904, 802, 565, 565, 802, 611, 802, 778, 611, 778, 237, 611, 611, 237, 207, 237, 116, 207, 207, 116, 21, 116, 797, 21, 797, 266, 21, 21, 266, 603, 603, 266, 580, 266, 702, 580, 580, 702, 636, 21, 793, 207, 735, 616, 985, 985, 616, 904, 616, 541, 904, 207, 565, 611, 116, 237, 797, 237, 762, 797, 797, 762, 211, 762, 641, 211, 641, 560, 211, 211, 560, 702, 560, 740, 702, 702, 740, 636, 740, 875, 636, 636, 875, 949, 702, 266, 211, 211, 266, 797, 875, 740, 28, 740, 560, 28, 28, 560, 548, 560, 641, 548, 548, 641, 531, 531, 641, 311, 311, 641, 214, 641, 762, 214, 762, 237, 214, 214, 237, 443, 237, 778, 443, 443, 778, 153, 778, 802, 153, 153, 854, 443, 443, 854, 214, 854, 936, 214, 936, 228, 214, 214, 228, 311, 311, 228, 531, 228, 138, 531, 531, 138, 550, 138, 321, 550, 321, 753, 550, 550, 753, 659, 659, 753, 344, 753, 836, 344, 836, 965, 344, 344, 965, 699, 965, 17, 699, 699, 17, 111, 111, 17, 777, 17, 58, 777, 58, 154, 777, 777, 154, 496, 496, 154, 178, 154, 657, 178, 657, 447, 178, 178, 447, 596, 596, 447, 792, 447, 931, 792, 531, 550, 548, 550, 492, 548, 548, 492, 28, 28, 492, 277, 277, 492, 659, 492, 550, 659, 792, 736, 596, 736, 178, 596, 931, 307, 792, 307, 527, 792, 792, 527, 736, 931, 631, 307, 631, 295, 307, 307, 295, 20, 20, 295, 102, 295, 578, 102, 102, 578, 690, 578, 47, 690, 47, 278, 690, 690, 278, 119, 278, 421, 119, 119, 421, 552, 552, 421, 946, 946, 421, 694, 694, 421, 107, 107, 421, 0, 421, 278, 0, 552, 386, 119, 386, 690, 119, 386, 552, 871, 552, 946, 871, 946, 55, 871, 55, 696, 871, 871, 696, 262, 696, 597, 262, 262, 597, 534, 534, 597, 647, 597, 785, 647, 647, 785, 113, 785, 1, 113, 113, 1, 572, 1, 379, 572, 572, 379, 663, 663, 379, 219, 379, 746, 219, 219, 746, 749, 746, 984, 749, 984, 796, 749, 749, 796, 834, 796, 672, 834, 834, 672, 523, 672, 195, 523, 523, 195, 79, 195, 16, 79, 79, 16, 370, 370, 16, 37, 16, 721, 37, 721, 918, 37, 37, 918, 64, 64, 918, 182, 918, 183, 182, 182, 183, 998, 183, 408, 998, 998, 408, 57, 408, 803, 57, 57, 803, 595, 803, 465, 595, 595, 465, 100, 465, 601, 100, 601, 480, 100, 100, 480, 906, 480, 44, 906, 906, 44, 420, 44, 535, 420, 535, 909, 420, 909, 391, 420, 391, 972, 420, 420, 972, 906, 972, 573, 906, 906, 573, 100, 573, 284, 100, 284, 652, 100, 100, 652, 595, 652, 847, 595, 595, 847, 57, 847, 141, 57, 57, 141, 998, 141, 720, 998, 998, 720, 182, 182, 720, 64, 720, 416, 64, 64, 416, 37, 37, 416, 378, 416, 754, 378, 378, 754, 297, 416, 720, 754, 754, 720, 598, 598, 720, 446, 720, 141, 446, 446, 141, 649, 141, 847, 649, 649, 847, 706, 847, 652, 706, 652, 284, 706, 706, 284, 230, 284, 573, 230, 230, 573, 566, 573, 972, 566, 566, 972, 193, 972, 391, 193, 391, 562, 193, 562, 763, 193, 193, 763, 707, 763, 169, 707, 169, 698, 707, 707, 698, 566, 566, 698, 230, 698, 131, 230, 230, 131, 706, 131, 808, 706, 808, 410, 706, 706, 410, 649, 410, 738, 649, 649, 738, 446, 446, 738, 598, 598, 738, 506, 506, 738, 717, 738, 410, 717, 717, 410, 371, 410, 808, 371, 808, 131, 371, 371, 131, 612, 131, 698, 612, 612, 698, 520, 520, 698, 650, 650, 698, 814, 698, 169, 814, 814, 169, 53, 169, 837, 53, 837, 991, 53, 991, 345, 53, 53, 345, 544, 544, 345, 360, 345, 711, 360, 711, 880, 360, 360, 880, 489, 489, 880, 499, 880, 433, 499, 499, 433, 846, 433, 48, 846, 48, 484, 846, 846, 484, 362, 362, 484, 709, 484, 593, 709, 593, 8, 709, 709, 8, 532, 532, 8, 171, 8, 833, 171, 171, 833, 838, 833, 315, 838, 315, 223, 838, 838, 223, 592, 592, 223, 993, 223, 860, 993, 993, 860, 231, 860, 434, 231, 434, 428, 231, 231, 428, 961, 961, 428, 867, 428, 250, 867, 867, 250, 802, 250, 801, 802, 802, 801, 153, 566, 193, 707, 169, 763, 837, 802, 904, 867, 867, 904, 961, 904, 817, 961, 961, 817, 231, 817, 774, 231, 231, 774, 143, 143, 774, 671, 774, 541, 671, 671, 541, 783, 904, 541, 817, 817, 541, 774, 231, 143, 993, 993, 143, 592, 143, 957, 592, 592, 957, 838, 838, 957, 212, 212, 957, 432, 957, 143, 432, 432, 143, 268, 143, 671, 268, 671, 783, 268, 268, 783, 201, 783, 897, 201, 201, 897, 765, 897, 184, 765, 765, 184, 681, 681, 184, 988, 184, 500, 988, 988, 500, 356, 500, 97, 356, 268, 201, 432, 201, 765, 432, 432, 765, 681, 897, 500, 184, 356, 185, 988, 185, 681, 988, 185, 356, 575, 356, 97, 575, 575, 97, 842, 97, 249, 842, 842, 249, 610, 249, 979, 610, 610, 979, 203, 203, 979, 679, 679, 979, 894, 979, 249, 894, 842, 18, 575, 575, 18, 185, 18, 204, 185, 204, 155, 185, 155, 232, 185, 185, 232, 681, 232, 50, 681, 50, 744, 681, 681, 744, 432, 432, 744, 212, 744, 431, 212, 212, 431, 838, 838, 431, 171, 171, 431, 532, 431, 233, 532, 532, 233, 709, 842, 610, 18, 610, 203, 18, 203, 422, 18, 422, 804, 18, 18, 804, 204, 744, 50, 431, 431, 50, 247, 50, 232, 247, 232, 155, 247, 247, 155, 190, 155, 204, 190, 204, 804, 190, 190, 804, 49, 804, 422, 49, 49, 422, 363, 422, 203, 363, 363, 203, 181, 203, 887, 181, 887, 396, 181, 181, 396, 363, 396, 958, 363, 363, 958, 49, 958, 254, 49, 254, 411, 49, 49, 411, 147, 411, 976, 147, 147, 976, 190, 976, 471, 190, 190, 471, 247, 471, 599, 247, 247, 599, 233, 233, 599, 709, 599, 622, 709, 709, 622, 362, 247, 233, 431, 887, 203, 679, 49, 147, 190, 599, 471, 622, 471, 976, 622, 622, 976, 718, 718, 976, 129, 976, 411, 129, 129, 411, 361, 411, 254, 361, 361, 254, 924, 254, 517, 924, 924, 517, 229, 229, 517, 827, 517, 396, 827, 827, 396, 27, 396, 887, 27, 396, 517, 958, 517, 254, 958, 362, 622, 846, 622, 718, 846, 27, 202, 827, 202, 886, 827, 827, 886, 229, 886, 981, 229, 981, 725, 229, 229, 725, 924, 924, 725, 361, 725, 133, 361, 361, 133, 129, 129, 133, 718, 133, 712, 718, 718, 712, 846, 846, 712, 499, 499, 712, 489, 489, 712, 859, 712, 133, 859, 859, 133, 186, 133, 725, 186, 186, 725, 963, 725, 981, 963, 963, 981, 850, 981, 42, 850, 850, 42, 331, 331, 42, 244, 42, 163, 244, 163, 502, 244, 244, 502, 978, 978, 502, 82, 502, 955, 82, 82, 955, 752, 955, 824, 752, 752, 824, 992, 824, 925, 992, 202, 542, 886, 542, 42, 886, 886, 42, 981, 163, 42, 542, 992, 825, 752, 752, 825, 82, 82, 825, 245, 245, 825, 68, 825, 255, 68, 68, 255, 764, 255, 80, 764, 80, 78, 764, 78, 371, 764, 764, 371, 68, 371, 612, 68, 68, 612, 245, 612, 520, 245, 520, 101, 245, 245, 101, 82, 82, 101, 978, 978, 101, 244, 244, 101, 331, 101, 637, 331, 331, 637, 850, 825, 992, 255, 255, 992, 80, 520, 650, 101, 101, 650, 637, 650, 197, 637, 637, 197, 683, 683, 197, 953, 197, 53, 953, 53, 544, 953, 953, 544, 33, 544, 360, 33, 360, 489, 33, 489, 859, 33, 859, 186, 33, 186, 963, 33, 33, 963, 683, 963, 850, 683, 683, 850, 637, 650, 814, 197, 197, 814, 53, 33, 683, 953, 83, 916, 554, 916, 543, 554, 554, 543, 818, 818, 543, 812, 543, 916, 812, 818, 857, 554, 857, 490, 554, 554, 490, 83, 490, 493, 83, 83, 493, 916, 493, 325, 916, 325, 511, 916, 916, 511, 812, 511, 452, 812, 452, 723, 812, 812, 723, 818, 723, 241, 818, 818, 241, 857, 241, 440, 857, 857, 440, 490, 440, 974, 490, 974, 640, 490, 490, 640, 482, 640, 620, 482, 620, 634, 482, 482, 634, 493, 634, 377, 493, 493, 377, 402, 377, 478, 402, 478, 40, 402, 402, 40, 325, 40, 589, 325, 325, 589, 511, 589, 962, 511, 962, 940, 511, 511, 940, 452, 940, 655, 452, 655, 32, 452, 452, 32, 723, 32, 947, 723, 723, 947, 884, 947, 205, 884, 205, 23, 884, 23, 241, 884, 884, 241, 723, 490, 482, 493, 493, 402, 325, 962, 589, 40, 205, 947, 103, 947, 32, 103, 103, 32, 574, 32, 655, 574, 574, 655, 306, 306, 655, 7, 655, 940, 7, 7, 940, 269, 940, 962, 269, 269, 962, 582, 962, 40, 582, 582, 40, 564, 40, 476, 564, 564, 476, 745, 745, 476, 60, 60, 476, 478, 476, 40, 478, 745, 604, 564, 564, 604, 582, 604, 787, 582, 582, 787, 269, 787, 196, 269, 269, 196, 7, 196, 623, 7, 7, 623, 306, 623, 481, 306, 481, 794, 306, 306, 794, 574, 794, 741, 574, 574, 741, 103, 741, 46, 103, 103, 46, 205, 46, 741, 75, 75, 741, 708, 741, 794, 708, 708, 794, 726, 794, 481, 726, 726, 481, 653, 653, 481, 400, 481, 623, 400, 400, 623, 705, 623, 196, 705, 705, 196, 469, 196, 787, 469, 469, 787, 923, 787, 604, 923, 923, 604, 989, 604, 745, 989, 745, 74, 989, 74, 273, 989, 989, 273, 855, 273, 51, 855, 51, 159, 855, 855, 159, 923, 923, 159, 469, 159, 888, 469, 469, 888, 705, 923, 989, 855, 51, 273, 750, 750, 273, 905, 273, 74, 905, 905, 74, 730, 74, 745, 730, 730, 745, 140, 745, 60, 140, 140, 60, 521, 60, 478, 521, 905, 730, 112, 112, 730, 271, 730, 140, 271, 271, 140, 862, 140, 521, 862, 862, 521, 826, 826, 521, 335, 521, 478, 335, 335, 478, 26, 478, 377, 26, 377, 634, 26, 634, 729, 26, 729, 166, 26, 26, 166, 335, 166, 354, 335, 335, 354, 826, 354, 586, 826, 826, 586, 862, 586, 941, 862, 862, 941, 271, 586, 354, 191, 191, 354, 234, 234, 354, 930, 930, 354, 877, 354, 166, 877, 877, 166, 513, 166, 729, 513, 729, 634, 513, 634, 620, 513, 513, 620, 766, 620, 640, 766, 766, 640, 45, 640, 974, 45, 45, 974, 238, 974, 440, 238, 238, 440, 576, 440, 241, 576, 576, 241, 187, 241, 23, 187, 187, 23, 920, 920, 23, 323, 23, 205, 323, 323, 205, 385, 385, 205, 450, 205, 46, 450, 46, 75, 450, 450, 75, 281, 281, 75, 874, 75, 357, 874, 874, 357, 217, 357, 522, 217, 522, 285, 217, 217, 285, 66, 285, 983, 66, 983, 642, 66, 642, 805, 66, 66, 805, 874, 805, 547, 874, 547, 703, 874, 874, 703, 281, 281, 703, 450, 703, 69, 450, 69, 508, 450, 450, 508, 385, 508, 861, 385, 385, 861, 323, 323, 861, 920, 861, 208, 920, 208, 568, 920, 568, 475, 920, 920, 475, 576, 475, 691, 576, 576, 691, 238, 576, 187, 920, 75, 708, 357, 357, 708, 522, 708, 726, 522, 874, 217, 66, 691, 475, 253, 253, 475, 568, 253, 769, 691, 691, 769, 238, 238, 769, 45, 45, 769, 766, 766, 769, 252, 769, 515, 252, 252, 515, 734, 734, 515, 479, 515, 791, 479, 479, 791, 351, 351, 791, 253, 253, 791, 769, 791, 515, 769, 734, 124, 252, 252, 124, 766, 124, 660, 766, 766, 660, 513, 660, 895, 513, 513, 895, 877, 895, 660, 236, 660, 124, 236, 124, 734, 236, 236, 734, 364, 734, 29, 364, 29, 387, 364, 364, 387, 236, 29, 734, 775, 734, 479, 775, 479, 919, 775, 775, 919, 29, 919, 845, 29, 845, 677, 29, 29, 677, 664, 677, 209, 664, 209, 561, 664, 561, 387, 664, 664, 387, 29, 209, 677, 932, 932, 677, 845, 209, 932, 19, 19, 932, 330, 932, 872, 330, 330, 872, 333, 333, 872, 366, 366, 872, 172, 872, 932, 172, 172, 932, 806, 932, 845, 806, 845, 919, 806, 806, 919, 912, 919, 157, 912, 157, 152, 912, 152, 172, 912, 912, 172, 806, 157, 919, 14, 919, 479, 14, 14, 479, 579, 479, 351, 579, 579, 351, 67, 351, 253, 67, 67, 253, 35, 253, 568, 35, 568, 208, 35, 35, 208, 614, 208, 861, 614, 614, 861, 473, 473, 861, 454, 861, 508, 454, 508, 69, 454, 454, 69, 461, 69, 703, 461, 461, 703, 373, 373, 703, 310, 703, 547, 310, 547, 805, 310, 310, 805, 889, 805, 292, 889, 292, 148, 889, 889, 148, 310, 148, 733, 310, 733, 969, 310, 310, 969, 373, 969, 497, 373, 373, 497, 461, 461, 497, 454, 497, 921, 454, 921, 301, 454, 454, 301, 473, 301, 607, 473, 473, 607, 614, 614, 607, 35, 607, 890, 35, 35, 890, 881, 890, 501, 881, 501, 579, 881, 579, 67, 881, 881, 67, 35, 579, 157, 14, 292, 805, 642, 501, 890, 291, 890, 607, 291, 291, 607, 436, 607, 472, 436, 472, 704, 436, 704, 590, 436, 436, 590, 291, 590, 501, 291, 607, 301, 472, 301, 921, 472, 472, 921, 283, 921, 497, 283, 283, 497, 70, 70, 497, 280, 497, 969, 280, 969, 733, 280, 280, 733, 628, 733, 148, 628, 148, 613, 628, 613, 964, 628, 628, 964, 280, 964, 512, 280, 512, 470, 280, 280, 470, 70, 470, 87, 70, 70, 87, 283, 283, 87, 472, 87, 618, 472, 472, 618, 704, 618, 757, 704, 704, 757, 590, 757, 618, 831, 618, 87, 831, 831, 87, 693, 693, 87, 662, 87, 470, 662, 470, 512, 662, 662, 512, 135, 512, 964, 135, 964, 401, 135, 401, 942, 135, 135, 942, 662, 942, 819, 662, 819, 713, 662, 662, 713, 693, 713, 900, 693, 693, 900, 831, 831, 900, 757, 900, 934, 757, 934, 188, 757, 757, 188, 160, 188, 227, 160, 227, 279, 160, 160, 279, 590, 279, 43, 590, 590, 43, 501, 43, 108, 501, 501, 108, 350, 108, 157, 350, 157, 579, 350, 350, 579, 501, 757, 160, 590, 108, 43, 279, 108, 4, 157, 157, 4, 152, 4, 966, 152, 152, 966, 172, 966, 430, 172, 172, 430, 366, 430, 643, 366, 366, 643, 333, 333, 643, 907, 907, 643, 715, 643, 336, 715, 715, 336, 716, 336, 913, 716, 913, 314, 716, 716, 314, 302, 302, 314, 216, 314, 629, 216, 216, 629, 939, 629, 665, 939, 939, 665, 675, 675, 665, 551, 551, 665, 76, 665, 629, 76, 76, 629, 314, 939, 675, 300, 300, 675, 466, 675, 235, 466, 466, 235, 317, 235, 675, 10, 10, 675, 173, 675, 551, 173, 173, 551, 692, 551, 76, 692, 235, 10, 316, 316, 10, 503, 503, 10, 533, 10, 173, 533, 533, 173, 600, 173, 692, 600, 235, 316, 317, 316, 162, 317, 317, 162, 635, 635, 162, 25, 162, 633, 25, 633, 397, 25, 25, 397, 375, 397, 668, 375, 375, 668, 71, 71, 668, 149, 668, 467, 149, 149, 467, 120, 467, 5, 120, 5, 177, 120, 177, 429, 120, 429, 342, 120, 120, 342, 149, 5, 467, 737, 467, 668, 737, 737, 668, 455, 455, 668, 367, 668, 397, 367, 397, 633, 367, 367, 633, 90, 633, 437, 90, 90, 437, 374, 437, 503, 374, 374, 503, 488, 503, 533, 488, 488, 533, 584, 533, 600, 584, 584, 600, 922, 600, 692, 922, 692, 142, 922, 142, 695, 922, 922, 695, 584, 695, 856, 584, 856, 368, 584, 368, 318, 584, 584, 318, 488, 318, 426, 488, 488, 426, 374, 426, 324, 374, 374, 324, 90, 90, 324, 367, 324, 105, 367, 105, 407, 367, 367, 407, 455, 455, 407, 737, 407, 525, 737, 525, 384, 737, 737, 384, 5, 384, 594, 5, 5, 594, 177, 594, 449, 177, 177, 449, 429, 429, 449, 56, 56, 449, 742, 449, 98, 742, 98, 798, 742, 742, 798, 424, 424, 798, 555, 555, 798, 81, 81, 798, 319, 798, 98, 319, 319, 98, 594, 98, 449, 594, 633, 162, 437, 162, 316, 437, 437, 316, 503, 594, 384, 319, 319, 384, 968, 384, 525, 968, 968, 684, 319, 319, 684, 81, 684, 929, 81, 81, 929, 555, 555, 929, 451, 451, 929, 213, 929, 165, 213, 165, 352, 213, 213, 352, 462, 462, 352, 179, 352, 970, 179, 179, 970, 346, 970, 347, 346, 346, 347, 606, 347, 487, 606, 606, 487, 719, 487, 198, 719, 198, 780, 719, 780, 372, 719, 719, 372, 606, 606, 372, 220, 220, 372, 167, 167, 372, 569, 569, 372, 148, 148, 372, 613, 372, 780, 613, 613, 780, 964, 780, 198, 964, 964, 198, 401, 198, 261, 401, 401, 261, 942, 31, 179, 346, 347, 970, 84, 970, 352, 84, 347, 84, 487, 487, 84, 198, 84, 799, 198, 198, 799, 261, 799, 630, 261, 261, 630, 942, 630, 799, 608, 799, 84, 608, 608, 84, 943, 84, 352, 943, 943, 352, 137, 352, 165, 137, 165, 929, 137, 137, 929, 832, 929, 684, 832, 832, 684, 557, 684, 968, 557, 557, 968, 439, 968, 525, 439, 525, 407, 439, 439, 407, 577, 577, 407, 815, 407, 105, 815, 105, 324, 815, 815, 324, 980, 324, 426, 980, 980, 426, 303, 426, 318, 303, 318, 368, 303, 303, 368, 779, 368, 856, 779, 779, 856, 828, 856, 695, 828, 828, 695, 509, 695, 728, 509, 728, 902, 509, 509, 902, 441, 902, 227, 441, 227, 188, 441, 188, 934, 441, 441, 934, 168, 934, 900, 168, 900, 772, 168, 168, 772, 779, 772, 417, 779, 779, 417, 303, 509, 441, 828, 828, 441, 779, 441, 168, 779, 417, 772, 844, 772, 900, 844, 900, 713, 844, 713, 819, 844, 844, 819, 150, 819, 942, 150, 150, 942, 376, 942, 630, 376, 376, 630, 926, 926, 630, 994, 994, 630, 491, 630, 608, 491, 608, 943, 491, 943, 137, 491, 137, 832, 491, 832, 557, 491, 491, 557, 938, 557, 439, 938, 938, 439, 92, 439, 577, 92, 491, 938, 994, 938, 92, 994, 994, 92, 926, 92, 795, 926, 926, 795, 376, 376, 795, 150, 795, 844, 150, 577, 815, 92, 815, 878, 92, 92, 878, 795, 878, 739, 795, 795, 739, 790, 739, 303, 790, 303, 417, 790, 417, 844, 790, 790, 844, 795, 878, 815, 739, 815, 980, 739, 739, 980, 303, 77, 93, 282, 282, 93, 536, 93, 528, 536, 528, 849, 536, 849, 89, 536, 89, 529, 536, 536, 529, 282, 529, 917, 282, 282, 917, 77, 77, 917, 156, 917, 96, 156, 156, 96, 444, 96, 267, 444, 267, 605, 444, 444, 605, 156, 605, 591, 156, 591, 256, 156, 156, 256, 77, 256, 464, 77, 77, 464, 950, 464, 732, 950, 950, 732, 93, 93, 732, 528, 732, 567, 528, 528, 567, 849, 529, 96, 917, 93, 77, 950, 567, 732, 822, 732, 464, 822, 822, 464, 678, 464, 256, 678, 678, 256, 654, 256, 591, 654, 654, 591, 41, 41, 591, 460, 591, 605, 460, 460, 605, 811, 605, 267, 811, 811, 267, 995, 995, 267, 415, 267, 96, 415, 415, 96, 689, 96, 685, 689, 689, 685, 326, 685, 529, 326, 326, 529, 748, 529, 89, 748, 748, 89, 139, 139, 89, 537, 89, 849, 537, 537, 849, 309, 849, 567, 309, 309, 567, 743, 743, 567, 109, 567, 369, 109, 109, 369, 882, 882, 369, 645, 369, 822, 645, 645, 822, 459, 822, 678, 459, 459, 678, 61, 678, 654, 61, 529, 685, 96, 822, 369, 567, 61, 299, 459, 459, 299, 645, 299, 448, 645, 448, 954, 645, 645, 954, 882, 954, 945, 882, 945, 687, 882, 882, 687, 109, 109, 687, 743, 687, 483, 743, 743, 483, 309, 483, 382, 309, 309, 382, 537, 382, 514, 537, 537, 514, 139, 61, 206, 299, 299, 206, 448, 514, 382, 322, 322, 382, 816, 382, 483, 816, 816, 483, 676, 483, 687, 676, 676, 687, 167, 167, 687, 220, 687, 945, 220, 220, 945, 606, 945, 773, 606, 606, 773, 346, 773, 287, 346, 346, 287, 31, 287, 891, 31, 31, 891, 52, 52, 891, 626, 891, 206, 626, 626, 206, 627, 206, 61, 627, 945, 954, 773, 773, 954, 287, 954, 448, 287, 287, 448, 891, 448, 206, 891, 626, 627, 545, 545, 627, 388, 627, 456, 388, 388, 456, 829, 456, 30, 829, 829, 30, 498, 30, 41, 498, 498, 41, 460, 627, 61, 456, 456, 61, 30, 61, 654, 30, 30, 654, 41, 388, 829, 505, 505, 829, 901, 829, 498, 901, 505, 901, 771, 771, 901, 242, 242, 901, 865, 901, 781, 865, 865, 781, 563, 563, 781, 556, 781, 9, 556, 556, 9, 673, 673, 9, 460, 9, 761, 460, 460, 761, 498, 498, 761, 901, 901, 761, 781, 761, 9, 781, 556, 673, 999, 999, 673, 327, 673, 944, 327, 327, 944, 507, 944, 673, 507, 507, 673, 811, 673, 460, 811, 327, 507, 646, 507, 995, 646, 646, 995, 381, 381, 995, 485, 995, 583, 485, 485, 583, 104, 583, 415, 104, 415, 689, 104, 104, 689, 973, 973, 689, 617, 689, 326, 617, 617, 326, 789, 326, 748, 789, 748, 139, 789, 789, 139, 132, 139, 514, 132, 132, 514, 830, 514, 322, 830, 830, 322, 983, 983, 322, 642, 322, 816, 642, 642, 816, 292, 816, 676, 292, 292, 676, 569, 676, 167, 569, 995, 507, 811, 415, 583, 995, 485, 104, 558, 104, 973, 558, 558, 973, 353, 148, 292, 569, 983, 285, 830, 285, 658, 830, 658, 243, 830, 830, 243, 132, 243, 289, 132, 132, 289, 789, 289, 937, 789, 789, 937, 617, 937, 125, 617, 617, 125, 973, 973, 125, 353, 353, 125, 602, 125, 951, 602, 602, 951, 398, 285, 522, 658, 125, 937, 951, 951, 937, 997, 937, 289, 997, 289, 243, 997, 997, 243, 260, 243, 658, 260, 260, 658, 927, 658, 522, 927, 927, 522, 389, 522, 726, 389, 726, 653, 389, 653, 457, 389, 389, 457, 927, 927, 457, 260, 457, 144, 260, 260, 144, 997, 997, 144, 951, 951, 144, 398, 398, 144, 952, 144, 457, 952, 952, 457, 145, 145, 457, 117, 457, 653, 117, 117, 653, 400, 534, 647, 348, 348, 647, 876, 647, 113, 876, 876, 113, 174, 113, 572, 174, 174, 572, 910, 572, 663, 910, 534, 348, 262, 348, 11, 262, 262, 11, 871, 11, 869, 871, 871, 869, 386, 869, 474, 386, 474, 406, 386, 386, 406, 690, 406, 65, 690, 690, 65, 102, 869, 11, 320, 320, 11, 348, 869, 320, 474, 474, 320, 304, 304, 320, 770, 770, 320, 807, 807, 320, 405, 320, 348, 405, 405, 348, 530, 348, 876, 530, 530, 876, 809, 876, 174, 809, 809, 174, 180, 174, 910, 180, 180, 910, 257, 910, 663, 257, 257, 663, 619, 663, 219, 619, 219, 749, 619, 619, 749, 651, 651, 749, 724, 749, 834, 724, 724, 834, 883, 834, 523, 883, 883, 523, 885, 523, 79, 885, 885, 79, 585, 79, 370, 585, 370, 37, 585, 37, 378, 585, 585, 378, 656, 378, 297, 656, 474, 304, 406, 304, 65, 406, 656, 587, 585, 585, 587, 885, 587, 62, 885, 885, 62, 883, 62, 546, 883, 883, 546, 724, 724, 546, 651, 546, 199, 651, 651, 199, 619, 199, 274, 619, 619, 274, 899, 899, 274, 935, 935, 274, 328, 274, 199, 328, 328, 199, 546, 619, 899, 257, 257, 899, 180, 899, 841, 180, 180, 841, 458, 458, 841, 2, 841, 899, 2, 2, 899, 615, 899, 935, 615, 615, 935, 258, 935, 328, 258, 180, 458, 809, 458, 403, 809, 809, 403, 530, 530, 403, 405, 405, 403, 807, 403, 518, 807, 807, 518, 770, 518, 666, 770, 770, 666, 304, 304, 666, 404, 404, 666, 669, 666, 518, 669, 458, 2, 126, 126, 2, 99, 2, 615, 99, 99, 615, 189, 615, 258, 189, 403, 458, 126, 304, 404, 334, 334, 404, 276, 404, 669, 276, 304, 334, 65, 65, 334, 102, 102, 334, 20, 20, 334, 307, 334, 151, 307, 307, 151, 527, 151, 570, 527, 527, 570, 736, 570, 948, 736, 736, 948, 879, 879, 948, 176, 948, 570, 176, 334, 276, 151, 151, 276, 570, 276, 669, 570, 879, 225, 736, 736, 225, 178, 225, 892, 178, 178, 892, 496, 496, 892, 777, 892, 700, 777, 700, 146, 777, 777, 146, 111, 146, 85, 111, 111, 85, 699, 699, 85, 344, 85, 840, 344, 344, 840, 659, 659, 840, 277, 840, 339, 277, 277, 339, 28, 892, 225, 879, 339, 840, 843, 840, 85, 843, 85, 118, 843, 118, 86, 843, 843, 86, 339, 86, 760, 339, 339, 760, 28, 28, 760, 875, 875, 760, 949, 760, 463, 949, 949, 463, 36, 463, 128, 36, 36, 128, 445, 128, 215, 445, 215, 960, 445, 445, 960, 667, 960, 494, 667, 667, 494, 423, 760, 86, 463, 463, 86, 128, 86, 215, 128, 36, 445, 667, 494, 960, 329, 329, 960, 215, 329, 661, 494, 494, 661, 423, 661, 549, 423, 423, 549, 519, 549, 239, 519, 519, 239, 977, 239, 399, 977, 399, 553, 977, 977, 553, 332, 553, 427, 332, 332, 427, 851, 519, 977, 332, 549, 661, 540, 661, 329, 540, 549, 540, 239, 540, 399, 239, 427, 553, 136, 553, 399, 136, 136, 194, 427, 427, 194, 851, 194, 911, 851, 851, 911, 164, 911, 896, 164, 164, 896, 526, 896, 911, 251, 911, 194, 251, 194, 136, 251, 251, 136, 175, 175, 136, 839, 839, 136, 784, 136, 399, 784, 784, 399, 12, 12, 399, 414, 399, 540, 414, 414, 540, 768, 768, 540, 701, 540, 329, 701, 701, 329, 959, 959, 329, 337, 329, 215, 337, 337, 215, 848, 215, 54, 848, 848, 54, 106, 54, 118, 106, 118, 85, 106, 85, 146, 106, 146, 700, 106, 106, 700, 495, 700, 892, 495, 495, 892, 412, 892, 879, 412, 215, 86, 54, 86, 118, 54, 412, 91, 495, 495, 91, 106, 106, 91, 848, 848, 91, 337, 337, 91, 959, 91, 688, 959, 959, 688, 701, 701, 688, 768, 688, 438, 768, 768, 438, 414, 414, 438, 12, 438, 94, 12, 12, 94, 784, 784, 94, 839, 94, 110, 839, 839, 110, 175, 110, 222, 175, 175, 222, 251, 222, 312, 251, 312, 313, 251, 251, 313, 896, 896, 313, 526, 313, 987, 526, 526, 987, 621, 110, 189, 222, 222, 189, 312, 189, 258, 312, 312, 258, 486, 258, 328, 486, 486, 328, 996, 996, 328, 413, 328, 546, 413, 413, 546, 390, 546, 62, 390, 390, 62, 161, 62, 587, 161, 161, 587, 644, 587, 656, 644, 644, 656, 349, 656, 297, 349, 349, 297, 240, 297, 754, 240, 754, 598, 240, 598, 506, 240, 506, 717, 240, 240, 717, 78, 717, 371, 78, 312, 486, 313, 313, 486, 987, 486, 996, 987, 78, 80, 240, 240, 80, 349, 349, 80, 644, 80, 95, 644, 644, 95, 130, 95, 992, 130, 992, 925, 130, 925, 928, 130, 130, 928, 161, 161, 928, 390, 390, 928, 413, 413, 928, 996, 996, 928, 987, 987, 928, 621, 928, 925, 621, 992, 95, 80, 130, 161, 644, 695, 142, 823, 142, 864, 823, 823, 864, 609, 609, 864, 270, 864, 755, 270, 270, 755, 76, 76, 755, 692, 755, 864, 692, 692, 864, 142, 270, 76, 810, 76, 314, 810, 810, 314, 751, 314, 913, 751, 751, 913, 866, 913, 336, 866, 336, 643, 866, 866, 643, 88, 643, 430, 88, 430, 966, 88, 88, 966, 538, 966, 305, 538, 305, 39, 538, 39, 866, 538, 538, 866, 88, 305, 966, 986, 966, 4, 986, 4, 108, 986, 986, 108, 868, 108, 279, 868, 868, 279, 170, 279, 227, 170, 227, 902, 170, 170, 902, 63, 902, 728, 63, 63, 728, 510, 510, 728, 823, 728, 695, 823, 986, 868, 305, 868, 170, 305, 170, 63, 305, 305, 63, 858, 63, 510, 858, 858, 510, 914, 510, 609, 914, 609, 270, 914, 270, 810, 914, 810, 751, 914, 751, 866, 914, 866, 39, 914, 914, 39, 858, 39, 305, 858, 510, 823, 609, 91, 412, 756, 412, 879, 756, 756, 879, 908, 879, 176, 908, 908, 176, 224, 176, 122, 224, 224, 122, 438, 122, 355, 438, 438, 355, 94, 91, 756, 688, 756, 908, 688, 908, 224, 688, 688, 224, 438, 355, 122, 259, 259, 122, 176, 259, 425, 355, 355, 425, 94, 425, 835, 94, 94, 835, 110, 835, 248, 110, 110, 248, 99, 99, 248, 126, 248, 524, 126, 126, 524, 200, 524, 518, 200, 518, 403, 200, 200, 403, 126, 248, 835, 524, 835, 425, 524, 425, 259, 524, 524, 259, 3, 259, 669, 3, 669, 518, 3, 3, 518, 524, 110, 99, 189, 259, 786, 669, 669, 786, 570, 570, 786, 176, 786, 259, 176, 895, 236, 956, 236, 24, 956, 956, 24, 340, 24, 387, 340, 340, 387, 788, 387, 561, 788, 236, 387, 24, 895, 956, 877, 877, 956, 930, 930, 956, 234, 234, 956, 758, 956, 340, 758]
                texCoord2f[] primvars:st2 = [(0.118935, 0.019950986), (0.288936, 0.07576901), (0.257928, 0.16004401), (0.18983, 0.16332698), (0.699225, 0.867924), (0.943525, 0.638814), (0.244794, 0.395355), (0.492013, 0.662771), (0.448966, 0.595887), (0.662987, 0.395477), (0.919083, 0.834968), (0.229108, 0.07467502), (0.196032, 0.24225098), (0.315567, 0.341604), (0.653137, 0.849196), (0.266075, 0.472211), (0.405432, 0.096198976), (0.009128, 0.28201604), (0.405554, 0.444242), (0.643896, 0.984546), (0.136933, 0.09777999), (0.166117, 0.495439), (0.230445, 0.32506597), (0.592944, 0.695727), (0.536763, 0.915594), (0.995815, 0.759085), (0.485082, 0.801039), (0.451033, 0.37674904), (0.087805, 0.405084), (0.60936, 0.905501), (0.700927, 0.427338), (0.787752, 0.498114), (0.549775, 0.667392), (0.551599, 0.39085603), (0.3332, 0.423325), (0.65484, 0.758841), (0.156632, 0.373587), (0.433279, 0.11784601), (0.223879, 0.49872196), (0.767809, 0.913527), (0.471098, 0.736222), (0.681349, 0.42393303), (0.489946, 0.350968), (0.714182, 0.809552), (0.634654, 0.17269099), (0.570934, 0.796175), (0.60024, 0.656691), (0.116625, 0.053393006), (0.533237, 0.519274), (0.449088, 0.45263302), (0.391569, 0.536664), (0.392056, 0.677364), (0.762823, 0.47026598), (0.577135, 0.32907903), (0.102397, 0.324701), (0.199558, 0.033936024), (0.968211, 0.579105), (0.538831, 0.13584399), (0.021045, 0.24602103), (0.201139, 0.491912), (0.440575, 0.767719), (0.717222, 0.44083703), (0.369194, 0.16442204), (0.773889, 0.856493), (0.459545, 0.11796701), (0.168185, 0.08963299), (0.636478, 0.605737), (0.648638, 0.783528), (0.498458, 0.255628), (0.652529, 0.667757), (0.730355, 0.680404), (0.996787, 0.688674), (0.257928, 0.30658102), (0.291612, 0.35948098), (0.402635, 0.721265), (0.602915, 0.63845), (0.864848, 0.902582), (0.675147, 0.44618702), (0.482042, 0.20807898), (0.385003, 0.118819), (0.459181, 0.209903), (0.906072, 0.578497), (0.474624, 0.277031), (0.522779, 0.73525), (0.818274, 0.591387), (0.05181, 0.320809), (0.103249, 0.34999502), (0.749447, 0.709712), (0.740448, 0.941983), (0.65715, 0.502005), (0.944863, 0.754464), (0.10945, 0.27484202), (0.872631, 0.695362), (0.676242, 0.46868503), (0.204422, 0.220361), (0.430604, 0.20978099), (0.647908, 0.45178103), (0.358493, 0.44035), (0.942309, 0.583118), (0.246619, 0.18035197), (0.582, 0.16344899), (0.507214, 0.303298), (0.143134, 0.079539), (0.574339, 0.652191), (0.611914, 0.45579398), (0.92115, 0.725521), (0.07905, 0.294542), (0.12307, 0.0019530058), (0.70567, 0.838738), (0.71479, 0.524016), (0.236525, 0.20139003), (0.033327, 0.285178), (0.385489, 0.749113), (0.282856, 0.086106), (0.226797, 0.34731996), (0.204057, 0.37139797), (0.150187, 0.508207), (0.499796, 0.584212), (0.076496, 0.32263398), (0.145931, 0.04427302), (0.965414, 0.634801), (0.310946, 0.38307297), (0.162712, 0.21002501), (0.244186, 0.42016304), (0.573366, 0.861235), (0.580297, 0.50006), (0.237985, 0.15445), (0.245159, 0.472333), (0.129758, 0.35023904), (0.490189, 0.47038698), (0.399838, 0.208444), (0.541871, 0.232036), (0.627114, 0.542987), (0.512929, 0.444485), (0.335146, 0.44533598), (0.784225, 0.666784), (0.247105, 0.244075), (0.861565, 0.601724), (0.02676, 0.46369898), (0.633438, 0.521341), (0.418565, 0.773799), (0.507214, 0.14387), (0.851107, 0.852601), (0.318607, 0.58482), (0.550018, 0.54469), (0.514145, 0.556486), (0.05631, 0.288948), (0.455532, 0.47379196), (0.716614, 0.610358), (0.993018, 0.656326), (0.82253, 0.708496), (0.143378, 0.12842602), (0.691564, 0.898569), (0.126475, 0.582631), (0.036489, 0.21209198), (0.410783, 0.498357), (0.665906, 0.44071496), (0.675391, 0.859168), (0.268872, 0.52961), (0.408715, 0.66265), (0.744826, 0.791068), (0.398136, 0.18704098), (0.964076, 0.788635), (0.459789, 0.32494402), (0.322499, 0.25526297), (0.865335, 0.572295), (0.485325, 0.839711), (0.720384, 0.569741), (0.797115, 0.781096), (0.577257, 0.29490697), (0.751149, 0.851872), (0.408715, 0.588347), (0.682687, 0.93189), (0.904612, 0.859654), (0.27483, 0.099117994), (0.252577, 0.22473902), (0.14435, 0.199566), (0.960307, 0.608777), (0.075037, 0.19080997), (0.812316, 0.530826), (0.282978, 0.122832), (0.438022, 0.40557003), (0.486906, 0.11954802), (0.493716, 0.10228002), (0.338794, 0.491669), (0.387435, 0.479021), (0.526305, 0.41444802), (0.588445, 0.717738), (0.76635, 0.798972), (0.268142, 0.18509501), (0.432914, 0.487777), (0.438386, 0.867681), (0.391934, 0.321782), (0.59489, 0.23276502), (0.273371, 0.24748003), (0.383665, 0.09595597), (0.462829, 0.654867), (0.555733, 0.32761896), (0.793954, 0.617898), (0.326147, 0.15663898), (0.219623, 0.14861298), (0.316175, 0.521463), (0.471098, 0.37419498), (0.420389, 0.41213703), (0.408715, 0.47026598), (0.596835, 0.67554), (0.738746, 0.45396996), (0.177305, 0.528151), (0.636721, 0.728926), (0.611306, 0.975669), (0.370654, 0.36714196), (0.110302, 0.458835), (0.371383, 0.573511), (0.872144, 0.542379), (0.088291, 0.509788), (0.129028, 0.32676804), (0.901207, 0.941132), (0.609482, 0.602332), (0.252699, 0.32786298), (0.331376, 0.10908997), (0.746042, 0.56889), (0.274587, 0.33309197), (0.25963, 0.20491701), (0.347184, 0.637477), (0.150066, 0.23410296), (0.093277, 0.20102596), (0.320432, 0.320688), (0.757838, 0.824753), (0.044758, 0.495803), (0.495418, 0.399247), (0.557436, 0.20370102), (0.281275, 0.613033), (0.388651, 0.506505), (0.427321, 0.548338), (0.460397, 0.892245), (0.941336, 0.846886), (0.557801, 0.893097), (0.132068, 0.522071), (0.577865, 0.768448), (0.212205, 0.283962), (0.471341, 0.18424404), (0.568866, 0.710077), (0.677458, 0.370304), (0.59647, 0.559283), (0.485082, 0.32616), (0.503201, 0.27921999), (0.286261, 0.423568), (0.416011, 0.526084), (0.226068, 0.17597401), (0.377342, 0.409218), (0.199923, 0.620816), (0.277749, 0.228387), (0.585283, 0.830833), (0.624439, 0.777569), (0.469638, 0.44095802), (0.465504, 0.23154902), (0.684146, 0.44120097), (0.302556, 0.126966), (0.290396, 0.19044602), (0.17621, 0.186311), (0.572515, 0.553446), (0.812437, 0.647449), (0.229108, 0.06154102), (0.264859, 0.44606602), (0.386948, 0.35486), (0.35898, 0.287975), (0.145323, 0.474279), (0.647665, 0.428433), (0.318607, 0.551986), (0.470246, 0.676878), (0.826178, 0.898812), (0.394123, 0.776353), (0.327484, 0.29965), (0.397528, 0.705577), (0.308393, 0.15165299), (0.409445, 0.365561), (0.159064, 0.14119399), (0.05631, 0.3821), (0.116868, 0.03673303), (0.735463, 0.817457), (0.735098, 0.657542), (0.629546, 0.643922), (0.666514, 0.45834804), (0.725126, 0.703388), (0.568745, 0.18168998), (0.614346, 0.583361), (0.264494, 0.42137897), (0.772673, 0.508451), (0.204422, 0.348171), (0.605226, 0.538609), (0.244308, 0.530218), (0.702022, 0.774164), (0.692172, 0.588833), (0.24443, 0.445701), (0.224852, 0.39474702), (0.114679, 0.08780897), (0.205517, 0.418217), (0.443129, 0.16417801), (0.224852, 0.41919), (0.729504, 0.46491504), (0.94766, 0.888597), (0.693874, 0.71944), (0.870442, 0.962048), (0.85512, 0.771124), (0.191289, 0.101671994), (0.745191, 0.88203), (0.516942, 0.63468), (0.125988, 0.117115974), (0.265102, 0.39766598), (0.674175, 0.525962), (0.686578, 0.629329), (0.067619, 0.480116), (0.283464, 0.20966), (0.308028, 0.21428096), (0.853174, 0.94101), (0.378679, 0.628964), (0.954348, 0.818551), (0.979763, 0.827793), (0.874212, 0.797634), (0.922123, 0.609628), (0.221325, 0.09036201), (0.014114, 0.429892), (0.644747, 0.566336), (0.616292, 0.701929), (0.917259, 0.752396), (0.497242, 0.741816), (0.624561, 0.49385798), (0.644139, 0.387451), (0.31958, 0.17621803), (0.157484, 0.30670297), (0.680012, 0.992694), (0.510497, 0.328349), (0.263278, 0.286151), (0.718438, 0.998044), (0.156754, 0.108482), (0.46672, 0.816484), (0.785806, 0.964967), (0.131217, 0.30402803), (0.373694, 0.387937), (0.081482, 0.37796497), (0.514145, 0.933957), (0.347671, 0.304757), (0.987546, 0.627018), (0.346211, 0.343185), (0.027125, 0.353765), (0.596714, 0.37127697), (0.787873, 0.535326), (0.79371, 0.563296), (0.245402, 0.083186984), (0.451155, 0.187527), (0.683903, 0.829861), (0.640491, 0.810525), (0.842108, 0.565485), (0.583945, 0.464185), (0.462221, 0.854304), (0.182534, 0.21695602), (0.361655, 0.462726), (0.605712, 0.620573), (0.332592, 0.401922), (0.312649, 0.36239898), (0.570447, 0.39766598), (0.500282, 0.43354), (0.492986, 0.526449), (0.443251, 0.42952704), (0.583459, 0.899299), (0.332105, 0.38076198), (0.713817, 0.969588), (0.948268, 0.725521), (0.845392, 0.792648), (0.710899, 0.500789), (0.408229, 0.11906201), (0.511713, 0.22486103), (0.746893, 0.591509), (0.683173, 0.650002), (0.910936, 0.777812), (0.998003, 0.72321), (0.829097, 0.682715), (0.500404, 0.783528), (0.436806, 0.14070797), (0.311433, 0.088781), (0.359101, 0.24346697), (0.624804, 0.40861), (0.672472, 0.547487), (0.204544, 0.39474702), (0.922731, 0.640152), (0.621034, 0.68235), (0.175481, 0.050231993), (0.567042, 0.930066), (0.707372, 0.404962), (0.553909, 0.594549), (0.369802, 0.184973), (0.628209, 0.22328001), (0.267534, 0.499695), (0.171225, 0.45445704), (0.437657, 0.32774103), (0.312284, 0.47002196), (0.456384, 0.40021896), (0.973683, 0.724548), (0.548316, 0.507964), (0.21561, 0.26353204), (0.487028, 0.616074), (0.789211, 0.642827), (0.48496, 0.760422), (0.231783, 0.12672299), (0.175602, 0.12064302), (0.231661, 0.098874986), (0.174508, 0.07041901), (0.923218, 0.698037), (0.523995, 0.10933298), (0.310095, 0.40386796), (0.513051, 0.19093204), (0.479002, 0.45676696), (0.097533, 0.238967), (0.342806, 0.18108201), (0.18983, 0.263897), (0.63818, 0.445822), (0.45991, 0.13912702), (0.82934, 0.7648), (0.295989, 0.339172), (0.162834, 0.417001), (0.620791, 0.19239098), (0.14581, 0.028221011), (0.424645, 0.436459), (0.206368, 0.325917), (0.936716, 0.556607), (0.194694, 0.19360697), (0.882237, 0.775137), (0.268629, 0.266572), (0.238958, 0.632491), (0.979641, 0.601602), (0.709804, 0.939916), (0.399109, 0.564512), (0.34305, 0.54773), (0.557071, 0.485223), (0.277992, 0.638693), (0.355332, 0.418339), (0.710291, 0.749599), (0.93854, 0.782433), (0.172197, 0.23969698), (0.898897, 0.670676), (0.56303, 0.734641), (0.788238, 0.805661), (0.377707, 0.302082), (0.113463, 0.536907), (0.658001, 0.43585098), (0.155416, 0.350968), (0.503201, 0.16271901), (0.076861, 0.15432799), (0.743002, 0.49106097), (0.957753, 0.593211), (0.625533, 0.663136), (0.895857, 0.546514), (0.521563, 0.670676), (0.300853, 0.31837702), (0.674783, 0.691957), (0.948511, 0.696335), (0.705791, 0.418096), (0.53652, 0.567066), (0.250023, 0.13414097), (0.716492, 0.474644), (0.667365, 0.41237998), (0.679525, 0.670797), (0.845392, 0.538245), (0.131825, 0.37383103), (0.697158, 0.456524), (0.575798, 0.13195199), (0.965535, 0.85929), (0.970035, 0.662163), (0.288693, 0.38003302), (0.442035, 0.66873), (0.754919, 0.686242), (0.440454, 0.510032), (0.718317, 0.726372), (0.668946, 0.71336), (0.200896, 0.08184999), (0.606199, 0.747167), (0.45687, 0.752396), (0.365911, 0.31631), (0.47049, 0.776353), (0.631492, 0.841535), (0.616778, 0.159679), (0.518401, 0.613033), (0.529467, 0.77842), (0.696063, 0.54846), (0.508795, 0.548703), (0.613373, 0.424541), (0.3135, 0.195432), (0.795778, 0.591387), (0.903518, 0.802256), (0.560111, 0.43317497), (0.537858, 0.750694), (0.857674, 0.632248), (0.063971, 0.411286), (0.512443, 0.762246), (0.181196, 0.328592), (0.086589, 0.266451), (0.057647, 0.22011799), (0.705427, 0.675054), (0.686943, 0.41444802), (0.541263, 0.46880603), (0.337213, 0.468077), (0.693145, 0.801161), (0.452128, 0.299406), (0.930149, 0.808944), (0.445439, 0.35254896), (0.697522, 0.391585), (0.488244, 0.18059498), (0.646449, 0.407638), (0.648395, 0.687701), (0.803925, 0.833387), (0.794805, 0.88349), (0.502593, 0.701929), (0.759783, 0.662893), (0.527035, 0.842751), (0.649611, 0.545663), (0.608874, 0.836063), (0.286991, 0.401192), (0.473773, 0.413961), (0.203814, 0.14107299), (0.23458, 0.30366302), (0.528737, 0.27399004), (0.452614, 0.792648), (0.581635, 0.598441), (0.365303, 0.117115974), (0.207219, 0.17062402), (0.923218, 0.66946), (0.329673, 0.23653501), (0.127326, 0.15031499), (0.676607, 0.481454), (0.648152, 0.475981), (0.243214, 0.10641503), (0.051567, 0.450687), (0.439846, 0.570227), (0.895614, 0.825118), (0.251361, 0.07236397), (0.652408, 0.18387902), (0.661406, 0.479994), (0.653502, 0.524138), (0.739962, 0.912919), (0.309609, 0.42527103), (0.185817, 0.28530002), (0.267777, 0.558796), (0.466477, 0.34999502), (0.530075, 0.696457), (0.574582, 0.36337197), (0.727315, 0.42137897), (0.345968, 0.16077298), (0.659582, 0.627991), (0.074915, 0.440107), (0.209165, 0.304636), (0.039164, 0.42004204), (0.886737, 0.88203), (0.172927, 0.034300983), (0.242849, 0.26328897), (0.532021, 0.72321), (0.917259, 0.550284), (0.655205, 0.38319397), (0.877738, 0.638693), (0.599997, 0.44339), (0.187398, 0.43816102), (0.097412, 0.43208098), (0.579932, 0.965089), (0.616656, 0.24225098), (0.660677, 0.38064098), (0.444831, 0.729047), (0.190073, 0.561472), (0.574703, 0.22133398), (0.693753, 0.503221), (0.630033, 0.75191), (0.719168, 0.590171), (0.142526, 0.16356999), (0.307177, 0.297096), (0.296719, 0.09303802), (0.587837, 0.19725597), (0.547343, 0.650975), (0.38476, 0.45396996), (0.583337, 0.741938), (0.896951, 0.698037), (0.116625, 0.07041901), (0.662136, 0.819889), (0.148728, 0.443025), (0.245646, 0.501276), (0.460761, 0.713847), (0.625777, 0.43658), (0.866794, 0.817821), (0.413701, 0.14204597), (0.419538, 0.839103), (0.394488, 0.16539401), (0.332835, 0.360332), (0.486298, 0.720048), (0.723667, 0.782312), (0.673323, 0.430135), (0.346211, 0.608899), (0.480461, 0.573754), (0.940972, 0.610966), (0.561205, 0.14873397), (0.094372, 0.16417801), (0.256955, 0.05764997), (0.483501, 0.15955698), (0.453708, 0.528881), (0.884669, 0.846399), (0.597443, 0.14581597), (0.566434, 0.48571002), (0.16101, 0.46333396), (0.435833, 0.704361), (0.66323, 0.42296004), (0.770363, 0.566093), (0.686335, 0.742181), (0.837731, 0.626046), (0.821801, 0.875828), (0.401419, 0.420285), (0.159916, 0.543717), (0.522657, 0.249426), (0.743488, 0.61352), (0.661893, 0.735736), (0.278235, 0.16539401), (0.237012, 0.554175), (0.609725, 0.48716903), (0.742151, 0.733182), (0.319459, 0.13110101), (0.538831, 0.816119), (0.366033, 0.224253), (0.478637, 0.508207), (0.488365, 0.640517), (0.413579, 0.28019202), (0.402392, 0.34342897), (0.743488, 0.44472802), (0.723059, 0.43147302), (0.739232, 0.635409), (0.881386, 0.921431), (0.834204, 0.655231), (0.111396, 0.105198026), (0.35144, 0.356076), (0.970764, 0.757139), (0.517307, 0.803715), (0.989126, 0.794229), (0.140459, 0.420771), (0.533966, 0.328471), (0.310946, 0.44716), (0.337091, 0.279584), (0.548802, 0.788757), (0.089264, 0.46844196), (0.665784, 0.588225), (0.749569, 0.970561), (0.425983, 0.18764901), (0.727194, 0.496898), (0.635383, 0.39572), (0.267048, 0.078930974), (0.224973, 0.370669), (0.522657, 0.173056), (0.532629, 0.300866), (0.332227, 0.13511401), (0.54941, 0.16685402), (0.525576, 0.59005), (0.692901, 0.435364), (0.518523, 0.654015), (0.419903, 0.165151), (0.056553, 0.182055), (0.588323, 0.579348), (0.03126, 0.387815), (0.550018, 0.853939), (0.183142, 0.30694604), (0.779118, 0.690741), (0.31423, 0.10690099), (0.595984, 0.937119), (0.905099, 0.898812), (0.189952, 0.132074), (0.180588, 0.350482), (0.973683, 0.692687), (0.1739, 0.15347701), (0.335024, 0.34087503), (0.294408, 0.556729), (0.370289, 0.094132006), (0.657758, 0.401192), (0.159186, 0.39584196), (0.925285, 0.874004), (0.694726, 0.569011), (0.62298, 0.94478), (0.706886, 0.451052), (0.415039, 0.38830197), (0.314473, 0.275693), (0.365303, 0.513193), (0.427199, 0.303298), (0.534331, 0.35717), (0.902059, 0.611088), (0.635991, 0.47148204), (0.288328, 0.470995), (0.719533, 0.54773), (0.140702, 0.25781596), (0.623953, 0.465158), (0.145931, 0.06178403), (0.600726, 0.773556), (0.870928, 0.865613), (0.773038, 0.715063), (0.147147, 0.012046993), (0.829705, 0.833874), (0.227162, 0.04865098), (0.269966, 0.353765), (0.559746, 0.255871), (0.027612, 0.31947196), (0.065065, 0.25781596), (0.160524, 0.284692), (0.130001, 0.45056498), (0.655813, 0.647692), (0.733152, 0.757261), (0.453587, 0.633464), (0.54029, 0.18777001), (0.582972, 0.262438), (0.577257, 0.616925), (0.468179, 0.549432), (0.286139, 0.292475), (0.590025, 0.409218), (0.526792, 0.45579398), (0.793954, 0.723089), (0.248199, 0.349387), (0.798088, 0.990505), (0.83542, 0.979317), (0.498945, 0.201877), (0.503201, 0.48473704), (0.772187, 0.592238), (0.483501, 0.13888401), (0.433644, 0.09753698), (0.178886, 0.48023796), (0.551842, 0.682958), (0.347427, 0.139005), (0.51074, 0.406421), (0.548072, 0.614371), (0.181196, 0.372858), (0.797845, 0.857466), (0.504052, 0.824388), (0.409202, 0.747045), (0.353629, 0.396936), (0.69278, 0.480967), (0.713088, 0.631518), (0.597443, 0.867437), (0.218528, 0.523408), (0.110058, 0.17488003), (0.946565, 0.667635), (0.501985, 0.17816299), (0.862781, 0.747289), (0.1193, 0.425636), (0.575068, 0.63468), (0.953132, 0.563417), (0.694969, 0.526205), (0.367492, 0.542501), (0.429145, 0.741208), (0.334173, 0.08963299), (0.224852, 0.47135997), (0.640369, 0.49872196), (0.341347, 0.11164403), (0.381476, 0.698524), (0.806235, 0.932011), (0.436806, 0.253317), (0.005237, 0.394382), (0.463801, 0.161381), (0.852566, 0.882638), (0.118327, 0.25015497), (0.754676, 0.765408), (0.485447, 0.913405), (0.280059, 0.312662), (0.106653, 0.37504697), (0.67308, 0.402165), (0.108234, 0.495925), (0.60705, 0.265235), (0.492013, 0.23191398), (0.340618, 0.517814), (0.561692, 0.82451), (0.352048, 0.376141), (0.165266, 0.26219404), (0.594038, 0.801769), (0.206733, 0.112372994), (0.687186, 0.381005), (0.806235, 0.757139), (0.764282, 0.540433), (0.289301, 0.586645), (0.620913, 0.873153), (0.245767, 0.371885), (0.043177, 0.25125003), (0.142283, 0.561107), (0.819977, 0.787663), (0.769633, 0.616439), (0.671256, 0.38805902), (0.18302, 0.39486897), (0.292584, 0.525841), (0.220717, 0.24334502), (0.271669, 0.067499995), (0.158943, 0.17609602), (0.451884, 0.691349), (0.54637, 0.951104), (0.614346, 0.516842), (0.837852, 0.74206), (0.617629, 0.805661), (0.111761, 0.139005), (0.191776, 0.511126), (0.546127, 0.63322), (0.844784, 0.717616), (0.361533, 0.092307985), (0.127569, 0.48473704), (0.925285, 0.580443), (0.816207, 0.620573), (0.185087, 0.416758), (0.162104, 0.603913), (0.174022, 0.581415), (0.551477, 0.11954802), (0.42878, 0.46187496), (0.662744, 0.608048), (0.658609, 0.921431), (0.217677, 0.119183004), (0.527886, 0.209903), (0.262305, 0.11565697), (0.837366, 0.919486), (0.65484, 0.414326), (0.525454, 0.684539), (0.186668, 0.460051), (0.555125, 0.29600096), (0.894154, 0.724791), (0.669067, 0.56816), (0.256833, 0.583361), (0.551964, 0.699497), (0.801615, 0.697673), (0.418565, 0.33418596), (0.266926, 0.37516797), (0.707129, 0.47817004), (0.823625, 0.853817), (0.398501, 0.25283098), (0.470368, 0.253803), (0.443615, 0.829861), (0.476448, 0.39657104), (0.8111, 0.810525), (0.693388, 0.40313804), (0.620426, 0.563539), (0.764404, 0.740114), (0.881751, 0.608899), (0.413336, 0.614614), (0.350467, 0.114683986), (0.214759, 0.19835001), (0.001953, 0.35790002), (0.600362, 0.295515), (0.376612, 0.601359), (0.228013, 0.22267199), (0.052175, 0.351941), (0.270209, 0.14095098), (0.380625, 0.430865), (0.07759, 0.350725), (0.814869, 0.732939), (0.634167, 0.912311), (0.517793, 0.500668), (0.529345, 0.15372002), (0.104343, 0.299771), (0.675512, 0.503829), (0.513172, 0.35425198), (0.29222, 0.27204502), (0.407499, 0.31083798), (0.373329, 0.27265298), (0.095466, 0.555878), (0.410539, 0.690498), (0.836758, 0.813322), (0.546492, 0.722967), (0.769147, 0.885071), (0.542965, 0.422839), (0.314595, 0.640395), (0.642923, 0.707766), (0.429509, 0.802377), (0.379166, 0.334673), (0.840892, 0.873396), (0.668338, 0.376871), (0.773038, 0.940037), (0.208922, 0.596495), (0.72841, 0.845183), (0.203936, 0.06409502), (0.16782, 0.43706703), (0.202477, 0.047312975), (0.679039, 0.964116), (0.392421, 0.288827), (0.633194, 0.624708), (0.111639, 0.40021896), (0.257198, 0.090241015), (0.508187, 0.861357), (0.868618, 0.722116), (0.111153, 0.212457), (0.577622, 0.447403), (0.671621, 0.79204), (0.734247, 0.520247), (0.36737, 0.14216697), (0.572515, 0.68916), (0.39011, 0.14301902), (0.493108, 0.375655), (0.432793, 0.38173497), (0.428901, 0.649151), (0.689618, 0.60902), (0.679282, 0.766138), (0.755527, 0.48181796), (0.077347, 0.22850901), (0.357399, 0.33041596), (0.392421, 0.375898), (0.53275, 0.879841), (0.303164, 0.23300803), (0.313987, 0.494709), (0.339523, 0.32251203), (0.290152, 0.14605904), (0.785077, 0.748505), (0.6822, 0.38963997), (0.780577, 0.830469), (0.224852, 0.444606), (0.222784, 0.575457), (0.380625, 0.723454), (0.601578, 0.17852801), (0.75881, 0.996828), (0.130123, 0.224374), (0.640004, 0.20418704), (0.293314, 0.10483402), (0.298057, 0.252101), (0.667608, 0.889205), (0.820706, 0.955117), (0.79748, 0.909149), (0.290152, 0.496898), (0.51074, 0.719562), (0.655691, 0.454821), (0.462829, 0.09851003), (0.643774, 0.880936), (0.611306, 0.723089), (0.700562, 0.697186), (0.859619, 0.835576), (0.424888, 0.680526), (0.48946, 0.42247403), (0.398622, 0.23069799), (0.850013, 0.691592), (0.562422, 0.574241), (0.369073, 0.204674), (0.886007, 0.576429), (0.484596, 0.87595), (0.09729, 0.12793899), (0.649124, 0.954995), (0.426591, 0.35790002), (0.775592, 0.773556), (0.298421, 0.17135298), (0.068227, 0.526084), (0.59647, 0.510032), (0.875306, 0.667514), (0.926866, 0.916689), (0.496634, 0.683201), (0.405432, 0.806512), (0.807573, 0.672743), (0.840406, 0.595887), (0.649246, 0.39778697), (0.741908, 0.544568), (0.172441, 0.022747993), (0.574095, 0.670311), (0.126961, 0.18740499), (0.135109, 0.39754403), (0.686092, 0.45932102), (0.564732, 0.522435), (0.530318, 0.531313), (0.554396, 0.35923803), (0.753825, 0.515504), (0.444223, 0.27520597), (0.509281, 0.897353), (0.344995, 0.579226), (0.462585, 0.421866), (0.134865, 0.281408), (0.155538, 0.328714), (0.245402, 0.607075), (0.477664, 0.698402), (0.532386, 0.38574803), (0.764647, 0.639422), (0.002561, 0.31995797), (0.714912, 0.90769), (0.205152, 0.46758997), (0.899991, 0.642219), (0.70944, 0.653164), (0.817788, 0.562323), (0.348643, 0.26061296), (0.607536, 0.21160501), (0.596106, 0.477562), (0.556585, 0.76103), (0.205882, 0.44241703), (0.465017, 0.49203396), (0.238714, 0.28311098), (0.479488, 0.30159497), (0.397285, 0.39766598), (0.889047, 0.75045), (0.513294, 0.38027596), (0.367005, 0.34731996), (0.640126, 0.586401), (0.350467, 0.09096998), (0.206125, 0.542866), (0.722329, 0.875342), (0.334902, 0.21829402), (0.363722, 0.48644), (0.420511, 0.714819), (0.286747, 0.446795), (0.598051, 0.3337), (0.433887, 0.231184), (0.315081, 0.613155), (0.854147, 0.663136), (0.637086, 0.42004204), (0.33928, 0.19993103), (0.584067, 0.532164), (0.51378, 0.12575), (0.650462, 0.38416696)] (
                    interpolation = "faceVarying"
                )
                int[] primvars:st2:indices = [624, 873, 824, 873, 853, 824, 824, 853, 971, 971, 853, 265, 265, 853, 442, 853, 873, 442, 442, 873, 852, 873, 624, 852, 971, 380, 824, 380, 621, 824, 824, 621, 925, 621, 380, 526, 526, 380, 164, 380, 971, 164, 164, 971, 639, 971, 265, 639, 639, 265, 272, 265, 341, 272, 272, 341, 898, 341, 893, 898, 898, 893, 343, 343, 893, 982, 893, 477, 982, 982, 477, 863, 477, 442, 863, 863, 442, 192, 442, 852, 192, 192, 852, 625, 852, 820, 625, 820, 933, 625, 625, 933, 275, 265, 442, 341, 442, 477, 341, 341, 477, 893, 625, 863, 192, 164, 639, 680, 639, 272, 680, 933, 820, 504, 504, 820, 394, 820, 852, 394, 394, 852, 682, 852, 624, 682, 682, 624, 955, 624, 824, 955, 955, 502, 682, 682, 502, 394, 502, 163, 394, 394, 163, 504, 163, 542, 504, 542, 202, 504, 202, 27, 504, 27, 887, 504, 504, 887, 933, 933, 887, 275, 887, 679, 275, 679, 894, 275, 275, 894, 625, 894, 264, 625, 625, 264, 863, 264, 210, 863, 863, 210, 982, 210, 767, 982, 982, 767, 632, 767, 588, 632, 632, 588, 343, 588, 670, 343, 343, 670, 898, 670, 13, 898, 898, 13, 226, 13, 453, 226, 226, 453, 272, 453, 571, 272, 272, 571, 680, 571, 851, 680, 680, 851, 164, 264, 894, 210, 894, 338, 210, 210, 338, 767, 343, 982, 632, 272, 898, 226, 851, 571, 710, 571, 453, 710, 710, 453, 759, 453, 221, 759, 221, 72, 759, 72, 332, 759, 759, 332, 710, 332, 851, 710, 221, 453, 418, 453, 13, 418, 418, 13, 359, 13, 670, 359, 670, 588, 359, 359, 588, 365, 588, 767, 365, 365, 767, 358, 767, 731, 358, 358, 731, 435, 435, 731, 249, 731, 338, 249, 249, 338, 894, 767, 338, 731, 359, 365, 121, 365, 358, 121, 358, 435, 34, 435, 97, 34, 97, 134, 34, 134, 539, 34, 34, 539, 358, 539, 409, 358, 358, 409, 121, 409, 468, 121, 121, 468, 359, 97, 435, 249, 468, 409, 516, 409, 539, 516, 516, 539, 246, 539, 990, 246, 990, 286, 246, 286, 308, 246, 246, 308, 516, 308, 468, 516, 990, 539, 638, 539, 134, 638, 638, 134, 500, 134, 97, 500, 500, 395, 638, 638, 395, 990, 395, 686, 990, 990, 686, 15, 15, 686, 915, 915, 686, 897, 686, 395, 897, 897, 395, 500, 15, 263, 990, 990, 263, 286, 263, 123, 286, 286, 123, 308, 123, 263, 293, 263, 15, 293, 293, 15, 127, 15, 581, 127, 581, 747, 127, 127, 747, 293, 747, 903, 293, 293, 903, 123, 581, 15, 392, 15, 915, 392, 392, 915, 783, 915, 897, 783, 783, 158, 392, 392, 158, 581, 158, 290, 581, 581, 290, 735, 735, 290, 616, 616, 290, 541, 290, 158, 541, 541, 158, 783, 735, 38, 581, 581, 38, 747, 38, 967, 747, 967, 975, 747, 747, 975, 903, 975, 298, 903, 903, 298, 123, 298, 294, 123, 294, 6, 123, 123, 6, 308, 6, 776, 308, 776, 821, 308, 308, 821, 468, 821, 697, 468, 468, 697, 73, 697, 221, 73, 221, 418, 73, 418, 359, 73, 73, 359, 468, 735, 59, 38, 38, 59, 967, 221, 697, 714, 697, 821, 714, 821, 776, 714, 714, 776, 648, 776, 6, 648, 6, 294, 648, 648, 294, 383, 294, 298, 383, 383, 298, 296, 298, 975, 296, 296, 975, 800, 800, 975, 559, 975, 813, 559, 559, 813, 393, 393, 813, 722, 813, 967, 722, 722, 967, 59, 296, 800, 383, 383, 800, 782, 782, 800, 674, 674, 800, 419, 419, 800, 870, 800, 559, 870, 870, 559, 393, 975, 967, 813, 782, 727, 383, 727, 115, 383, 383, 115, 648, 115, 288, 648, 288, 114, 648, 648, 114, 714, 114, 22, 714, 714, 22, 218, 22, 519, 218, 218, 519, 72, 519, 332, 72, 714, 218, 221, 218, 72, 221, 519, 22, 423, 22, 114, 423, 114, 288, 423, 423, 288, 667, 288, 115, 667, 115, 727, 667, 667, 727, 36, 727, 782, 36, 782, 674, 36, 36, 674, 949, 949, 674, 636, 674, 419, 636, 419, 870, 636, 636, 870, 580, 870, 393, 580, 580, 393, 603, 393, 722, 603, 603, 722, 21, 722, 59, 21, 21, 59, 793, 59, 735, 793, 793, 735, 207, 735, 985, 207, 207, 985, 565, 985, 904, 565, 904, 802, 565, 565, 802, 611, 802, 778, 611, 778, 237, 611, 611, 237, 207, 237, 116, 207, 207, 116, 21, 116, 797, 21, 797, 266, 21, 21, 266, 603, 603, 266, 580, 266, 702, 580, 580, 702, 636, 21, 793, 207, 735, 616, 985, 985, 616, 904, 616, 541, 904, 207, 565, 611, 116, 237, 797, 237, 762, 797, 797, 762, 211, 762, 641, 211, 641, 560, 211, 211, 560, 702, 560, 740, 702, 702, 740, 636, 740, 875, 636, 636, 875, 949, 702, 266, 211, 211, 266, 797, 875, 740, 28, 740, 560, 28, 28, 560, 548, 560, 641, 548, 548, 641, 531, 531, 641, 311, 311, 641, 214, 641, 762, 214, 762, 237, 214, 214, 237, 443, 237, 778, 443, 443, 778, 153, 778, 802, 153, 153, 854, 443, 443, 854, 214, 854, 936, 214, 936, 228, 214, 214, 228, 311, 311, 228, 531, 228, 138, 531, 531, 138, 550, 138, 321, 550, 321, 753, 550, 550, 753, 659, 659, 753, 344, 753, 836, 344, 836, 965, 344, 344, 965, 699, 965, 17, 699, 699, 17, 111, 111, 17, 777, 17, 58, 777, 58, 154, 777, 777, 154, 496, 496, 154, 178, 154, 657, 178, 657, 447, 178, 178, 447, 596, 596, 447, 792, 447, 931, 792, 531, 550, 548, 550, 492, 548, 548, 492, 28, 28, 492, 277, 277, 492, 659, 492, 550, 659, 792, 736, 596, 736, 178, 596, 931, 307, 792, 307, 527, 792, 792, 527, 736, 931, 631, 307, 631, 295, 307, 307, 295, 20, 20, 295, 102, 295, 578, 102, 102, 578, 690, 578, 47, 690, 47, 278, 690, 690, 278, 119, 278, 421, 119, 119, 421, 552, 552, 421, 946, 946, 421, 694, 694, 421, 107, 107, 421, 0, 421, 278, 0, 552, 386, 119, 386, 690, 119, 386, 552, 871, 552, 946, 871, 946, 55, 871, 55, 696, 871, 871, 696, 262, 696, 597, 262, 262, 597, 534, 534, 597, 647, 597, 785, 647, 647, 785, 113, 785, 1, 113, 113, 1, 572, 1, 379, 572, 572, 379, 663, 663, 379, 219, 379, 746, 219, 219, 746, 749, 746, 984, 749, 984, 796, 749, 749, 796, 834, 796, 672, 834, 834, 672, 523, 672, 195, 523, 523, 195, 79, 195, 16, 79, 79, 16, 370, 370, 16, 37, 16, 721, 37, 721, 918, 37, 37, 918, 64, 64, 918, 182, 918, 183, 182, 182, 183, 998, 183, 408, 998, 998, 408, 57, 408, 803, 57, 57, 803, 595, 803, 465, 595, 595, 465, 100, 465, 601, 100, 601, 480, 100, 100, 480, 906, 480, 44, 906, 906, 44, 420, 44, 535, 420, 535, 909, 420, 909, 391, 420, 391, 972, 420, 420, 972, 906, 972, 573, 906, 906, 573, 100, 573, 284, 100, 284, 652, 100, 100, 652, 595, 652, 847, 595, 595, 847, 57, 847, 141, 57, 57, 141, 998, 141, 720, 998, 998, 720, 182, 182, 720, 64, 720, 416, 64, 64, 416, 37, 37, 416, 378, 416, 754, 378, 378, 754, 297, 416, 720, 754, 754, 720, 598, 598, 720, 446, 720, 141, 446, 446, 141, 649, 141, 847, 649, 649, 847, 706, 847, 652, 706, 652, 284, 706, 706, 284, 230, 284, 573, 230, 230, 573, 566, 573, 972, 566, 566, 972, 193, 972, 391, 193, 391, 562, 193, 562, 763, 193, 193, 763, 707, 763, 169, 707, 169, 698, 707, 707, 698, 566, 566, 698, 230, 698, 131, 230, 230, 131, 706, 131, 808, 706, 808, 410, 706, 706, 410, 649, 410, 738, 649, 649, 738, 446, 446, 738, 598, 598, 738, 506, 506, 738, 717, 738, 410, 717, 717, 410, 371, 410, 808, 371, 808, 131, 371, 371, 131, 612, 131, 698, 612, 612, 698, 520, 520, 698, 650, 650, 698, 814, 698, 169, 814, 814, 169, 53, 169, 837, 53, 837, 991, 53, 991, 345, 53, 53, 345, 544, 544, 345, 360, 345, 711, 360, 711, 880, 360, 360, 880, 489, 489, 880, 499, 880, 433, 499, 499, 433, 846, 433, 48, 846, 48, 484, 846, 846, 484, 362, 362, 484, 709, 484, 593, 709, 593, 8, 709, 709, 8, 532, 532, 8, 171, 8, 833, 171, 171, 833, 838, 833, 315, 838, 315, 223, 838, 838, 223, 592, 592, 223, 993, 223, 860, 993, 993, 860, 231, 860, 434, 231, 434, 428, 231, 231, 428, 961, 961, 428, 867, 428, 250, 867, 867, 250, 802, 250, 801, 802, 802, 801, 153, 566, 193, 707, 169, 763, 837, 802, 904, 867, 867, 904, 961, 904, 817, 961, 961, 817, 231, 817, 774, 231, 231, 774, 143, 143, 774, 671, 774, 541, 671, 671, 541, 783, 904, 541, 817, 817, 541, 774, 231, 143, 993, 993, 143, 592, 143, 957, 592, 592, 957, 838, 838, 957, 212, 212, 957, 432, 957, 143, 432, 432, 143, 268, 143, 671, 268, 671, 783, 268, 268, 783, 201, 783, 897, 201, 201, 897, 765, 897, 184, 765, 765, 184, 681, 681, 184, 988, 184, 500, 988, 988, 500, 356, 500, 97, 356, 268, 201, 432, 201, 765, 432, 432, 765, 681, 897, 500, 184, 356, 185, 988, 185, 681, 988, 185, 356, 575, 356, 97, 575, 575, 97, 842, 97, 249, 842, 842, 249, 610, 249, 979, 610, 610, 979, 203, 203, 979, 679, 679, 979, 894, 979, 249, 894, 842, 18, 575, 575, 18, 185, 18, 204, 185, 204, 155, 185, 155, 232, 185, 185, 232, 681, 232, 50, 681, 50, 744, 681, 681, 744, 432, 432, 744, 212, 744, 431, 212, 212, 431, 838, 838, 431, 171, 171, 431, 532, 431, 233, 532, 532, 233, 709, 842, 610, 18, 610, 203, 18, 203, 422, 18, 422, 804, 18, 18, 804, 204, 744, 50, 431, 431, 50, 247, 50, 232, 247, 232, 155, 247, 247, 155, 190, 155, 204, 190, 204, 804, 190, 190, 804, 49, 804, 422, 49, 49, 422, 363, 422, 203, 363, 363, 203, 181, 203, 887, 181, 887, 396, 181, 181, 396, 363, 396, 958, 363, 363, 958, 49, 958, 254, 49, 254, 411, 49, 49, 411, 147, 411, 976, 147, 147, 976, 190, 976, 471, 190, 190, 471, 247, 471, 599, 247, 247, 599, 233, 233, 599, 709, 599, 622, 709, 709, 622, 362, 247, 233, 431, 887, 203, 679, 49, 147, 190, 599, 471, 622, 471, 976, 622, 622, 976, 718, 718, 976, 129, 976, 411, 129, 129, 411, 361, 411, 254, 361, 361, 254, 924, 254, 517, 924, 924, 517, 229, 229, 517, 827, 517, 396, 827, 827, 396, 27, 396, 887, 27, 396, 517, 958, 517, 254, 958, 362, 622, 846, 622, 718, 846, 27, 202, 827, 202, 886, 827, 827, 886, 229, 886, 981, 229, 981, 725, 229, 229, 725, 924, 924, 725, 361, 725, 133, 361, 361, 133, 129, 129, 133, 718, 133, 712, 718, 718, 712, 846, 846, 712, 499, 499, 712, 489, 489, 712, 859, 712, 133, 859, 859, 133, 186, 133, 725, 186, 186, 725, 963, 725, 981, 963, 963, 981, 850, 981, 42, 850, 850, 42, 331, 331, 42, 244, 42, 163, 244, 163, 502, 244, 244, 502, 978, 978, 502, 82, 502, 955, 82, 82, 955, 752, 955, 824, 752, 752, 824, 992, 824, 925, 992, 202, 542, 886, 542, 42, 886, 886, 42, 981, 163, 42, 542, 992, 825, 752, 752, 825, 82, 82, 825, 245, 245, 825, 68, 825, 255, 68, 68, 255, 764, 255, 80, 764, 80, 78, 764, 78, 371, 764, 764, 371, 68, 371, 612, 68, 68, 612, 245, 612, 520, 245, 520, 101, 245, 245, 101, 82, 82, 101, 978, 978, 101, 244, 244, 101, 331, 101, 637, 331, 331, 637, 850, 825, 992, 255, 255, 992, 80, 520, 650, 101, 101, 650, 637, 650, 197, 637, 637, 197, 683, 683, 197, 953, 197, 53, 953, 53, 544, 953, 953, 544, 33, 544, 360, 33, 360, 489, 33, 489, 859, 33, 859, 186, 33, 186, 963, 33, 33, 963, 683, 963, 850, 683, 683, 850, 637, 650, 814, 197, 197, 814, 53, 33, 683, 953, 83, 916, 554, 916, 543, 554, 554, 543, 818, 818, 543, 812, 543, 916, 812, 818, 857, 554, 857, 490, 554, 554, 490, 83, 490, 493, 83, 83, 493, 916, 493, 325, 916, 325, 511, 916, 916, 511, 812, 511, 452, 812, 452, 723, 812, 812, 723, 818, 723, 241, 818, 818, 241, 857, 241, 440, 857, 857, 440, 490, 440, 974, 490, 974, 640, 490, 490, 640, 482, 640, 620, 482, 620, 634, 482, 482, 634, 493, 634, 377, 493, 493, 377, 402, 377, 478, 402, 478, 40, 402, 402, 40, 325, 40, 589, 325, 325, 589, 511, 589, 962, 511, 962, 940, 511, 511, 940, 452, 940, 655, 452, 655, 32, 452, 452, 32, 723, 32, 947, 723, 723, 947, 884, 947, 205, 884, 205, 23, 884, 23, 241, 884, 884, 241, 723, 490, 482, 493, 493, 402, 325, 962, 589, 40, 205, 947, 103, 947, 32, 103, 103, 32, 574, 32, 655, 574, 574, 655, 306, 306, 655, 7, 655, 940, 7, 7, 940, 269, 940, 962, 269, 269, 962, 582, 962, 40, 582, 582, 40, 564, 40, 476, 564, 564, 476, 745, 745, 476, 60, 60, 476, 478, 476, 40, 478, 745, 604, 564, 564, 604, 582, 604, 787, 582, 582, 787, 269, 787, 196, 269, 269, 196, 7, 196, 623, 7, 7, 623, 306, 623, 481, 306, 481, 794, 306, 306, 794, 574, 794, 741, 574, 574, 741, 103, 741, 46, 103, 103, 46, 205, 46, 741, 75, 75, 741, 708, 741, 794, 708, 708, 794, 726, 794, 481, 726, 726, 481, 653, 653, 481, 400, 481, 623, 400, 400, 623, 705, 623, 196, 705, 705, 196, 469, 196, 787, 469, 469, 787, 923, 787, 604, 923, 923, 604, 989, 604, 745, 989, 745, 74, 989, 74, 273, 989, 989, 273, 855, 273, 51, 855, 51, 159, 855, 855, 159, 923, 923, 159, 469, 159, 888, 469, 469, 888, 705, 923, 989, 855, 51, 273, 750, 750, 273, 905, 273, 74, 905, 905, 74, 730, 74, 745, 730, 730, 745, 140, 745, 60, 140, 140, 60, 521, 60, 478, 521, 905, 730, 112, 112, 730, 271, 730, 140, 271, 271, 140, 862, 140, 521, 862, 862, 521, 826, 826, 521, 335, 521, 478, 335, 335, 478, 26, 478, 377, 26, 377, 634, 26, 634, 729, 26, 729, 166, 26, 26, 166, 335, 166, 354, 335, 335, 354, 826, 354, 586, 826, 826, 586, 862, 586, 941, 862, 862, 941, 271, 586, 354, 191, 191, 354, 234, 234, 354, 930, 930, 354, 877, 354, 166, 877, 877, 166, 513, 166, 729, 513, 729, 634, 513, 634, 620, 513, 513, 620, 766, 620, 640, 766, 766, 640, 45, 640, 974, 45, 45, 974, 238, 974, 440, 238, 238, 440, 576, 440, 241, 576, 576, 241, 187, 241, 23, 187, 187, 23, 920, 920, 23, 323, 23, 205, 323, 323, 205, 385, 385, 205, 450, 205, 46, 450, 46, 75, 450, 450, 75, 281, 281, 75, 874, 75, 357, 874, 874, 357, 217, 357, 522, 217, 522, 285, 217, 217, 285, 66, 285, 983, 66, 983, 642, 66, 642, 805, 66, 66, 805, 874, 805, 547, 874, 547, 703, 874, 874, 703, 281, 281, 703, 450, 703, 69, 450, 69, 508, 450, 450, 508, 385, 508, 861, 385, 385, 861, 323, 323, 861, 920, 861, 208, 920, 208, 568, 920, 568, 475, 920, 920, 475, 576, 475, 691, 576, 576, 691, 238, 576, 187, 920, 75, 708, 357, 357, 708, 522, 708, 726, 522, 874, 217, 66, 691, 475, 253, 253, 475, 568, 253, 769, 691, 691, 769, 238, 238, 769, 45, 45, 769, 766, 766, 769, 252, 769, 515, 252, 252, 515, 734, 734, 515, 479, 515, 791, 479, 479, 791, 351, 351, 791, 253, 253, 791, 769, 791, 515, 769, 734, 124, 252, 252, 124, 766, 124, 660, 766, 766, 660, 513, 660, 895, 513, 513, 895, 877, 895, 660, 236, 660, 124, 236, 124, 734, 236, 236, 734, 364, 734, 29, 364, 29, 387, 364, 364, 387, 236, 29, 734, 775, 734, 479, 775, 479, 919, 775, 775, 919, 29, 919, 845, 29, 845, 677, 29, 29, 677, 664, 677, 209, 664, 209, 561, 664, 561, 387, 664, 664, 387, 29, 209, 677, 932, 932, 677, 845, 209, 932, 19, 19, 932, 330, 932, 872, 330, 330, 872, 333, 333, 872, 366, 366, 872, 172, 872, 932, 172, 172, 932, 806, 932, 845, 806, 845, 919, 806, 806, 919, 912, 919, 157, 912, 157, 152, 912, 152, 172, 912, 912, 172, 806, 157, 919, 14, 919, 479, 14, 14, 479, 579, 479, 351, 579, 579, 351, 67, 351, 253, 67, 67, 253, 35, 253, 568, 35, 568, 208, 35, 35, 208, 614, 208, 861, 614, 614, 861, 473, 473, 861, 454, 861, 508, 454, 508, 69, 454, 454, 69, 461, 69, 703, 461, 461, 703, 373, 373, 703, 310, 703, 547, 310, 547, 805, 310, 310, 805, 889, 805, 292, 889, 292, 148, 889, 889, 148, 310, 148, 733, 310, 733, 969, 310, 310, 969, 373, 969, 497, 373, 373, 497, 461, 461, 497, 454, 497, 921, 454, 921, 301, 454, 454, 301, 473, 301, 607, 473, 473, 607, 614, 614, 607, 35, 607, 890, 35, 35, 890, 881, 890, 501, 881, 501, 579, 881, 579, 67, 881, 881, 67, 35, 579, 157, 14, 292, 805, 642, 501, 890, 291, 890, 607, 291, 291, 607, 436, 607, 472, 436, 472, 704, 436, 704, 590, 436, 436, 590, 291, 590, 501, 291, 607, 301, 472, 301, 921, 472, 472, 921, 283, 921, 497, 283, 283, 497, 70, 70, 497, 280, 497, 969, 280, 969, 733, 280, 280, 733, 628, 733, 148, 628, 148, 613, 628, 613, 964, 628, 628, 964, 280, 964, 512, 280, 512, 470, 280, 280, 470, 70, 470, 87, 70, 70, 87, 283, 283, 87, 472, 87, 618, 472, 472, 618, 704, 618, 757, 704, 704, 757, 590, 757, 618, 831, 618, 87, 831, 831, 87, 693, 693, 87, 662, 87, 470, 662, 470, 512, 662, 662, 512, 135, 512, 964, 135, 964, 401, 135, 401, 942, 135, 135, 942, 662, 942, 819, 662, 819, 713, 662, 662, 713, 693, 713, 900, 693, 693, 900, 831, 831, 900, 757, 900, 934, 757, 934, 188, 757, 757, 188, 160, 188, 227, 160, 227, 279, 160, 160, 279, 590, 279, 43, 590, 590, 43, 501, 43, 108, 501, 501, 108, 350, 108, 157, 350, 157, 579, 350, 350, 579, 501, 757, 160, 590, 108, 43, 279, 108, 4, 157, 157, 4, 152, 4, 966, 152, 152, 966, 172, 966, 430, 172, 172, 430, 366, 430, 643, 366, 366, 643, 333, 333, 643, 907, 907, 643, 715, 643, 336, 715, 715, 336, 716, 336, 913, 716, 913, 314, 716, 716, 314, 302, 302, 314, 216, 314, 629, 216, 216, 629, 939, 629, 665, 939, 939, 665, 675, 675, 665, 551, 551, 665, 76, 665, 629, 76, 76, 629, 314, 939, 675, 300, 300, 675, 466, 675, 235, 466, 466, 235, 317, 235, 675, 10, 10, 675, 173, 675, 551, 173, 173, 551, 692, 551, 76, 692, 235, 10, 316, 316, 10, 503, 503, 10, 533, 10, 173, 533, 533, 173, 600, 173, 692, 600, 235, 316, 317, 316, 162, 317, 317, 162, 635, 635, 162, 25, 162, 633, 25, 633, 397, 25, 25, 397, 375, 397, 668, 375, 375, 668, 71, 71, 668, 149, 668, 467, 149, 149, 467, 120, 467, 5, 120, 5, 177, 120, 177, 429, 120, 429, 342, 120, 120, 342, 149, 5, 467, 737, 467, 668, 737, 737, 668, 455, 455, 668, 367, 668, 397, 367, 397, 633, 367, 367, 633, 90, 633, 437, 90, 90, 437, 374, 437, 503, 374, 374, 503, 488, 503, 533, 488, 488, 533, 584, 533, 600, 584, 584, 600, 922, 600, 692, 922, 692, 142, 922, 142, 695, 922, 922, 695, 584, 695, 856, 584, 856, 368, 584, 368, 318, 584, 584, 318, 488, 318, 426, 488, 488, 426, 374, 426, 324, 374, 374, 324, 90, 90, 324, 367, 324, 105, 367, 105, 407, 367, 367, 407, 455, 455, 407, 737, 407, 525, 737, 525, 384, 737, 737, 384, 5, 384, 594, 5, 5, 594, 177, 594, 449, 177, 177, 449, 429, 429, 449, 56, 56, 449, 742, 449, 98, 742, 98, 798, 742, 742, 798, 424, 424, 798, 555, 555, 798, 81, 81, 798, 319, 798, 98, 319, 319, 98, 594, 98, 449, 594, 633, 162, 437, 162, 316, 437, 437, 316, 503, 594, 384, 319, 319, 384, 968, 384, 525, 968, 968, 684, 319, 319, 684, 81, 684, 929, 81, 81, 929, 555, 555, 929, 451, 451, 929, 213, 929, 165, 213, 165, 352, 213, 213, 352, 462, 462, 352, 179, 352, 970, 179, 179, 970, 346, 970, 347, 346, 346, 347, 606, 347, 487, 606, 606, 487, 719, 487, 198, 719, 198, 780, 719, 780, 372, 719, 719, 372, 606, 606, 372, 220, 220, 372, 167, 167, 372, 569, 569, 372, 148, 148, 372, 613, 372, 780, 613, 613, 780, 964, 780, 198, 964, 964, 198, 401, 198, 261, 401, 401, 261, 942, 31, 179, 346, 347, 970, 84, 970, 352, 84, 347, 84, 487, 487, 84, 198, 84, 799, 198, 198, 799, 261, 799, 630, 261, 261, 630, 942, 630, 799, 608, 799, 84, 608, 608, 84, 943, 84, 352, 943, 943, 352, 137, 352, 165, 137, 165, 929, 137, 137, 929, 832, 929, 684, 832, 832, 684, 557, 684, 968, 557, 557, 968, 439, 968, 525, 439, 525, 407, 439, 439, 407, 577, 577, 407, 815, 407, 105, 815, 105, 324, 815, 815, 324, 980, 324, 426, 980, 980, 426, 303, 426, 318, 303, 318, 368, 303, 303, 368, 779, 368, 856, 779, 779, 856, 828, 856, 695, 828, 828, 695, 509, 695, 728, 509, 728, 902, 509, 509, 902, 441, 902, 227, 441, 227, 188, 441, 188, 934, 441, 441, 934, 168, 934, 900, 168, 900, 772, 168, 168, 772, 779, 772, 417, 779, 779, 417, 303, 509, 441, 828, 828, 441, 779, 441, 168, 779, 417, 772, 844, 772, 900, 844, 900, 713, 844, 713, 819, 844, 844, 819, 150, 819, 942, 150, 150, 942, 376, 942, 630, 376, 376, 630, 926, 926, 630, 994, 994, 630, 491, 630, 608, 491, 608, 943, 491, 943, 137, 491, 137, 832, 491, 832, 557, 491, 491, 557, 938, 557, 439, 938, 938, 439, 92, 439, 577, 92, 491, 938, 994, 938, 92, 994, 994, 92, 926, 92, 795, 926, 926, 795, 376, 376, 795, 150, 795, 844, 150, 577, 815, 92, 815, 878, 92, 92, 878, 795, 878, 739, 795, 795, 739, 790, 739, 303, 790, 303, 417, 790, 417, 844, 790, 790, 844, 795, 878, 815, 739, 815, 980, 739, 739, 980, 303, 77, 93, 282, 282, 93, 536, 93, 528, 536, 528, 849, 536, 849, 89, 536, 89, 529, 536, 536, 529, 282, 529, 917, 282, 282, 917, 77, 77, 917, 156, 917, 96, 156, 156, 96, 444, 96, 267, 444, 267, 605, 444, 444, 605, 156, 605, 591, 156, 591, 256, 156, 156, 256, 77, 256, 464, 77, 77, 464, 950, 464, 732, 950, 950, 732, 93, 93, 732, 528, 732, 567, 528, 528, 567, 849, 529, 96, 917, 93, 77, 950, 567, 732, 822, 732, 464, 822, 822, 464, 678, 464, 256, 678, 678, 256, 654, 256, 591, 654, 654, 591, 41, 41, 591, 460, 591, 605, 460, 460, 605, 811, 605, 267, 811, 811, 267, 995, 995, 267, 415, 267, 96, 415, 415, 96, 689, 96, 685, 689, 689, 685, 326, 685, 529, 326, 326, 529, 748, 529, 89, 748, 748, 89, 139, 139, 89, 537, 89, 849, 537, 537, 849, 309, 849, 567, 309, 309, 567, 743, 743, 567, 109, 567, 369, 109, 109, 369, 882, 882, 369, 645, 369, 822, 645, 645, 822, 459, 822, 678, 459, 459, 678, 61, 678, 654, 61, 529, 685, 96, 822, 369, 567, 61, 299, 459, 459, 299, 645, 299, 448, 645, 448, 954, 645, 645, 954, 882, 954, 945, 882, 945, 687, 882, 882, 687, 109, 109, 687, 743, 687, 483, 743, 743, 483, 309, 483, 382, 309, 309, 382, 537, 382, 514, 537, 537, 514, 139, 61, 206, 299, 299, 206, 448, 514, 382, 322, 322, 382, 816, 382, 483, 816, 816, 483, 676, 483, 687, 676, 676, 687, 167, 167, 687, 220, 687, 945, 220, 220, 945, 606, 945, 773, 606, 606, 773, 346, 773, 287, 346, 346, 287, 31, 287, 891, 31, 31, 891, 52, 52, 891, 626, 891, 206, 626, 626, 206, 627, 206, 61, 627, 945, 954, 773, 773, 954, 287, 954, 448, 287, 287, 448, 891, 448, 206, 891, 626, 627, 545, 545, 627, 388, 627, 456, 388, 388, 456, 829, 456, 30, 829, 829, 30, 498, 30, 41, 498, 498, 41, 460, 627, 61, 456, 456, 61, 30, 61, 654, 30, 30, 654, 41, 388, 829, 505, 505, 829, 901, 829, 498, 901, 505, 901, 771, 771, 901, 242, 242, 901, 865, 901, 781, 865, 865, 781, 563, 563, 781, 556, 781, 9, 556, 556, 9, 673, 673, 9, 460, 9, 761, 460, 460, 761, 498, 498, 761, 901, 901, 761, 781, 761, 9, 781, 556, 673, 999, 999, 673, 327, 673, 944, 327, 327, 944, 507, 944, 673, 507, 507, 673, 811, 673, 460, 811, 327, 507, 646, 507, 995, 646, 646, 995, 381, 381, 995, 485, 995, 583, 485, 485, 583, 104, 583, 415, 104, 415, 689, 104, 104, 689, 973, 973, 689, 617, 689, 326, 617, 617, 326, 789, 326, 748, 789, 748, 139, 789, 789, 139, 132, 139, 514, 132, 132, 514, 830, 514, 322, 830, 830, 322, 983, 983, 322, 642, 322, 816, 642, 642, 816, 292, 816, 676, 292, 292, 676, 569, 676, 167, 569, 995, 507, 811, 415, 583, 995, 485, 104, 558, 104, 973, 558, 558, 973, 353, 148, 292, 569, 983, 285, 830, 285, 658, 830, 658, 243, 830, 830, 243, 132, 243, 289, 132, 132, 289, 789, 289, 937, 789, 789, 937, 617, 937, 125, 617, 617, 125, 973, 973, 125, 353, 353, 125, 602, 125, 951, 602, 602, 951, 398, 285, 522, 658, 125, 937, 951, 951, 937, 997, 937, 289, 997, 289, 243, 997, 997, 243, 260, 243, 658, 260, 260, 658, 927, 658, 522, 927, 927, 522, 389, 522, 726, 389, 726, 653, 389, 653, 457, 389, 389, 457, 927, 927, 457, 260, 457, 144, 260, 260, 144, 997, 997, 144, 951, 951, 144, 398, 398, 144, 952, 144, 457, 952, 952, 457, 145, 145, 457, 117, 457, 653, 117, 117, 653, 400, 534, 647, 348, 348, 647, 876, 647, 113, 876, 876, 113, 174, 113, 572, 174, 174, 572, 910, 572, 663, 910, 534, 348, 262, 348, 11, 262, 262, 11, 871, 11, 869, 871, 871, 869, 386, 869, 474, 386, 474, 406, 386, 386, 406, 690, 406, 65, 690, 690, 65, 102, 869, 11, 320, 320, 11, 348, 869, 320, 474, 474, 320, 304, 304, 320, 770, 770, 320, 807, 807, 320, 405, 320, 348, 405, 405, 348, 530, 348, 876, 530, 530, 876, 809, 876, 174, 809, 809, 174, 180, 174, 910, 180, 180, 910, 257, 910, 663, 257, 257, 663, 619, 663, 219, 619, 219, 749, 619, 619, 749, 651, 651, 749, 724, 749, 834, 724, 724, 834, 883, 834, 523, 883, 883, 523, 885, 523, 79, 885, 885, 79, 585, 79, 370, 585, 370, 37, 585, 37, 378, 585, 585, 378, 656, 378, 297, 656, 474, 304, 406, 304, 65, 406, 656, 587, 585, 585, 587, 885, 587, 62, 885, 885, 62, 883, 62, 546, 883, 883, 546, 724, 724, 546, 651, 546, 199, 651, 651, 199, 619, 199, 274, 619, 619, 274, 899, 899, 274, 935, 935, 274, 328, 274, 199, 328, 328, 199, 546, 619, 899, 257, 257, 899, 180, 899, 841, 180, 180, 841, 458, 458, 841, 2, 841, 899, 2, 2, 899, 615, 899, 935, 615, 615, 935, 258, 935, 328, 258, 180, 458, 809, 458, 403, 809, 809, 403, 530, 530, 403, 405, 405, 403, 807, 403, 518, 807, 807, 518, 770, 518, 666, 770, 770, 666, 304, 304, 666, 404, 404, 666, 669, 666, 518, 669, 458, 2, 126, 126, 2, 99, 2, 615, 99, 99, 615, 189, 615, 258, 189, 403, 458, 126, 304, 404, 334, 334, 404, 276, 404, 669, 276, 304, 334, 65, 65, 334, 102, 102, 334, 20, 20, 334, 307, 334, 151, 307, 307, 151, 527, 151, 570, 527, 527, 570, 736, 570, 948, 736, 736, 948, 879, 879, 948, 176, 948, 570, 176, 334, 276, 151, 151, 276, 570, 276, 669, 570, 879, 225, 736, 736, 225, 178, 225, 892, 178, 178, 892, 496, 496, 892, 777, 892, 700, 777, 700, 146, 777, 777, 146, 111, 146, 85, 111, 111, 85, 699, 699, 85, 344, 85, 840, 344, 344, 840, 659, 659, 840, 277, 840, 339, 277, 277, 339, 28, 892, 225, 879, 339, 840, 843, 840, 85, 843, 85, 118, 843, 118, 86, 843, 843, 86, 339, 86, 760, 339, 339, 760, 28, 28, 760, 875, 875, 760, 949, 760, 463, 949, 949, 463, 36, 463, 128, 36, 36, 128, 445, 128, 215, 445, 215, 960, 445, 445, 960, 667, 960, 494, 667, 667, 494, 423, 760, 86, 463, 463, 86, 128, 86, 215, 128, 36, 445, 667, 494, 960, 329, 329, 960, 215, 329, 661, 494, 494, 661, 423, 661, 549, 423, 423, 549, 519, 549, 239, 519, 519, 239, 977, 239, 399, 977, 399, 553, 977, 977, 553, 332, 553, 427, 332, 332, 427, 851, 519, 977, 332, 549, 661, 540, 661, 329, 540, 549, 540, 239, 540, 399, 239, 427, 553, 136, 553, 399, 136, 136, 194, 427, 427, 194, 851, 194, 911, 851, 851, 911, 164, 911, 896, 164, 164, 896, 526, 896, 911, 251, 911, 194, 251, 194, 136, 251, 251, 136, 175, 175, 136, 839, 839, 136, 784, 136, 399, 784, 784, 399, 12, 12, 399, 414, 399, 540, 414, 414, 540, 768, 768, 540, 701, 540, 329, 701, 701, 329, 959, 959, 329, 337, 329, 215, 337, 337, 215, 848, 215, 54, 848, 848, 54, 106, 54, 118, 106, 118, 85, 106, 85, 146, 106, 146, 700, 106, 106, 700, 495, 700, 892, 495, 495, 892, 412, 892, 879, 412, 215, 86, 54, 86, 118, 54, 412, 91, 495, 495, 91, 106, 106, 91, 848, 848, 91, 337, 337, 91, 959, 91, 688, 959, 959, 688, 701, 701, 688, 768, 688, 438, 768, 768, 438, 414, 414, 438, 12, 438, 94, 12, 12, 94, 784, 784, 94, 839, 94, 110, 839, 839, 110, 175, 110, 222, 175, 175, 222, 251, 222, 312, 251, 312, 313, 251, 251, 313, 896, 896, 313, 526, 313, 987, 526, 526, 987, 621, 110, 189, 222, 222, 189, 312, 189, 258, 312, 312, 258, 486, 258, 328, 486, 486, 328, 996, 996, 328, 413, 328, 546, 413, 413, 546, 390, 546, 62, 390, 390, 62, 161, 62, 587, 161, 161, 587, 644, 587, 656, 644, 644, 656, 349, 656, 297, 349, 349, 297, 240, 297, 754, 240, 754, 598, 240, 598, 506, 240, 506, 717, 240, 240, 717, 78, 717, 371, 78, 312, 486, 313, 313, 486, 987, 486, 996, 987, 78, 80, 240, 240, 80, 349, 349, 80, 644, 80, 95, 644, 644, 95, 130, 95, 992, 130, 992, 925, 130, 925, 928, 130, 130, 928, 161, 161, 928, 390, 390, 928, 413, 413, 928, 996, 996, 928, 987, 987, 928, 621, 928, 925, 621, 992, 95, 80, 130, 161, 644, 695, 142, 823, 142, 864, 823, 823, 864, 609, 609, 864, 270, 864, 755, 270, 270, 755, 76, 76, 755, 692, 755, 864, 692, 692, 864, 142, 270, 76, 810, 76, 314, 810, 810, 314, 751, 314, 913, 751, 751, 913, 866, 913, 336, 866, 336, 643, 866, 866, 643, 88, 643, 430, 88, 430, 966, 88, 88, 966, 538, 966, 305, 538, 305, 39, 538, 39, 866, 538, 538, 866, 88, 305, 966, 986, 966, 4, 986, 4, 108, 986, 986, 108, 868, 108, 279, 868, 868, 279, 170, 279, 227, 170, 227, 902, 170, 170, 902, 63, 902, 728, 63, 63, 728, 510, 510, 728, 823, 728, 695, 823, 986, 868, 305, 868, 170, 305, 170, 63, 305, 305, 63, 858, 63, 510, 858, 858, 510, 914, 510, 609, 914, 609, 270, 914, 270, 810, 914, 810, 751, 914, 751, 866, 914, 866, 39, 914, 914, 39, 858, 39, 305, 858, 510, 823, 609, 91, 412, 756, 412, 879, 756, 756, 879, 908, 879, 176, 908, 908, 176, 224, 176, 122, 224, 224, 122, 438, 122, 355, 438, 438, 355, 94, 91, 756, 688, 756, 908, 688, 908, 224, 688, 688, 224, 438, 355, 122, 259, 259, 122, 176, 259, 425, 355, 355, 425, 94, 425, 835, 94, 94, 835, 110, 835, 248, 110, 110, 248, 99, 99, 248, 126, 248, 524, 126, 126, 524, 200, 524, 518, 200, 518, 403, 200, 200, 403, 126, 248, 835, 524, 835, 425, 524, 425, 259, 524, 524, 259, 3, 259, 669, 3, 669, 518, 3, 3, 518, 524, 110, 99, 189, 259, 786, 669, 669, 786, 570, 570, 786, 176, 786, 259, 176, 895, 236, 956, 236, 24, 956, 956, 24, 340, 24, 387, 340, 340, 387, 788, 387, 561, 788, 236, 387, 24, 895, 956, 877, 877, 956, 930, 930, 956, 234, 234, 956, 758, 956, 340, 758]
                int[] primvars:st:indices = [624, 873, 824, 873, 853, 824, 824, 853, 971, 971, 853, 265, 265, 853, 442, 853, 873, 442, 442, 873, 852, 873, 624, 852, 971, 380, 824, 380, 621, 824, 824, 621, 925, 621, 380, 526, 526, 380, 164, 380, 971, 164, 164, 971, 639, 971, 265, 639, 639, 265, 272, 265, 341, 272, 272, 341, 898, 341, 893, 898, 898, 893, 343, 343, 893, 982, 893, 477, 982, 982, 477, 863, 477, 442, 863, 863, 442, 192, 442, 852, 192, 192, 852, 625, 852, 820, 625, 820, 933, 625, 625, 933, 275, 265, 442, 341, 442, 477, 341, 341, 477, 893, 625, 863, 192, 164, 639, 680, 639, 272, 680, 933, 820, 504, 504, 820, 394, 820, 852, 394, 394, 852, 682, 852, 624, 682, 682, 624, 955, 624, 824, 955, 955, 502, 682, 682, 502, 394, 502, 163, 394, 394, 163, 504, 163, 542, 504, 542, 202, 504, 202, 27, 504, 27, 887, 504, 504, 887, 933, 933, 887, 275, 887, 679, 275, 679, 894, 275, 275, 894, 625, 894, 264, 625, 625, 264, 863, 264, 210, 863, 863, 210, 982, 210, 767, 982, 982, 767, 632, 767, 588, 632, 632, 588, 343, 588, 670, 343, 343, 670, 898, 670, 13, 898, 898, 13, 226, 13, 453, 226, 226, 453, 272, 453, 571, 272, 272, 571, 680, 571, 851, 680, 680, 851, 164, 264, 894, 210, 894, 338, 210, 210, 338, 767, 343, 982, 632, 272, 898, 226, 851, 571, 710, 571, 453, 710, 710, 453, 759, 453, 221, 759, 221, 72, 759, 72, 332, 759, 759, 332, 710, 332, 851, 710, 221, 453, 418, 453, 13, 418, 418, 13, 359, 13, 670, 359, 670, 588, 359, 359, 588, 365, 588, 767, 365, 365, 767, 358, 767, 731, 358, 358, 731, 435, 435, 731, 249, 731, 338, 249, 249, 338, 894, 767, 338, 731, 359, 365, 121, 365, 358, 121, 358, 435, 34, 435, 97, 34, 97, 134, 34, 134, 539, 34, 34, 539, 358, 539, 409, 358, 358, 409, 121, 409, 468, 121, 121, 468, 359, 97, 435, 249, 468, 409, 516, 409, 539, 516, 516, 539, 246, 539, 990, 246, 990, 286, 246, 286, 308, 246, 246, 308, 516, 308, 468, 516, 990, 539, 638, 539, 134, 638, 638, 134, 500, 134, 97, 500, 500, 395, 638, 638, 395, 990, 395, 686, 990, 990, 686, 15, 15, 686, 915, 915, 686, 897, 686, 395, 897, 897, 395, 500, 15, 263, 990, 990, 263, 286, 263, 123, 286, 286, 123, 308, 123, 263, 293, 263, 15, 293, 293, 15, 127, 15, 581, 127, 581, 747, 127, 127, 747, 293, 747, 903, 293, 293, 903, 123, 581, 15, 392, 15, 915, 392, 392, 915, 783, 915, 897, 783, 783, 158, 392, 392, 158, 581, 158, 290, 581, 581, 290, 735, 735, 290, 616, 616, 290, 541, 290, 158, 541, 541, 158, 783, 735, 38, 581, 581, 38, 747, 38, 967, 747, 967, 975, 747, 747, 975, 903, 975, 298, 903, 903, 298, 123, 298, 294, 123, 294, 6, 123, 123, 6, 308, 6, 776, 308, 776, 821, 308, 308, 821, 468, 821, 697, 468, 468, 697, 73, 697, 221, 73, 221, 418, 73, 418, 359, 73, 73, 359, 468, 735, 59, 38, 38, 59, 967, 221, 697, 714, 697, 821, 714, 821, 776, 714, 714, 776, 648, 776, 6, 648, 6, 294, 648, 648, 294, 383, 294, 298, 383, 383, 298, 296, 298, 975, 296, 296, 975, 800, 800, 975, 559, 975, 813, 559, 559, 813, 393, 393, 813, 722, 813, 967, 722, 722, 967, 59, 296, 800, 383, 383, 800, 782, 782, 800, 674, 674, 800, 419, 419, 800, 870, 800, 559, 870, 870, 559, 393, 975, 967, 813, 782, 727, 383, 727, 115, 383, 383, 115, 648, 115, 288, 648, 288, 114, 648, 648, 114, 714, 114, 22, 714, 714, 22, 218, 22, 519, 218, 218, 519, 72, 519, 332, 72, 714, 218, 221, 218, 72, 221, 519, 22, 423, 22, 114, 423, 114, 288, 423, 423, 288, 667, 288, 115, 667, 115, 727, 667, 667, 727, 36, 727, 782, 36, 782, 674, 36, 36, 674, 949, 949, 674, 636, 674, 419, 636, 419, 870, 636, 636, 870, 580, 870, 393, 580, 580, 393, 603, 393, 722, 603, 603, 722, 21, 722, 59, 21, 21, 59, 793, 59, 735, 793, 793, 735, 207, 735, 985, 207, 207, 985, 565, 985, 904, 565, 904, 802, 565, 565, 802, 611, 802, 778, 611, 778, 237, 611, 611, 237, 207, 237, 116, 207, 207, 116, 21, 116, 797, 21, 797, 266, 21, 21, 266, 603, 603, 266, 580, 266, 702, 580, 580, 702, 636, 21, 793, 207, 735, 616, 985, 985, 616, 904, 616, 541, 904, 207, 565, 611, 116, 237, 797, 237, 762, 797, 797, 762, 211, 762, 641, 211, 641, 560, 211, 211, 560, 702, 560, 740, 702, 702, 740, 636, 740, 875, 636, 636, 875, 949, 702, 266, 211, 211, 266, 797, 875, 740, 28, 740, 560, 28, 28, 560, 548, 560, 641, 548, 548, 641, 531, 531, 641, 311, 311, 641, 214, 641, 762, 214, 762, 237, 214, 214, 237, 443, 237, 778, 443, 443, 778, 153, 778, 802, 153, 153, 854, 443, 443, 854, 214, 854, 936, 214, 936, 228, 214, 214, 228, 311, 311, 228, 531, 228, 138, 531, 531, 138, 550, 138, 321, 550, 321, 753, 550, 550, 753, 659, 659, 753, 344, 753, 836, 344, 836, 965, 344, 344, 965, 699, 965, 17, 699, 699, 17, 111, 111, 17, 777, 17, 58, 777, 58, 154, 777, 777, 154, 496, 496, 154, 178, 154, 657, 178, 657, 447, 178, 178, 447, 596, 596, 447, 792, 447, 931, 792, 531, 550, 548, 550, 492, 548, 548, 492, 28, 28, 492, 277, 277, 492, 659, 492, 550, 659, 792, 736, 596, 736, 178, 596, 931, 307, 792, 307, 527, 792, 792, 527, 736, 931, 631, 307, 631, 295, 307, 307, 295, 20, 20, 295, 102, 295, 578, 102, 102, 578, 690, 578, 47, 690, 47, 278, 690, 690, 278, 119, 278, 421, 119, 119, 421, 552, 552, 421, 946, 946, 421, 694, 694, 421, 107, 107, 421, 0, 421, 278, 0, 552, 386, 119, 386, 690, 119, 386, 552, 871, 552, 946, 871, 946, 55, 871, 55, 696, 871, 871, 696, 262, 696, 597, 262, 262, 597, 534, 534, 597, 647, 597, 785, 647, 647, 785, 113, 785, 1, 113, 113, 1, 572, 1, 379, 572, 572, 379, 663, 663, 379, 219, 379, 746, 219, 219, 746, 749, 746, 984, 749, 984, 796, 749, 749, 796, 834, 796, 672, 834, 834, 672, 523, 672, 195, 523, 523, 195, 79, 195, 16, 79, 79, 16, 370, 370, 16, 37, 16, 721, 37, 721, 918, 37, 37, 918, 64, 64, 918, 182, 918, 183, 182, 182, 183, 998, 183, 408, 998, 998, 408, 57, 408, 803, 57, 57, 803, 595, 803, 465, 595, 595, 465, 100, 465, 601, 100, 601, 480, 100, 100, 480, 906, 480, 44, 906, 906, 44, 420, 44, 535, 420, 535, 909, 420, 909, 391, 420, 391, 972, 420, 420, 972, 906, 972, 573, 906, 906, 573, 100, 573, 284, 100, 284, 652, 100, 100, 652, 595, 652, 847, 595, 595, 847, 57, 847, 141, 57, 57, 141, 998, 141, 720, 998, 998, 720, 182, 182, 720, 64, 720, 416, 64, 64, 416, 37, 37, 416, 378, 416, 754, 378, 378, 754, 297, 416, 720, 754, 754, 720, 598, 598, 720, 446, 720, 141, 446, 446, 141, 649, 141, 847, 649, 649, 847, 706, 847, 652, 706, 652, 284, 706, 706, 284, 230, 284, 573, 230, 230, 573, 566, 573, 972, 566, 566, 972, 193, 972, 391, 193, 391, 562, 193, 562, 763, 193, 193, 763, 707, 763, 169, 707, 169, 698, 707, 707, 698, 566, 566, 698, 230, 698, 131, 230, 230, 131, 706, 131, 808, 706, 808, 410, 706, 706, 410, 649, 410, 738, 649, 649, 738, 446, 446, 738, 598, 598, 738, 506, 506, 738, 717, 738, 410, 717, 717, 410, 371, 410, 808, 371, 808, 131, 371, 371, 131, 612, 131, 698, 612, 612, 698, 520, 520, 698, 650, 650, 698, 814, 698, 169, 814, 814, 169, 53, 169, 837, 53, 837, 991, 53, 991, 345, 53, 53, 345, 544, 544, 345, 360, 345, 711, 360, 711, 880, 360, 360, 880, 489, 489, 880, 499, 880, 433, 499, 499, 433, 846, 433, 48, 846, 48, 484, 846, 846, 484, 362, 362, 484, 709, 484, 593, 709, 593, 8, 709, 709, 8, 532, 532, 8, 171, 8, 833, 171, 171, 833, 838, 833, 315, 838, 315, 223, 838, 838, 223, 592, 592, 223, 993, 223, 860, 993, 993, 860, 231, 860, 434, 231, 434, 428, 231, 231, 428, 961, 961, 428, 867, 428, 250, 867, 867, 250, 802, 250, 801, 802, 802, 801, 153, 566, 193, 707, 169, 763, 837, 802, 904, 867, 867, 904, 961, 904, 817, 961, 961, 817, 231, 817, 774, 231, 231, 774, 143, 143, 774, 671, 774, 541, 671, 671, 541, 783, 904, 541, 817, 817, 541, 774, 231, 143, 993, 993, 143, 592, 143, 957, 592, 592, 957, 838, 838, 957, 212, 212, 957, 432, 957, 143, 432, 432, 143, 268, 143, 671, 268, 671, 783, 268, 268, 783, 201, 783, 897, 201, 201, 897, 765, 897, 184, 765, 765, 184, 681, 681, 184, 988, 184, 500, 988, 988, 500, 356, 500, 97, 356, 268, 201, 432, 201, 765, 432, 432, 765, 681, 897, 500, 184, 356, 185, 988, 185, 681, 988, 185, 356, 575, 356, 97, 575, 575, 97, 842, 97, 249, 842, 842, 249, 610, 249, 979, 610, 610, 979, 203, 203, 979, 679, 679, 979, 894, 979, 249, 894, 842, 18, 575, 575, 18, 185, 18, 204, 185, 204, 155, 185, 155, 232, 185, 185, 232, 681, 232, 50, 681, 50, 744, 681, 681, 744, 432, 432, 744, 212, 744, 431, 212, 212, 431, 838, 838, 431, 171, 171, 431, 532, 431, 233, 532, 532, 233, 709, 842, 610, 18, 610, 203, 18, 203, 422, 18, 422, 804, 18, 18, 804, 204, 744, 50, 431, 431, 50, 247, 50, 232, 247, 232, 155, 247, 247, 155, 190, 155, 204, 190, 204, 804, 190, 190, 804, 49, 804, 422, 49, 49, 422, 363, 422, 203, 363, 363, 203, 181, 203, 887, 181, 887, 396, 181, 181, 396, 363, 396, 958, 363, 363, 958, 49, 958, 254, 49, 254, 411, 49, 49, 411, 147, 411, 976, 147, 147, 976, 190, 976, 471, 190, 190, 471, 247, 471, 599, 247, 247, 599, 233, 233, 599, 709, 599, 622, 709, 709, 622, 362, 247, 233, 431, 887, 203, 679, 49, 147, 190, 599, 471, 622, 471, 976, 622, 622, 976, 718, 718, 976, 129, 976, 411, 129, 129, 411, 361, 411, 254, 361, 361, 254, 924, 254, 517, 924, 924, 517, 229, 229, 517, 827, 517, 396, 827, 827, 396, 27, 396, 887, 27, 396, 517, 958, 517, 254, 958, 362, 622, 846, 622, 718, 846, 27, 202, 827, 202, 886, 827, 827, 886, 229, 886, 981, 229, 981, 725, 229, 229, 725, 924, 924, 725, 361, 725, 133, 361, 361, 133, 129, 129, 133, 718, 133, 712, 718, 718, 712, 846, 846, 712, 499, 499, 712, 489, 489, 712, 859, 712, 133, 859, 859, 133, 186, 133, 725, 186, 186, 725, 963, 725, 981, 963, 963, 981, 850, 981, 42, 850, 850, 42, 331, 331, 42, 244, 42, 163, 244, 163, 502, 244, 244, 502, 978, 978, 502, 82, 502, 955, 82, 82, 955, 752, 955, 824, 752, 752, 824, 992, 824, 925, 992, 202, 542, 886, 542, 42, 886, 886, 42, 981, 163, 42, 542, 992, 825, 752, 752, 825, 82, 82, 825, 245, 245, 825, 68, 825, 255, 68, 68, 255, 764, 255, 80, 764, 80, 78, 764, 78, 371, 764, 764, 371, 68, 371, 612, 68, 68, 612, 245, 612, 520, 245, 520, 101, 245, 245, 101, 82, 82, 101, 978, 978, 101, 244, 244, 101, 331, 101, 637, 331, 331, 637, 850, 825, 992, 255, 255, 992, 80, 520, 650, 101, 101, 650, 637, 650, 197, 637, 637, 197, 683, 683, 197, 953, 197, 53, 953, 53, 544, 953, 953, 544, 33, 544, 360, 33, 360, 489, 33, 489, 859, 33, 859, 186, 33, 186, 963, 33, 33, 963, 683, 963, 850, 683, 683, 850, 637, 650, 814, 197, 197, 814, 53, 33, 683, 953, 83, 916, 554, 916, 543, 554, 554, 543, 818, 818, 543, 812, 543, 916, 812, 818, 857, 554, 857, 490, 554, 554, 490, 83, 490, 493, 83, 83, 493, 916, 493, 325, 916, 325, 511, 916, 916, 511, 812, 511, 452, 812, 452, 723, 812, 812, 723, 818, 723, 241, 818, 818, 241, 857, 241, 440, 857, 857, 440, 490, 440, 974, 490, 974, 640, 490, 490, 640, 482, 640, 620, 482, 620, 634, 482, 482, 634, 493, 634, 377, 493, 493, 377, 402, 377, 478, 402, 478, 40, 402, 402, 40, 325, 40, 589, 325, 325, 589, 511, 589, 962, 511, 962, 940, 511, 511, 940, 452, 940, 655, 452, 655, 32, 452, 452, 32, 723, 32, 947, 723, 723, 947, 884, 947, 205, 884, 205, 23, 884, 23, 241, 884, 884, 241, 723, 490, 482, 493, 493, 402, 325, 962, 589, 40, 205, 947, 103, 947, 32, 103, 103, 32, 574, 32, 655, 574, 574, 655, 306, 306, 655, 7, 655, 940, 7, 7, 940, 269, 940, 962, 269, 269, 962, 582, 962, 40, 582, 582, 40, 564, 40, 476, 564, 564, 476, 745, 745, 476, 60, 60, 476, 478, 476, 40, 478, 745, 604, 564, 564, 604, 582, 604, 787, 582, 582, 787, 269, 787, 196, 269, 269, 196, 7, 196, 623, 7, 7, 623, 306, 623, 481, 306, 481, 794, 306, 306, 794, 574, 794, 741, 574, 574, 741, 103, 741, 46, 103, 103, 46, 205, 46, 741, 75, 75, 741, 708, 741, 794, 708, 708, 794, 726, 794, 481, 726, 726, 481, 653, 653, 481, 400, 481, 623, 400, 400, 623, 705, 623, 196, 705, 705, 196, 469, 196, 787, 469, 469, 787, 923, 787, 604, 923, 923, 604, 989, 604, 745, 989, 745, 74, 989, 74, 273, 989, 989, 273, 855, 273, 51, 855, 51, 159, 855, 855, 159, 923, 923, 159, 469, 159, 888, 469, 469, 888, 705, 923, 989, 855, 51, 273, 750, 750, 273, 905, 273, 74, 905, 905, 74, 730, 74, 745, 730, 730, 745, 140, 745, 60, 140, 140, 60, 521, 60, 478, 521, 905, 730, 112, 112, 730, 271, 730, 140, 271, 271, 140, 862, 140, 521, 862, 862, 521, 826, 826, 521, 335, 521, 478, 335, 335, 478, 26, 478, 377, 26, 377, 634, 26, 634, 729, 26, 729, 166, 26, 26, 166, 335, 166, 354, 335, 335, 354, 826, 354, 586, 826, 826, 586, 862, 586, 941, 862, 862, 941, 271, 586, 354, 191, 191, 354, 234, 234, 354, 930, 930, 354, 877, 354, 166, 877, 877, 166, 513, 166, 729, 513, 729, 634, 513, 634, 620, 513, 513, 620, 766, 620, 640, 766, 766, 640, 45, 640, 974, 45, 45, 974, 238, 974, 440, 238, 238, 440, 576, 440, 241, 576, 576, 241, 187, 241, 23, 187, 187, 23, 920, 920, 23, 323, 23, 205, 323, 323, 205, 385, 385, 205, 450, 205, 46, 450, 46, 75, 450, 450, 75, 281, 281, 75, 874, 75, 357, 874, 874, 357, 217, 357, 522, 217, 522, 285, 217, 217, 285, 66, 285, 983, 66, 983, 642, 66, 642, 805, 66, 66, 805, 874, 805, 547, 874, 547, 703, 874, 874, 703, 281, 281, 703, 450, 703, 69, 450, 69, 508, 450, 450, 508, 385, 508, 861, 385, 385, 861, 323, 323, 861, 920, 861, 208, 920, 208, 568, 920, 568, 475, 920, 920, 475, 576, 475, 691, 576, 576, 691, 238, 576, 187, 920, 75, 708, 357, 357, 708, 522, 708, 726, 522, 874, 217, 66, 691, 475, 253, 253, 475, 568, 253, 769, 691, 691, 769, 238, 238, 769, 45, 45, 769, 766, 766, 769, 252, 769, 515, 252, 252, 515, 734, 734, 515, 479, 515, 791, 479, 479, 791, 351, 351, 791, 253, 253, 791, 769, 791, 515, 769, 734, 124, 252, 252, 124, 766, 124, 660, 766, 766, 660, 513, 660, 895, 513, 513, 895, 877, 895, 660, 236, 660, 124, 236, 124, 734, 236, 236, 734, 364, 734, 29, 364, 29, 387, 364, 364, 387, 236, 29, 734, 775, 734, 479, 775, 479, 919, 775, 775, 919, 29, 919, 845, 29, 845, 677, 29, 29, 677, 664, 677, 209, 664, 209, 561, 664, 561, 387, 664, 664, 387, 29, 209, 677, 932, 932, 677, 845, 209, 932, 19, 19, 932, 330, 932, 872, 330, 330, 872, 333, 333, 872, 366, 366, 872, 172, 872, 932, 172, 172, 932, 806, 932, 845, 806, 845, 919, 806, 806, 919, 912, 919, 157, 912, 157, 152, 912, 152, 172, 912, 912, 172, 806, 157, 919, 14, 919, 479, 14, 14, 479, 579, 479, 351, 579, 579, 351, 67, 351, 253, 67, 67, 253, 35, 253, 568, 35, 568, 208, 35, 35, 208, 614, 208, 861, 614, 614, 861, 473, 473, 861, 454, 861, 508, 454, 508, 69, 454, 454, 69, 461, 69, 703, 461, 461, 703, 373, 373, 703, 310, 703, 547, 310, 547, 805, 310, 310, 805, 889, 805, 292, 889, 292, 148, 889, 889, 148, 310, 148, 733, 310, 733, 969, 310, 310, 969, 373, 969, 497, 373, 373, 497, 461, 461, 497, 454, 497, 921, 454, 921, 301, 454, 454, 301, 473, 301, 607, 473, 473, 607, 614, 614, 607, 35, 607, 890, 35, 35, 890, 881, 890, 501, 881, 501, 579, 881, 579, 67, 881, 881, 67, 35, 579, 157, 14, 292, 805, 642, 501, 890, 291, 890, 607, 291, 291, 607, 436, 607, 472, 436, 472, 704, 436, 704, 590, 436, 436, 590, 291, 590, 501, 291, 607, 301, 472, 301, 921, 472, 472, 921, 283, 921, 497, 283, 283, 497, 70, 70, 497, 280, 497, 969, 280, 969, 733, 280, 280, 733, 628, 733, 148, 628, 148, 613, 628, 613, 964, 628, 628, 964, 280, 964, 512, 280, 512, 470, 280, 280, 470, 70, 470, 87, 70, 70, 87, 283, 283, 87, 472, 87, 618, 472, 472, 618, 704, 618, 757, 704, 704, 757, 590, 757, 618, 831, 618, 87, 831, 831, 87, 693, 693, 87, 662, 87, 470, 662, 470, 512, 662, 662, 512, 135, 512, 964, 135, 964, 401, 135, 401, 942, 135, 135, 942, 662, 942, 819, 662, 819, 713, 662, 662, 713, 693, 713, 900, 693, 693, 900, 831, 831, 900, 757, 900, 934, 757, 934, 188, 757, 757, 188, 160, 188, 227, 160, 227, 279, 160, 160, 279, 590, 279, 43, 590, 590, 43, 501, 43, 108, 501, 501, 108, 350, 108, 157, 350, 157, 579, 350, 350, 579, 501, 757, 160, 590, 108, 43, 279, 108, 4, 157, 157, 4, 152, 4, 966, 152, 152, 966, 172, 966, 430, 172, 172, 430, 366, 430, 643, 366, 366, 643, 333, 333, 643, 907, 907, 643, 715, 643, 336, 715, 715, 336, 716, 336, 913, 716, 913, 314, 716, 716, 314, 302, 302, 314, 216, 314, 629, 216, 216, 629, 939, 629, 665, 939, 939, 665, 675, 675, 665, 551, 551, 665, 76, 665, 629, 76, 76, 629, 314, 939, 675, 300, 300, 675, 466, 675, 235, 466, 466, 235, 317, 235, 675, 10, 10, 675, 173, 675, 551, 173, 173, 551, 692, 551, 76, 692, 235, 10, 316, 316, 10, 503, 503, 10, 533, 10, 173, 533, 533, 173, 600, 173, 692, 600, 235, 316, 317, 316, 162, 317, 317, 162, 635, 635, 162, 25, 162, 633, 25, 633, 397, 25, 25, 397, 375, 397, 668, 375, 375, 668, 71, 71, 668, 149, 668, 467, 149, 149, 467, 120, 467, 5, 120, 5, 177, 120, 177, 429, 120, 429, 342, 120, 120, 342, 149, 5, 467, 737, 467, 668, 737, 737, 668, 455, 455, 668, 367, 668, 397, 367, 397, 633, 367, 367, 633, 90, 633, 437, 90, 90, 437, 374, 437, 503, 374, 374, 503, 488, 503, 533, 488, 488, 533, 584, 533, 600, 584, 584, 600, 922, 600, 692, 922, 692, 142, 922, 142, 695, 922, 922, 695, 584, 695, 856, 584, 856, 368, 584, 368, 318, 584, 584, 318, 488, 318, 426, 488, 488, 426, 374, 426, 324, 374, 374, 324, 90, 90, 324, 367, 324, 105, 367, 105, 407, 367, 367, 407, 455, 455, 407, 737, 407, 525, 737, 525, 384, 737, 737, 384, 5, 384, 594, 5, 5, 594, 177, 594, 449, 177, 177, 449, 429, 429, 449, 56, 56, 449, 742, 449, 98, 742, 98, 798, 742, 742, 798, 424, 424, 798, 555, 555, 798, 81, 81, 798, 319, 798, 98, 319, 319, 98, 594, 98, 449, 594, 633, 162, 437, 162, 316, 437, 437, 316, 503, 594, 384, 319, 319, 384, 968, 384, 525, 968, 968, 684, 319, 319, 684, 81, 684, 929, 81, 81, 929, 555, 555, 929, 451, 451, 929, 213, 929, 165, 213, 165, 352, 213, 213, 352, 462, 462, 352, 179, 352, 970, 179, 179, 970, 346, 970, 347, 346, 346, 347, 606, 347, 487, 606, 606, 487, 719, 487, 198, 719, 198, 780, 719, 780, 372, 719, 719, 372, 606, 606, 372, 220, 220, 372, 167, 167, 372, 569, 569, 372, 148, 148, 372, 613, 372, 780, 613, 613, 780, 964, 780, 198, 964, 964, 198, 401, 198, 261, 401, 401, 261, 942, 31, 179, 346, 347, 970, 84, 970, 352, 84, 347, 84, 487, 487, 84, 198, 84, 799, 198, 198, 799, 261, 799, 630, 261, 261, 630, 942, 630, 799, 608, 799, 84, 608, 608, 84, 943, 84, 352, 943, 943, 352, 137, 352, 165, 137, 165, 929, 137, 137, 929, 832, 929, 684, 832, 832, 684, 557, 684, 968, 557, 557, 968, 439, 968, 525, 439, 525, 407, 439, 439, 407, 577, 577, 407, 815, 407, 105, 815, 105, 324, 815, 815, 324, 980, 324, 426, 980, 980, 426, 303, 426, 318, 303, 318, 368, 303, 303, 368, 779, 368, 856, 779, 779, 856, 828, 856, 695, 828, 828, 695, 509, 695, 728, 509, 728, 902, 509, 509, 902, 441, 902, 227, 441, 227, 188, 441, 188, 934, 441, 441, 934, 168, 934, 900, 168, 900, 772, 168, 168, 772, 779, 772, 417, 779, 779, 417, 303, 509, 441, 828, 828, 441, 779, 441, 168, 779, 417, 772, 844, 772, 900, 844, 900, 713, 844, 713, 819, 844, 844, 819, 150, 819, 942, 150, 150, 942, 376, 942, 630, 376, 376, 630, 926, 926, 630, 994, 994, 630, 491, 630, 608, 491, 608, 943, 491, 943, 137, 491, 137, 832, 491, 832, 557, 491, 491, 557, 938, 557, 439, 938, 938, 439, 92, 439, 577, 92, 491, 938, 994, 938, 92, 994, 994, 92, 926, 92, 795, 926, 926, 795, 376, 376, 795, 150, 795, 844, 150, 577, 815, 92, 815, 878, 92, 92, 878, 795, 878, 739, 795, 795, 739, 790, 739, 303, 790, 303, 417, 790, 417, 844, 790, 790, 844, 795, 878, 815, 739, 815, 980, 739, 739, 980, 303, 77, 93, 282, 282, 93, 536, 93, 528, 536, 528, 849, 536, 849, 89, 536, 89, 529, 536, 536, 529, 282, 529, 917, 282, 282, 917, 77, 77, 917, 156, 917, 96, 156, 156, 96, 444, 96, 267, 444, 267, 605, 444, 444, 605, 156, 605, 591, 156, 591, 256, 156, 156, 256, 77, 256, 464, 77, 77, 464, 950, 464, 732, 950, 950, 732, 93, 93, 732, 528, 732, 567, 528, 528, 567, 849, 529, 96, 917, 93, 77, 950, 567, 732, 822, 732, 464, 822, 822, 464, 678, 464, 256, 678, 678, 256, 654, 256, 591, 654, 654, 591, 41, 41, 591, 460, 591, 605, 460, 460, 605, 811, 605, 267, 811, 811, 267, 995, 995, 267, 415, 267, 96, 415, 415, 96, 689, 96, 685, 689, 689, 685, 326, 685, 529, 326, 326, 529, 748, 529, 89, 748, 748, 89, 139, 139, 89, 537, 89, 849, 537, 537, 849, 309, 849, 567, 309, 309, 567, 743, 743, 567, 109, 567, 369, 109, 109, 369, 882, 882, 369, 645, 369, 822, 645, 645, 822, 459, 822, 678, 459, 459, 678, 61, 678, 654, 61, 529, 685, 96, 822, 369, 567, 61, 299, 459, 459, 299, 645, 299, 448, 645, 448, 954, 645, 645, 954, 882, 954, 945, 882, 945, 687, 882, 882, 687, 109, 109, 687, 743, 687, 483, 743, 743, 483, 309, 483, 382, 309, 309, 382, 537, 382, 514, 537, 537, 514, 139, 61, 206, 299, 299, 206, 448, 514, 382, 322, 322, 382, 816, 382, 483, 816, 816, 483, 676, 483, 687, 676, 676, 687, 167, 167, 687, 220, 687, 945, 220, 220, 945, 606, 945, 773, 606, 606, 773, 346, 773, 287, 346, 346, 287, 31, 287, 891, 31, 31, 891, 52, 52, 891, 626, 891, 206, 626, 626, 206, 627, 206, 61, 627, 945, 954, 773, 773, 954, 287, 954, 448, 287, 287, 448, 891, 448, 206, 891, 626, 627, 545, 545, 627, 388, 627, 456, 388, 388, 456, 829, 456, 30, 829, 829, 30, 498, 30, 41, 498, 498, 41, 460, 627, 61, 456, 456, 61, 30, 61, 654, 30, 30, 654, 41, 388, 829, 505, 505, 829, 901, 829, 498, 901, 505, 901, 771, 771, 901, 242, 242, 901, 865, 901, 781, 865, 865, 781, 563, 563, 781, 556, 781, 9, 556, 556, 9, 673, 673, 9, 460, 9, 761, 460, 460, 761, 498, 498, 761, 901, 901, 761, 781, 761, 9, 781, 556, 673, 999, 999, 673, 327, 673, 944, 327, 327, 944, 507, 944, 673, 507, 507, 673, 811, 673, 460, 811, 327, 507, 646, 507, 995, 646, 646, 995, 381, 381, 995, 485, 995, 583, 485, 485, 583, 104, 583, 415, 104, 415, 689, 104, 104, 689, 973, 973, 689, 617, 689, 326, 617, 617, 326, 789, 326, 748, 789, 748, 139, 789, 789, 139, 132, 139, 514, 132, 132, 514, 830, 514, 322, 830, 830, 322, 983, 983, 322, 642, 322, 816, 642, 642, 816, 292, 816, 676, 292, 292, 676, 569, 676, 167, 569, 995, 507, 811, 415, 583, 995, 485, 104, 558, 104, 973, 558, 558, 973, 353, 148, 292, 569, 983, 285, 830, 285, 658, 830, 658, 243, 830, 830, 243, 132, 243, 289, 132, 132, 289, 789, 289, 937, 789, 789, 937, 617, 937, 125, 617, 617, 125, 973, 973, 125, 353, 353, 125, 602, 125, 951, 602, 602, 951, 398, 285, 522, 658, 125, 937, 951, 951, 937, 997, 937, 289, 997, 289, 243, 997, 997, 243, 260, 243, 658, 260, 260, 658, 927, 658, 522, 927, 927, 522, 389, 522, 726, 389, 726, 653, 389, 653, 457, 389, 389, 457, 927, 927, 457, 260, 457, 144, 260, 260, 144, 997, 997, 144, 951, 951, 144, 398, 398, 144, 952, 144, 457, 952, 952, 457, 145, 145, 457, 117, 457, 653, 117, 117, 653, 400, 534, 647, 348, 348, 647, 876, 647, 113, 876, 876, 113, 174, 113, 572, 174, 174, 572, 910, 572, 663, 910, 534, 348, 262, 348, 11, 262, 262, 11, 871, 11, 869, 871, 871, 869, 386, 869, 474, 386, 474, 406, 386, 386, 406, 690, 406, 65, 690, 690, 65, 102, 869, 11, 320, 320, 11, 348, 869, 320, 474, 474, 320, 304, 304, 320, 770, 770, 320, 807, 807, 320, 405, 320, 348, 405, 405, 348, 530, 348, 876, 530, 530, 876, 809, 876, 174, 809, 809, 174, 180, 174, 910, 180, 180, 910, 257, 910, 663, 257, 257, 663, 619, 663, 219, 619, 219, 749, 619, 619, 749, 651, 651, 749, 724, 749, 834, 724, 724, 834, 883, 834, 523, 883, 883, 523, 885, 523, 79, 885, 885, 79, 585, 79, 370, 585, 370, 37, 585, 37, 378, 585, 585, 378, 656, 378, 297, 656, 474, 304, 406, 304, 65, 406, 656, 587, 585, 585, 587, 885, 587, 62, 885, 885, 62, 883, 62, 546, 883, 883, 546, 724, 724, 546, 651, 546, 199, 651, 651, 199, 619, 199, 274, 619, 619, 274, 899, 899, 274, 935, 935, 274, 328, 274, 199, 328, 328, 199, 546, 619, 899, 257, 257, 899, 180, 899, 841, 180, 180, 841, 458, 458, 841, 2, 841, 899, 2, 2, 899, 615, 899, 935, 615, 615, 935, 258, 935, 328, 258, 180, 458, 809, 458, 403, 809, 809, 403, 530, 530, 403, 405, 405, 403, 807, 403, 518, 807, 807, 518, 770, 518, 666, 770, 770, 666, 304, 304, 666, 404, 404, 666, 669, 666, 518, 669, 458, 2, 126, 126, 2, 99, 2, 615, 99, 99, 615, 189, 615, 258, 189, 403, 458, 126, 304, 404, 334, 334, 404, 276, 404, 669, 276, 304, 334, 65, 65, 334, 102, 102, 334, 20, 20, 334, 307, 334, 151, 307, 307, 151, 527, 151, 570, 527, 527, 570, 736, 570, 948, 736, 736, 948, 879, 879, 948, 176, 948, 570, 176, 334, 276, 151, 151, 276, 570, 276, 669, 570, 879, 225, 736, 736, 225, 178, 225, 892, 178, 178, 892, 496, 496, 892, 777, 892, 700, 777, 700, 146, 777, 777, 146, 111, 146, 85, 111, 111, 85, 699, 699, 85, 344, 85, 840, 344, 344, 840, 659, 659, 840, 277, 840, 339, 277, 277, 339, 28, 892, 225, 879, 339, 840, 843, 840, 85, 843, 85, 118, 843, 118, 86, 843, 843, 86, 339, 86, 760, 339, 339, 760, 28, 28, 760, 875, 875, 760, 949, 760, 463, 949, 949, 463, 36, 463, 128, 36, 36, 128, 445, 128, 215, 445, 215, 960, 445, 445, 960, 667, 960, 494, 667, 667, 494, 423, 760, 86, 463, 463, 86, 128, 86, 215, 128, 36, 445, 667, 494, 960, 329, 329, 960, 215, 329, 661, 494, 494, 661, 423, 661, 549, 423, 423, 549, 519, 549, 239, 519, 519, 239, 977, 239, 399, 977, 399, 553, 977, 977, 553, 332, 553, 427, 332, 332, 427, 851, 519, 977, 332, 549, 661, 540, 661, 329, 540, 549, 540, 239, 540, 399, 239, 427, 553, 136, 553, 399, 136, 136, 194, 427, 427, 194, 851, 194, 911, 851, 851, 911, 164, 911, 896, 164, 164, 896, 526, 896, 911, 251, 911, 194, 251, 194, 136, 251, 251, 136, 175, 175, 136, 839, 839, 136, 784, 136, 399, 784, 784, 399, 12, 12, 399, 414, 399, 540, 414, 414, 540, 768, 768, 540, 701, 540, 329, 701, 701, 329, 959, 959, 329, 337, 329, 215, 337, 337, 215, 848, 215, 54, 848, 848, 54, 106, 54, 118, 106, 118, 85, 106, 85, 146, 106, 146, 700, 106, 106, 700, 495, 700, 892, 495, 495, 892, 412, 892, 879, 412, 215, 86, 54, 86, 118, 54, 412, 91, 495, 495, 91, 106, 106, 91, 848, 848, 91, 337, 337, 91, 959, 91, 688, 959, 959, 688, 701, 701, 688, 768, 688, 438, 768, 768, 438, 414, 414, 438, 12, 438, 94, 12, 12, 94, 784, 784, 94, 839, 94, 110, 839, 839, 110, 175, 110, 222, 175, 175, 222, 251, 222, 312, 251, 312, 313, 251, 251, 313, 896, 896, 313, 526, 313, 987, 526, 526, 987, 621, 110, 189, 222, 222, 189, 312, 189, 258, 312, 312, 258, 486, 258, 328, 486, 486, 328, 996, 996, 328, 413, 328, 546, 413, 413, 546, 390, 546, 62, 390, 390, 62, 161, 62, 587, 161, 161, 587, 644, 587, 656, 644, 644, 656, 349, 656, 297, 349, 349, 297, 240, 297, 754, 240, 754, 598, 240, 598, 506, 240, 506, 717, 240, 240, 717, 78, 717, 371, 78, 312, 486, 313, 313, 486, 987, 486, 996, 987, 78, 80, 240, 240, 80, 349, 349, 80, 644, 80, 95, 644, 644, 95, 130, 95, 992, 130, 992, 925, 130, 925, 928, 130, 130, 928, 161, 161, 928, 390, 390, 928, 413, 413, 928, 996, 996, 928, 987, 987, 928, 621, 928, 925, 621, 992, 95, 80, 130, 161, 644, 695, 142, 823, 142, 864, 823, 823, 864, 609, 609, 864, 270, 864, 755, 270, 270, 755, 76, 76, 755, 692, 755, 864, 692, 692, 864, 142, 270, 76, 810, 76, 314, 810, 810, 314, 751, 314, 913, 751, 751, 913, 866, 913, 336, 866, 336, 643, 866, 866, 643, 88, 643, 430, 88, 430, 966, 88, 88, 966, 538, 966, 305, 538, 305, 39, 538, 39, 866, 538, 538, 866, 88, 305, 966, 986, 966, 4, 986, 4, 108, 986, 986, 108, 868, 108, 279, 868, 868, 279, 170, 279, 227, 170, 227, 902, 170, 170, 902, 63, 902, 728, 63, 63, 728, 510, 510, 728, 823, 728, 695, 823, 986, 868, 305, 868, 170, 305, 170, 63, 305, 305, 63, 858, 63, 510, 858, 858, 510, 914, 510, 609, 914, 609, 270, 914, 270, 810, 914, 810, 751, 914, 751, 866, 914, 866, 39, 914, 914, 39, 858, 39, 305, 858, 510, 823, 609, 91, 412, 756, 412, 879, 756, 756, 879, 908, 879, 176, 908, 908, 176, 224, 176, 122, 224, 224, 122, 438, 122, 355, 438, 438, 355, 94, 91, 756, 688, 756, 908, 688, 908, 224, 688, 688, 224, 438, 355, 122, 259, 259, 122, 176, 259, 425, 355, 355, 425, 94, 425, 835, 94, 94, 835, 110, 835, 248, 110, 110, 248, 99, 99, 248, 126, 248, 524, 126, 126, 524, 200, 524, 518, 200, 518, 403, 200, 200, 403, 126, 248, 835, 524, 835, 425, 524, 425, 259, 524, 524, 259, 3, 259, 669, 3, 669, 518, 3, 3, 518, 524, 110, 99, 189, 259, 786, 669, 669, 786, 570, 570, 786, 176, 786, 259, 176, 895, 236, 956, 236, 24, 956, 956, 24, 340, 24, 387, 340, 340, 387, 788, 387, 561, 788, 236, 387, 24, 895, 956, 877, 877, 956, 930, 930, 956, 234, 234, 956, 758, 956, 340, 758]
                color3f[] primvars:vertexColor = [(1, 1, 1)] (
                    interpolation = "constant"
                )
                uniform token subdivisionScheme = "none"
            }
        }

        def Xform "Collisions"
        {
            quatd xformOp:orient = (1, 0, 0, 0)
            double3 xformOp:scale = (1, 1, 1)
            double3 xformOp:translate = (0, 0, 0)
            uniform token[] xformOpOrder = ["xformOp:translate", "xformOp:orient", "xformOp:scale"]

            def Mesh "Orange002_C" (
                prepend apiSchemas = ["MaterialBindingAPI", "PhysicsCollisionAPI", "PhysicsMeshCollisionAPI"]
                customData = {
                    dictionary "3dsmax" = {
                        int matId = 1
                    }
                }
            )
            {
                float3[] extent = [(-0.026942693, -0.025362251, 5.828847e-9), (0.026942693, 0.025362255, 0.043356124)]
                int[] faceVertexCounts = [3, 3, 3, 3, 3, 3, 3, 3, 3, 3, 3, 3, 3, 3, 3, 3, 3, 3, 3, 3, 3, 3, 3, 3, 3, 3, 3, 3, 3, 3, 3, 3, 3, 3, 3, 3, 3, 3, 3, 3, 3, 3, 3, 3, 3, 3, 3, 3, 3, 3, 3, 3, 3, 3, 3, 3, 3, 3, 3, 3, 3, 3, 3, 3, 3, 3, 3, 3, 3, 3, 3, 3, 3, 3, 3, 3, 3, 3, 3, 3, 3, 3, 3, 3, 3, 3, 3, 3, 3, 3, 3, 3, 3, 3, 3, 3, 3, 3, 3, 3, 3, 3, 3, 3, 3, 3, 3, 3, 3, 3, 3, 3, 3, 3, 3, 3, 3, 3, 3, 3, 3, 3, 3, 3, 3, 3, 3, 3, 3, 3, 3, 3, 3, 3, 3, 3, 3, 3, 3, 3, 3, 3, 3, 3, 3, 3, 3, 3, 3, 3, 3, 3, 3, 3, 3, 3, 3, 3, 3, 3, 3, 3, 3, 3, 3, 3, 3, 3, 3, 3, 3, 3, 3, 3, 3, 3, 3, 3, 3, 3, 3, 3, 3, 3, 3, 3, 3, 3, 3, 3, 3, 3, 3, 3, 3, 3, 3, 3, 3, 3, 3, 3, 3, 3, 3, 3, 3, 3, 3, 3, 3, 3, 3, 3, 3, 3, 3, 3, 3, 3, 3, 3, 3, 3, 3, 3, 3, 3, 3, 3, 3, 3, 3, 3, 3, 3, 3, 3, 3, 3, 3, 3, 3, 3, 3, 3, 3, 3, 3, 3, 3, 3, 3, 3, 3, 3, 3, 3, 3, 3, 3, 3, 3, 3, 3, 3, 3, 3, 3, 3, 3, 3, 3, 3, 3, 3, 3, 3, 3, 3, 3, 3, 3, 3, 3, 3, 3, 3, 3, 3, 3, 3, 3, 3, 3, 3, 3, 3, 3, 3, 3, 3, 3, 3, 3, 3, 3, 3, 3, 3, 3, 3, 3, 3, 3, 3, 3, 3, 3, 3, 3, 3, 3, 3, 3, 3, 3, 3, 3, 3, 3, 3, 3, 3, 3, 3, 3, 3, 3, 3, 3, 3, 3, 3, 3, 3, 3, 3, 3, 3, 3, 3, 3, 3, 3, 3, 3, 3, 3, 3, 3, 3, 3, 3, 3, 3, 3, 3, 3, 3, 3, 3, 3, 3, 3, 3, 3, 3, 3, 3, 3, 3, 3, 3, 3, 3, 3, 3, 3, 3, 3, 3, 3, 3, 3, 3, 3, 3, 3, 3, 3, 3, 3, 3, 3, 3, 3, 3, 3, 3, 3, 3, 3, 3, 3, 3, 3, 3, 3, 3, 3, 3, 3, 3, 3, 3, 3, 3, 3, 3, 3, 3, 3, 3, 3, 3, 3, 3, 3, 3, 3, 3, 3, 3, 3, 3, 3, 3, 3, 3, 3, 3, 3, 3, 3, 3, 3, 3, 3, 3, 3, 3, 3, 3, 3, 3, 3, 3, 3, 3, 3, 3, 3, 3, 3, 3, 3, 3, 3, 3, 3, 3, 3, 3, 3, 3, 3, 3, 3, 3, 3, 3, 3, 3, 3, 3, 3, 3, 3, 3, 3, 3, 3, 3, 3, 3, 3, 3, 3, 3, 3, 3, 3, 3, 3, 3, 3, 3, 3, 3, 3, 3, 3, 3, 3, 3, 3, 3, 3, 3, 3, 3, 3, 3, 3, 3, 3, 3, 3, 3, 3, 3, 3, 3, 3, 3, 3, 3, 3, 3, 3, 3, 3, 3, 3, 3, 3, 3, 3, 3, 3, 3, 3, 3, 3, 3, 3, 3, 3, 3, 3, 3, 3, 3, 3, 3, 3, 3, 3, 3, 3, 3, 3, 3, 3, 3, 3, 3, 3, 3, 3, 3, 3, 3, 3, 3, 3, 3, 3, 3, 3, 3, 3, 3, 3, 3, 3, 3, 3, 3, 3, 3, 3, 3, 3, 3, 3, 3, 3, 3, 3, 3, 3, 3, 3, 3, 3, 3, 3, 3, 3, 3, 3, 3, 3, 3, 3, 3, 3, 3, 3, 3, 3, 3, 3, 3, 3, 3, 3, 3, 3, 3, 3, 3, 3, 3, 3, 3, 3, 3, 3, 3, 3, 3, 3, 3, 3, 3, 3, 3, 3, 3, 3, 3, 3, 3, 3, 3, 3, 3, 3, 3, 3, 3, 3, 3, 3, 3, 3, 3, 3, 3, 3, 3, 3, 3, 3, 3, 3, 3, 3, 3, 3, 3, 3, 3, 3, 3, 3, 3, 3, 3, 3, 3, 3, 3, 3, 3, 3, 3, 3, 3, 3, 3, 3, 3, 3, 3, 3, 3, 3, 3, 3, 3, 3, 3, 3, 3, 3, 3, 3, 3, 3, 3, 3, 3, 3, 3, 3, 3, 3, 3, 3, 3, 3, 3, 3, 3, 3, 3, 3, 3, 3, 3, 3, 3, 3, 3, 3, 3, 3, 3, 3, 3, 3, 3, 3, 3, 3, 3, 3, 3, 3, 3, 3, 3, 3, 3, 3, 3, 3, 3, 3, 3, 3, 3, 3, 3, 3, 3, 3, 3, 3, 3, 3, 3, 3, 3, 3, 3, 3, 3, 3, 3, 3, 3, 3, 3, 3, 3, 3, 3, 3, 3, 3, 3, 3, 3, 3, 3, 3, 3, 3, 3, 3, 3, 3, 3, 3, 3, 3, 3, 3, 3, 3, 3, 3, 3, 3, 3, 3, 3, 3, 3, 3, 3, 3, 3, 3, 3, 3, 3, 3, 3, 3, 3, 3, 3, 3, 3, 3, 3, 3, 3, 3, 3, 3, 3, 3, 3, 3, 3, 3, 3, 3, 3, 3, 3, 3, 3, 3, 3, 3, 3, 3, 3, 3, 3, 3, 3, 3, 3, 3, 3, 3, 3, 3, 3, 3, 3, 3, 3, 3, 3, 3, 3, 3, 3, 3, 3, 3, 3, 3, 3, 3, 3, 3, 3, 3, 3, 3, 3, 3, 3, 3, 3, 3, 3, 3, 3, 3, 3, 3, 3, 3, 3, 3, 3, 3, 3, 3, 3, 3, 3, 3, 3, 3, 3, 3, 3, 3, 3, 3, 3, 3, 3, 3, 3, 3, 3, 3, 3, 3, 3, 3, 3, 3, 3, 3, 3, 3, 3, 3, 3, 3, 3, 3, 3, 3, 3, 3, 3, 3, 3, 3, 3, 3, 3, 3, 3, 3, 3, 3, 3, 3, 3, 3, 3, 3, 3, 3, 3, 3, 3, 3, 3, 3, 3, 3, 3, 3, 3, 3, 3, 3, 3, 3, 3, 3, 3, 3, 3, 3, 3, 3, 3, 3, 3, 3, 3, 3, 3, 3, 3, 3, 3, 3, 3, 3, 3, 3, 3, 3, 3, 3, 3, 3, 3, 3, 3, 3, 3, 3, 3, 3, 3, 3, 3, 3, 3, 3, 3, 3, 3, 3, 3, 3, 3, 3, 3, 3, 3, 3, 3, 3, 3, 3, 3, 3, 3, 3, 3, 3, 3, 3, 3, 3, 3, 3, 3, 3, 3, 3, 3, 3, 3, 3, 3, 3, 3, 3, 3, 3, 3, 3, 3, 3, 3, 3, 3, 3, 3, 3, 3, 3, 3, 3, 3, 3, 3, 3, 3, 3, 3, 3, 3, 3, 3, 3, 3, 3, 3, 3, 3, 3, 3, 3, 3, 3, 3, 3, 3, 3, 3, 3, 3, 3, 3, 3, 3, 3, 3, 3, 3, 3, 3, 3, 3, 3, 3, 3, 3, 3, 3, 3, 3, 3, 3, 3, 3, 3, 3, 3, 3, 3, 3, 3, 3, 3, 3, 3, 3, 3, 3, 3, 3, 3, 3, 3, 3, 3, 3, 3, 3, 3, 3, 3, 3, 3, 3, 3, 3, 3, 3, 3, 3, 3, 3, 3, 3, 3, 3, 3, 3, 3, 3, 3, 3, 3, 3, 3, 3, 3, 3, 3, 3, 3, 3, 3, 3, 3, 3, 3, 3, 3, 3, 3, 3, 3, 3, 3, 3, 3, 3, 3, 3, 3, 3, 3, 3, 3, 3, 3, 3, 3, 3, 3, 3, 3, 3, 3, 3, 3, 3, 3, 3, 3, 3, 3, 3, 3, 3, 3, 3, 3, 3, 3, 3, 3, 3, 3, 3, 3, 3, 3, 3, 3, 3, 3, 3, 3, 3, 3, 3, 3, 3, 3, 3, 3, 3, 3, 3, 3, 3, 3, 3, 3, 3, 3, 3, 3, 3, 3, 3, 3, 3, 3, 3, 3, 3, 3, 3, 3, 3, 3, 3, 3, 3, 3, 3, 3, 3, 3, 3, 3, 3, 3, 3, 3, 3, 3, 3, 3, 3, 3, 3, 3, 3, 3, 3, 3, 3, 3, 3, 3, 3, 3, 3, 3, 3, 3, 3, 3, 3, 3, 3, 3, 3, 3, 3, 3, 3, 3, 3, 3, 3, 3, 3, 3, 3, 3, 3, 3, 3, 3, 3, 3, 3, 3, 3, 3, 3, 3, 3, 3, 3, 3, 3, 3, 3, 3, 3, 3, 3, 3, 3, 3, 3, 3, 3, 3, 3, 3, 3, 3, 3, 3, 3, 3, 3, 3, 3, 3, 3, 3, 3, 3, 3, 3, 3, 3, 3, 3, 3, 3, 3, 3, 3, 3, 3, 3, 3, 3, 3, 3, 3, 3, 3, 3, 3, 3, 3, 3, 3, 3, 3, 3, 3, 3, 3, 3, 3, 3, 3, 3, 3, 3, 3, 3, 3, 3, 3, 3, 3, 3, 3, 3, 3, 3, 3, 3, 3, 3, 3, 3, 3, 3, 3, 3, 3, 3, 3, 3, 3, 3, 3, 3, 3, 3, 3, 3, 3, 3, 3, 3, 3, 3, 3, 3, 3, 3, 3, 3, 3, 3, 3, 3, 3, 3, 3, 3, 3, 3, 3, 3, 3, 3, 3, 3, 3, 3, 3, 3, 3, 3, 3, 3, 3, 3, 3, 3, 3, 3, 3, 3, 3, 3, 3, 3, 3, 3, 3, 3, 3, 3, 3, 3, 3, 3, 3, 3, 3, 3, 3, 3, 3, 3, 3, 3, 3, 3, 3, 3, 3, 3, 3, 3, 3, 3, 3, 3, 3, 3, 3, 3, 3, 3, 3, 3, 3, 3, 3, 3, 3, 3, 3, 3, 3, 3, 3, 3, 3, 3, 3, 3, 3, 3, 3, 3, 3, 3, 3, 3, 3, 3, 3, 3, 3, 3, 3, 3, 3, 3, 3, 3, 3, 3, 3, 3, 3, 3, 3, 3, 3, 3, 3, 3, 3, 3, 3, 3, 3, 3, 3, 3, 3, 3, 3, 3, 3, 3, 3, 3, 3, 3, 3, 3, 3, 3, 3, 3, 3, 3, 3, 3, 3, 3, 3, 3, 3, 3, 3, 3, 3, 3, 3, 3, 3, 3, 3, 3, 3, 3, 3, 3, 3, 3, 3, 3, 3, 3, 3, 3, 3, 3, 3, 3, 3, 3, 3, 3, 3, 3, 3, 3, 3, 3, 3, 3, 3, 3, 3, 3, 3, 3, 3, 3, 3, 3, 3, 3, 3, 3, 3, 3, 3, 3, 3, 3, 3, 3, 3, 3, 3, 3, 3, 3, 3, 3, 3, 3, 3, 3, 3, 3, 3, 3, 3, 3, 3, 3, 3, 3, 3, 3, 3, 3, 3, 3, 3, 3, 3, 3, 3, 3, 3, 3, 3, 3, 3, 3, 3, 3, 3, 3, 3, 3, 3, 3, 3, 3, 3, 3, 3, 3, 3, 3, 3, 3, 3, 3, 3, 3, 3, 3, 3, 3, 3, 3, 3, 3, 3, 3, 3, 3, 3, 3, 3, 3, 3, 3, 3, 3, 3, 3, 3, 3, 3, 3, 3, 3, 3, 3, 3, 3, 3, 3, 3, 3, 3, 3, 3, 3, 3, 3, 3, 3, 3, 3, 3, 3, 3, 3, 3, 3, 3, 3, 3, 3, 3]
                int[] faceVertexIndices = [0, 1, 2, 1, 3, 2, 2, 3, 4, 4, 3, 5, 5, 3, 6, 3, 1, 6, 6, 1, 7, 1, 0, 7, 4, 8, 2, 8, 9, 2, 2, 9, 10, 9, 8, 11, 11, 8, 12, 8, 4, 12, 12, 4, 13, 4, 5, 13, 13, 5, 14, 5, 15, 14, 14, 15, 16, 15, 17, 16, 16, 17, 18, 18, 17, 19, 17, 20, 19, 19, 20, 21, 20, 6, 21, 21, 6, 22, 6, 7, 22, 22, 7, 23, 7, 24, 23, 24, 25, 23, 23, 25, 26, 5, 6, 15, 6, 20, 15, 15, 20, 17, 23, 21, 22, 12, 13, 27, 13, 14, 27, 25, 24, 28, 28, 24, 29, 24, 7, 29, 29, 7, 30, 7, 0, 30, 30, 0, 31, 0, 2, 31, 31, 32, 30, 30, 32, 29, 32, 33, 29, 29, 33, 28, 33, 34, 28, 34, 35, 28, 35, 36, 28, 36, 37, 28, 28, 37, 25, 25, 37, 26, 37, 38, 26, 38, 39, 26, 26, 39, 23, 39, 40, 23, 23, 40, 21, 40, 41, 21, 21, 41, 19, 41, 42, 19, 19, 42, 43, 42, 44, 43, 43, 44, 18, 44, 45, 18, 18, 45, 16, 45, 46, 16, 16, 46, 47, 46, 48, 47, 47, 48, 14, 48, 49, 14, 14, 49, 27, 49, 50, 27, 27, 50, 12, 40, 39, 41, 39, 51, 41, 41, 51, 42, 18, 19, 43, 14, 16, 47, 50, 49, 52, 49, 48, 52, 52, 48, 53, 48, 54, 53, 54, 55, 53, 55, 56, 53, 53, 56, 52, 56, 50, 52, 54, 48, 57, 48, 46, 57, 57, 46, 58, 46, 45, 58, 45, 44, 58, 58, 44, 59, 44, 42, 59, 59, 42, 60, 42, 61, 60, 60, 61, 62, 62, 61, 63, 61, 51, 63, 63, 51, 39, 42, 51, 61, 58, 59, 64, 59, 60, 64, 60, 62, 65, 62, 66, 65, 66, 67, 65, 67, 68, 65, 65, 68, 60, 68, 69, 60, 60, 69, 64, 69, 70, 64, 64, 70, 58, 66, 62, 63, 70, 69, 71, 69, 68, 71, 71, 68, 72, 68, 73, 72, 73, 74, 72, 74, 75, 72, 72, 75, 71, 75, 70, 71, 73, 68, 76, 68, 67, 76, 76, 67, 77, 67, 66, 77, 77, 78, 76, 76, 78, 73, 78, 79, 73, 73, 79, 80, 80, 79, 81, 81, 79, 82, 79, 78, 82, 82, 78, 77, 80, 83, 73, 73, 83, 74, 83, 84, 74, 74, 84, 75, 84, 83, 85, 83, 80, 85, 85, 80, 86, 80, 87, 86, 87, 88, 86, 86, 88, 85, 88, 89, 85, 85, 89, 84, 87, 80, 90, 80, 81, 90, 90, 81, 91, 81, 82, 91, 91, 92, 90, 90, 92, 87, 92, 93, 87, 87, 93, 94, 94, 93, 95, 95, 93, 96, 93, 92, 96, 96, 92, 91, 94, 97, 87, 87, 97, 88, 97, 98, 88, 98, 99, 88, 88, 99, 89, 99, 100, 89, 89, 100, 84, 100, 101, 84, 101, 102, 84, 84, 102, 75, 102, 103, 75, 103, 104, 75, 75, 104, 70, 104, 105, 70, 70, 105, 106, 105, 54, 106, 54, 57, 106, 57, 58, 106, 106, 58, 70, 94, 107, 97, 97, 107, 98, 54, 105, 108, 105, 104, 108, 104, 103, 108, 108, 103, 109, 103, 102, 109, 102, 101, 109, 109, 101, 110, 101, 100, 110, 110, 100, 111, 100, 99, 111, 111, 99, 112, 112, 99, 113, 99, 114, 113, 113, 114, 115, 115, 114, 116, 114, 98, 116, 116, 98, 107, 111, 112, 110, 110, 112, 117, 117, 112, 118, 118, 112, 119, 119, 112, 120, 112, 113, 120, 120, 113, 115, 99, 98, 114, 117, 121, 110, 121, 122, 110, 110, 122, 109, 122, 123, 109, 123, 124, 109, 109, 124, 108, 124, 125, 108, 108, 125, 126, 125, 127, 126, 126, 127, 55, 127, 56, 55, 108, 126, 54, 126, 55, 54, 127, 125, 128, 125, 124, 128, 124, 123, 128, 128, 123, 129, 123, 122, 129, 122, 121, 129, 129, 121, 130, 121, 117, 130, 117, 118, 130, 130, 118, 131, 131, 118, 132, 118, 119, 132, 119, 120, 132, 132, 120, 133, 120, 115, 133, 133, 115, 134, 115, 116, 134, 134, 116, 135, 116, 107, 135, 135, 107, 136, 107, 94, 136, 136, 94, 137, 94, 138, 137, 137, 138, 139, 138, 140, 139, 140, 141, 139, 139, 141, 142, 141, 143, 142, 143, 144, 142, 142, 144, 137, 144, 145, 137, 137, 145, 135, 145, 146, 135, 146, 147, 135, 135, 147, 134, 134, 147, 133, 147, 148, 133, 133, 148, 132, 135, 136, 137, 94, 95, 138, 138, 95, 140, 95, 96, 140, 137, 139, 142, 145, 144, 146, 144, 149, 146, 146, 149, 150, 149, 151, 150, 151, 152, 150, 150, 152, 148, 152, 153, 148, 148, 153, 132, 153, 154, 132, 132, 154, 131, 148, 147, 150, 150, 147, 146, 154, 153, 155, 153, 152, 155, 155, 152, 156, 152, 151, 156, 156, 151, 157, 157, 151, 158, 158, 151, 159, 151, 149, 159, 149, 144, 159, 159, 144, 160, 144, 143, 160, 160, 143, 161, 143, 141, 161, 161, 162, 160, 160, 162, 159, 162, 565, 159, 565, 567, 159, 159, 567, 158, 158, 567, 157, 567, 572, 157, 157, 572, 163, 572, 164, 163, 164, 165, 163, 163, 165, 166, 166, 165, 167, 165, 168, 167, 168, 582, 167, 167, 582, 169, 582, 170, 169, 169, 170, 171, 171, 170, 172, 170, 586, 172, 586, 587, 172, 172, 587, 173, 173, 587, 174, 587, 593, 174, 593, 592, 174, 174, 592, 175, 175, 592, 176, 592, 177, 176, 157, 163, 156, 163, 178, 156, 156, 178, 155, 155, 178, 179, 179, 178, 166, 178, 163, 166, 176, 180, 175, 180, 174, 175, 177, 181, 176, 181, 182, 176, 176, 182, 180, 177, 616, 181, 616, 183, 181, 181, 183, 184, 184, 183, 185, 183, 619, 185, 185, 619, 186, 619, 625, 186, 625, 626, 186, 186, 626, 187, 626, 188, 187, 187, 188, 189, 189, 188, 190, 190, 188, 644, 644, 188, 630, 630, 188, 629, 188, 626, 629, 189, 191, 187, 191, 186, 187, 191, 189, 192, 189, 190, 192, 190, 736, 192, 736, 738, 192, 192, 738, 193, 738, 194, 193, 193, 194, 195, 195, 194, 196, 194, 197, 196, 196, 197, 198, 197, 199, 198, 198, 199, 200, 199, 201, 200, 200, 201, 202, 202, 201, 203, 201, 744, 203, 203, 744, 204, 744, 205, 204, 205, 746, 204, 204, 746, 206, 746, 207, 206, 206, 207, 208, 207, 209, 208, 208, 209, 210, 209, 752, 210, 210, 752, 211, 211, 752, 212, 752, 213, 212, 213, 214, 212, 212, 214, 215, 215, 214, 216, 214, 760, 216, 216, 760, 217, 760, 218, 217, 217, 218, 219, 218, 766, 219, 219, 766, 220, 766, 768, 220, 220, 768, 221, 768, 775, 221, 775, 222, 221, 221, 222, 223, 222, 776, 223, 223, 776, 224, 776, 225, 224, 225, 421, 224, 421, 226, 224, 226, 227, 224, 224, 227, 223, 227, 228, 223, 223, 228, 221, 228, 229, 221, 229, 230, 221, 221, 230, 220, 230, 231, 220, 220, 231, 219, 231, 232, 219, 219, 232, 217, 232, 233, 217, 217, 233, 216, 216, 233, 215, 233, 234, 215, 215, 234, 212, 212, 234, 235, 234, 236, 235, 235, 236, 237, 234, 233, 236, 236, 233, 238, 238, 233, 239, 233, 232, 239, 239, 232, 240, 232, 231, 240, 240, 231, 241, 231, 230, 241, 230, 229, 241, 241, 229, 242, 229, 228, 242, 242, 228, 243, 228, 227, 243, 243, 227, 244, 227, 226, 244, 226, 245, 244, 245, 246, 244, 244, 246, 247, 246, 248, 247, 248, 249, 247, 247, 249, 243, 243, 249, 242, 249, 250, 242, 242, 250, 241, 250, 251, 241, 251, 252, 241, 241, 252, 240, 252, 253, 240, 240, 253, 239, 239, 253, 238, 238, 253, 254, 254, 253, 255, 253, 252, 255, 255, 252, 256, 252, 251, 256, 251, 250, 256, 256, 250, 257, 250, 249, 257, 257, 249, 258, 258, 249, 259, 259, 249, 260, 249, 248, 260, 260, 248, 261, 248, 262, 261, 262, 428, 261, 428, 432, 261, 261, 432, 263, 263, 432, 264, 432, 433, 264, 433, 265, 264, 264, 265, 266, 266, 265, 267, 265, 441, 267, 267, 441, 268, 441, 269, 268, 269, 270, 268, 268, 270, 271, 271, 270, 272, 270, 931, 272, 931, 929, 272, 272, 929, 273, 273, 929, 274, 929, 930, 274, 274, 930, 275, 930, 276, 275, 276, 493, 275, 275, 493, 277, 277, 493, 278, 493, 279, 278, 278, 279, 280, 279, 281, 280, 281, 282, 280, 280, 282, 283, 283, 282, 284, 282, 561, 284, 284, 561, 141, 561, 285, 141, 141, 285, 161, 243, 244, 247, 248, 246, 262, 141, 140, 284, 284, 140, 283, 140, 286, 283, 283, 286, 280, 286, 287, 280, 280, 287, 288, 288, 287, 289, 287, 96, 289, 289, 96, 91, 140, 96, 286, 286, 96, 287, 280, 288, 278, 278, 288, 277, 288, 290, 277, 277, 290, 275, 275, 290, 291, 291, 290, 292, 290, 288, 292, 292, 288, 293, 288, 289, 293, 289, 91, 293, 293, 91, 294, 91, 82, 294, 294, 82, 295, 82, 296, 295, 295, 296, 297, 297, 296, 298, 296, 77, 298, 298, 77, 299, 77, 66, 299, 293, 294, 292, 294, 295, 292, 292, 295, 297, 82, 77, 296, 299, 300, 298, 300, 297, 298, 300, 299, 301, 299, 66, 301, 301, 66, 302, 66, 63, 302, 302, 63, 303, 63, 304, 303, 303, 304, 305, 305, 304, 38, 38, 304, 39, 304, 63, 39, 302, 306, 301, 301, 306, 300, 306, 307, 300, 307, 308, 300, 308, 309, 300, 300, 309, 297, 309, 310, 297, 310, 311, 297, 297, 311, 292, 292, 311, 291, 311, 312, 291, 291, 312, 275, 275, 312, 274, 274, 312, 273, 312, 313, 273, 273, 313, 272, 302, 303, 306, 303, 305, 306, 305, 314, 306, 314, 315, 306, 306, 315, 307, 311, 310, 312, 312, 310, 316, 310, 309, 316, 309, 308, 316, 316, 308, 317, 308, 307, 317, 307, 315, 317, 317, 315, 318, 315, 314, 318, 318, 314, 319, 314, 305, 319, 319, 305, 320, 305, 37, 320, 37, 321, 320, 320, 321, 319, 321, 322, 319, 319, 322, 318, 322, 323, 318, 323, 324, 318, 318, 324, 325, 324, 326, 325, 325, 326, 317, 326, 327, 317, 317, 327, 316, 327, 328, 316, 316, 328, 313, 313, 328, 272, 328, 329, 272, 272, 329, 271, 316, 313, 312, 37, 305, 38, 318, 325, 317, 328, 327, 329, 327, 326, 329, 329, 326, 330, 330, 326, 331, 326, 324, 331, 331, 324, 332, 324, 323, 332, 332, 323, 333, 323, 334, 333, 333, 334, 335, 335, 334, 336, 334, 321, 336, 336, 321, 36, 321, 37, 36, 321, 334, 322, 334, 323, 322, 271, 329, 268, 329, 330, 268, 36, 35, 336, 35, 337, 336, 336, 337, 335, 337, 338, 335, 338, 339, 335, 335, 339, 333, 333, 339, 332, 339, 340, 332, 332, 340, 331, 331, 340, 330, 340, 341, 330, 330, 341, 268, 268, 341, 267, 267, 341, 266, 266, 341, 342, 341, 340, 342, 342, 340, 343, 340, 339, 343, 343, 339, 344, 339, 338, 344, 344, 338, 345, 338, 346, 345, 345, 346, 347, 347, 346, 348, 346, 33, 348, 33, 32, 348, 348, 32, 349, 349, 32, 350, 32, 31, 350, 350, 31, 351, 31, 2, 351, 351, 2, 352, 2, 10, 352, 35, 34, 337, 34, 346, 337, 337, 346, 338, 33, 346, 34, 352, 353, 351, 351, 353, 350, 350, 353, 354, 354, 353, 355, 353, 356, 355, 355, 356, 357, 356, 358, 357, 358, 359, 357, 359, 256, 357, 357, 256, 355, 256, 257, 355, 355, 257, 354, 257, 258, 354, 258, 360, 354, 354, 360, 350, 350, 360, 349, 349, 360, 348, 348, 360, 347, 360, 361, 347, 347, 361, 345, 353, 352, 356, 356, 352, 358, 258, 259, 360, 360, 259, 361, 259, 362, 361, 361, 362, 363, 363, 362, 364, 362, 261, 364, 261, 263, 364, 364, 263, 365, 263, 264, 365, 264, 266, 365, 266, 342, 365, 342, 343, 365, 343, 344, 365, 365, 344, 363, 344, 345, 363, 363, 345, 361, 259, 260, 362, 362, 260, 261, 365, 363, 364, 366, 367, 368, 367, 369, 368, 368, 369, 370, 370, 369, 371, 369, 367, 371, 370, 372, 368, 372, 373, 368, 368, 373, 366, 373, 374, 366, 366, 374, 367, 374, 375, 367, 375, 376, 367, 367, 376, 371, 376, 377, 371, 377, 378, 371, 371, 378, 370, 378, 379, 370, 370, 379, 372, 379, 380, 372, 372, 380, 373, 380, 381, 373, 381, 382, 373, 373, 382, 383, 382, 384, 383, 384, 385, 383, 383, 385, 374, 385, 386, 374, 374, 386, 387, 386, 388, 387, 388, 389, 387, 387, 389, 375, 389, 390, 375, 375, 390, 376, 390, 391, 376, 391, 392, 376, 376, 392, 377, 392, 393, 377, 393, 394, 377, 377, 394, 378, 394, 395, 378, 378, 395, 396, 395, 397, 396, 397, 398, 396, 398, 379, 396, 396, 379, 378, 373, 383, 374, 374, 387, 375, 391, 390, 389, 397, 395, 399, 395, 394, 399, 399, 394, 400, 394, 393, 400, 400, 393, 401, 401, 393, 402, 393, 392, 402, 402, 392, 403, 392, 391, 403, 403, 391, 404, 391, 389, 404, 404, 389, 405, 389, 406, 405, 405, 406, 407, 407, 406, 408, 408, 406, 388, 406, 389, 388, 407, 409, 405, 405, 409, 404, 409, 410, 404, 404, 410, 403, 410, 411, 403, 403, 411, 402, 411, 412, 402, 402, 412, 401, 412, 413, 401, 413, 414, 401, 401, 414, 400, 414, 415, 400, 400, 415, 399, 415, 416, 399, 399, 416, 397, 416, 415, 417, 417, 415, 418, 415, 414, 418, 418, 414, 419, 414, 413, 419, 419, 413, 420, 420, 413, 225, 413, 412, 225, 225, 412, 421, 412, 411, 421, 421, 411, 422, 411, 410, 422, 422, 410, 423, 410, 409, 423, 423, 409, 424, 409, 407, 424, 407, 425, 424, 425, 426, 424, 424, 426, 427, 426, 246, 427, 246, 245, 427, 427, 245, 423, 423, 245, 422, 245, 226, 422, 422, 226, 421, 423, 424, 427, 246, 426, 262, 262, 426, 428, 426, 425, 428, 428, 425, 429, 425, 407, 429, 429, 407, 430, 407, 408, 430, 430, 408, 431, 408, 388, 431, 428, 429, 432, 432, 429, 433, 429, 430, 433, 433, 430, 434, 430, 431, 434, 434, 431, 435, 435, 431, 436, 431, 388, 436, 436, 388, 437, 388, 386, 437, 386, 385, 437, 385, 438, 437, 438, 439, 437, 437, 439, 436, 439, 440, 436, 436, 440, 435, 440, 441, 435, 435, 441, 434, 441, 265, 434, 434, 265, 433, 441, 440, 269, 269, 440, 270, 270, 440, 442, 442, 440, 443, 440, 439, 443, 443, 439, 444, 439, 438, 444, 438, 385, 444, 385, 384, 444, 444, 384, 445, 384, 382, 445, 445, 382, 446, 382, 381, 446, 446, 381, 447, 381, 380, 447, 447, 380, 448, 380, 379, 448, 448, 379, 449, 379, 398, 449, 449, 398, 450, 450, 398, 451, 398, 397, 451, 451, 397, 452, 452, 397, 453, 397, 416, 453, 416, 417, 453, 453, 417, 454, 454, 417, 455, 417, 456, 455, 455, 456, 457, 456, 458, 457, 458, 459, 457, 457, 459, 460, 459, 461, 460, 461, 462, 460, 462, 463, 460, 460, 463, 455, 463, 464, 455, 464, 465, 455, 455, 465, 454, 454, 465, 453, 465, 466, 453, 466, 467, 453, 453, 467, 452, 467, 468, 452, 452, 468, 451, 451, 468, 450, 468, 469, 450, 469, 470, 450, 470, 471, 450, 450, 471, 448, 471, 472, 448, 448, 472, 447, 448, 449, 450, 417, 418, 456, 456, 418, 458, 418, 419, 458, 455, 457, 460, 472, 471, 473, 473, 471, 470, 473, 474, 472, 472, 474, 447, 447, 474, 446, 446, 474, 445, 445, 474, 475, 474, 476, 475, 475, 476, 477, 477, 476, 478, 476, 479, 478, 478, 479, 480, 480, 479, 473, 473, 479, 474, 479, 476, 474, 477, 481, 475, 475, 481, 445, 481, 482, 445, 445, 482, 444, 482, 483, 444, 444, 483, 443, 483, 482, 484, 482, 481, 484, 481, 477, 484, 484, 477, 485, 477, 486, 485, 486, 487, 485, 485, 487, 484, 486, 477, 488, 477, 478, 488, 478, 489, 488, 488, 489, 486, 489, 490, 486, 490, 491, 486, 486, 491, 492, 491, 493, 492, 493, 276, 492, 276, 487, 492, 492, 487, 486, 493, 491, 494, 494, 491, 490, 493, 494, 279, 279, 494, 281, 494, 495, 281, 281, 495, 282, 282, 495, 496, 496, 495, 497, 495, 494, 497, 497, 494, 498, 494, 490, 498, 490, 489, 498, 498, 489, 499, 489, 500, 499, 500, 501, 499, 501, 497, 499, 499, 497, 498, 500, 489, 502, 489, 478, 502, 502, 478, 503, 478, 480, 503, 503, 480, 504, 480, 473, 504, 504, 473, 505, 473, 470, 505, 470, 469, 505, 505, 469, 506, 469, 468, 506, 506, 468, 507, 507, 468, 508, 468, 467, 508, 467, 466, 508, 508, 466, 509, 466, 465, 509, 509, 465, 510, 510, 465, 511, 465, 464, 511, 464, 463, 511, 511, 463, 512, 463, 513, 512, 513, 514, 512, 512, 514, 511, 514, 515, 511, 515, 516, 511, 511, 516, 510, 516, 517, 510, 510, 517, 509, 509, 517, 508, 517, 518, 508, 518, 519, 508, 508, 519, 507, 519, 520, 507, 507, 520, 506, 506, 520, 505, 520, 521, 505, 505, 521, 522, 521, 523, 522, 523, 503, 522, 503, 504, 522, 522, 504, 505, 503, 500, 502, 513, 463, 462, 523, 521, 524, 521, 520, 524, 524, 520, 525, 520, 526, 525, 526, 527, 525, 527, 528, 525, 525, 528, 524, 528, 523, 524, 520, 519, 526, 519, 518, 526, 526, 518, 529, 518, 517, 529, 529, 517, 530, 530, 517, 531, 517, 516, 531, 516, 515, 531, 531, 515, 532, 515, 514, 532, 514, 533, 532, 533, 534, 532, 532, 534, 531, 534, 535, 531, 535, 536, 531, 531, 536, 530, 536, 537, 530, 530, 537, 529, 529, 537, 526, 537, 538, 526, 526, 538, 527, 538, 539, 527, 527, 539, 528, 539, 538, 540, 538, 537, 540, 540, 537, 541, 541, 537, 542, 537, 536, 542, 536, 535, 542, 542, 535, 543, 535, 534, 543, 534, 544, 543, 544, 545, 543, 543, 545, 542, 545, 546, 542, 546, 547, 542, 542, 547, 541, 547, 548, 541, 541, 548, 540, 540, 548, 539, 548, 549, 539, 549, 550, 539, 539, 550, 551, 550, 552, 551, 552, 553, 551, 551, 553, 528, 553, 554, 528, 528, 554, 523, 554, 555, 523, 523, 555, 556, 555, 500, 556, 500, 503, 556, 556, 503, 523, 539, 551, 528, 555, 554, 553, 555, 557, 500, 500, 557, 501, 557, 558, 501, 501, 558, 497, 558, 559, 497, 497, 559, 496, 559, 560, 496, 496, 560, 282, 282, 560, 561, 561, 560, 285, 560, 562, 285, 285, 562, 161, 562, 563, 161, 563, 564, 161, 161, 564, 162, 162, 564, 565, 564, 566, 565, 565, 566, 567, 566, 568, 567, 567, 568, 569, 569, 568, 570, 570, 568, 571, 568, 566, 571, 571, 566, 564, 567, 569, 572, 572, 569, 164, 569, 573, 164, 164, 573, 165, 573, 569, 574, 574, 569, 575, 569, 570, 575, 575, 570, 576, 570, 571, 576, 573, 574, 577, 577, 574, 578, 578, 574, 579, 574, 575, 579, 579, 575, 580, 575, 576, 580, 573, 577, 165, 577, 581, 165, 165, 581, 168, 168, 581, 582, 581, 583, 582, 583, 584, 582, 582, 584, 170, 584, 585, 170, 170, 585, 586, 586, 585, 587, 585, 588, 587, 587, 588, 589, 588, 590, 589, 590, 591, 589, 591, 592, 589, 592, 593, 589, 589, 593, 587, 590, 588, 594, 588, 585, 594, 594, 585, 595, 595, 585, 596, 585, 584, 596, 584, 583, 596, 596, 583, 597, 583, 598, 597, 597, 598, 599, 598, 578, 599, 599, 578, 600, 578, 579, 600, 600, 579, 601, 579, 580, 601, 601, 580, 602, 580, 576, 602, 576, 603, 602, 603, 604, 602, 602, 604, 601, 604, 605, 601, 605, 606, 601, 606, 607, 601, 601, 607, 600, 607, 608, 600, 600, 608, 599, 608, 609, 599, 599, 609, 597, 597, 609, 596, 609, 610, 596, 610, 611, 596, 596, 611, 595, 595, 611, 594, 611, 612, 594, 612, 613, 594, 594, 613, 590, 613, 614, 590, 590, 614, 591, 614, 615, 591, 591, 615, 592, 592, 615, 177, 177, 615, 616, 615, 617, 616, 617, 618, 616, 616, 618, 183, 183, 618, 619, 619, 618, 620, 620, 618, 621, 618, 617, 621, 621, 617, 614, 617, 615, 614, 583, 581, 598, 581, 577, 598, 598, 577, 578, 614, 613, 621, 621, 613, 622, 613, 612, 622, 622, 623, 621, 621, 623, 620, 623, 624, 620, 620, 624, 619, 619, 624, 625, 625, 624, 626, 624, 627, 626, 627, 628, 626, 626, 628, 629, 629, 628, 630, 628, 631, 630, 630, 631, 632, 631, 633, 632, 632, 633, 634, 633, 635, 634, 634, 635, 636, 635, 637, 636, 637, 638, 636, 638, 639, 636, 636, 639, 634, 634, 639, 640, 640, 639, 641, 641, 639, 642, 642, 639, 514, 514, 639, 533, 639, 638, 533, 533, 638, 534, 638, 637, 534, 534, 637, 544, 637, 643, 544, 544, 643, 545, 644, 630, 632, 633, 631, 645, 631, 628, 645, 633, 645, 635, 635, 645, 637, 645, 646, 637, 637, 646, 643, 646, 647, 643, 643, 647, 545, 647, 646, 648, 646, 645, 648, 648, 645, 649, 645, 628, 649, 649, 628, 650, 628, 627, 650, 627, 624, 650, 650, 624, 651, 624, 623, 651, 651, 623, 652, 623, 622, 652, 652, 622, 653, 622, 612, 653, 612, 611, 653, 653, 611, 654, 654, 611, 655, 611, 610, 655, 610, 609, 655, 655, 609, 656, 609, 608, 656, 656, 608, 657, 608, 607, 657, 607, 606, 657, 657, 606, 658, 606, 605, 658, 658, 605, 659, 605, 604, 659, 659, 604, 660, 604, 661, 660, 661, 662, 660, 660, 662, 663, 662, 552, 663, 552, 550, 663, 550, 549, 663, 663, 549, 664, 549, 548, 664, 548, 665, 664, 664, 665, 658, 665, 666, 658, 658, 666, 657, 660, 663, 659, 659, 663, 658, 663, 664, 658, 666, 665, 667, 665, 548, 667, 548, 547, 667, 547, 546, 667, 667, 546, 668, 546, 545, 668, 668, 545, 669, 545, 647, 669, 669, 647, 670, 670, 647, 671, 671, 647, 672, 647, 648, 672, 648, 649, 672, 649, 650, 672, 650, 651, 672, 651, 652, 672, 672, 652, 673, 652, 653, 673, 673, 653, 674, 653, 654, 674, 672, 673, 671, 673, 674, 671, 671, 674, 670, 674, 675, 670, 670, 675, 669, 669, 675, 668, 675, 667, 668, 654, 655, 674, 655, 676, 674, 674, 676, 675, 676, 677, 675, 675, 677, 678, 677, 657, 678, 657, 666, 678, 666, 667, 678, 678, 667, 675, 676, 655, 677, 655, 656, 677, 677, 656, 657, 679, 681, 680, 680, 681, 682, 681, 683, 682, 683, 684, 682, 684, 685, 682, 685, 686, 682, 682, 686, 680, 686, 687, 680, 680, 687, 679, 679, 687, 688, 687, 689, 688, 688, 689, 690, 689, 691, 690, 691, 692, 690, 690, 692, 688, 692, 693, 688, 693, 694, 688, 688, 694, 679, 694, 695, 679, 679, 695, 696, 695, 697, 696, 696, 697, 681, 681, 697, 683, 697, 698, 683, 683, 698, 684, 686, 689, 687, 681, 679, 696, 698, 697, 699, 697, 695, 699, 699, 695, 700, 695, 694, 700, 700, 694, 701, 694, 693, 701, 701, 693, 702, 702, 693, 703, 693, 692, 703, 703, 692, 704, 692, 691, 704, 704, 691, 705, 705, 691, 706, 691, 689, 706, 706, 689, 707, 689, 708, 707, 707, 708, 709, 708, 686, 709, 709, 686, 710, 686, 685, 710, 710, 685, 711, 711, 685, 712, 685, 684, 712, 712, 684, 713, 684, 698, 713, 713, 698, 714, 714, 698, 715, 698, 716, 715, 715, 716, 717, 717, 716, 718, 716, 699, 718, 718, 699, 719, 699, 700, 719, 719, 700, 720, 700, 701, 720, 686, 708, 689, 699, 716, 698, 720, 721, 719, 719, 721, 718, 721, 722, 718, 722, 723, 718, 718, 723, 717, 723, 724, 717, 724, 725, 717, 717, 725, 715, 715, 725, 714, 725, 726, 714, 714, 726, 713, 726, 727, 713, 713, 727, 712, 727, 728, 712, 712, 728, 711, 720, 729, 721, 721, 729, 722, 728, 727, 730, 730, 727, 731, 727, 726, 731, 731, 726, 732, 726, 725, 732, 732, 725, 641, 641, 725, 640, 725, 724, 640, 640, 724, 634, 724, 733, 634, 634, 733, 632, 733, 734, 632, 632, 734, 644, 734, 735, 644, 644, 735, 190, 190, 735, 736, 735, 729, 736, 736, 729, 737, 729, 720, 737, 724, 723, 733, 733, 723, 734, 723, 722, 734, 734, 722, 735, 722, 729, 735, 736, 737, 738, 738, 737, 194, 737, 739, 194, 194, 739, 740, 739, 741, 740, 740, 741, 742, 741, 702, 742, 742, 702, 703, 737, 720, 739, 739, 720, 741, 720, 701, 741, 741, 701, 702, 194, 740, 197, 197, 740, 743, 740, 742, 743, 197, 743, 199, 199, 743, 201, 201, 743, 744, 743, 745, 744, 744, 745, 205, 205, 745, 746, 745, 747, 746, 746, 747, 748, 748, 747, 703, 747, 749, 703, 703, 749, 742, 742, 749, 743, 743, 749, 745, 749, 747, 745, 746, 748, 207, 207, 748, 209, 748, 750, 209, 209, 750, 751, 750, 748, 751, 751, 748, 704, 748, 703, 704, 209, 751, 752, 751, 705, 752, 752, 705, 213, 213, 705, 214, 705, 753, 214, 214, 753, 754, 753, 706, 754, 706, 707, 754, 754, 707, 755, 755, 707, 756, 707, 709, 756, 756, 709, 757, 709, 710, 757, 710, 711, 757, 757, 711, 758, 711, 728, 758, 758, 728, 759, 728, 730, 759, 759, 730, 461, 461, 730, 462, 730, 731, 462, 462, 731, 513, 731, 732, 513, 513, 732, 642, 732, 641, 642, 705, 751, 704, 706, 753, 705, 214, 754, 760, 754, 755, 760, 760, 755, 218, 514, 513, 642, 461, 459, 759, 459, 761, 759, 761, 762, 759, 759, 762, 758, 762, 763, 758, 758, 763, 757, 763, 764, 757, 757, 764, 756, 764, 765, 756, 756, 765, 755, 755, 765, 218, 218, 765, 766, 765, 767, 766, 766, 767, 768, 459, 458, 761, 765, 764, 767, 767, 764, 769, 764, 763, 769, 763, 762, 769, 769, 762, 770, 762, 761, 770, 770, 761, 771, 761, 458, 771, 771, 458, 772, 458, 419, 772, 419, 420, 772, 420, 773, 772, 772, 773, 771, 771, 773, 770, 773, 774, 770, 770, 774, 769, 769, 774, 767, 767, 774, 768, 768, 774, 775, 774, 773, 775, 775, 773, 222, 222, 773, 776, 773, 420, 776, 776, 420, 225, 195, 196, 777, 777, 196, 778, 196, 198, 778, 778, 198, 779, 198, 200, 779, 779, 200, 780, 200, 202, 780, 195, 777, 193, 777, 781, 193, 193, 781, 192, 781, 782, 192, 192, 782, 191, 782, 783, 191, 783, 784, 191, 191, 784, 186, 784, 785, 186, 186, 785, 185, 782, 781, 786, 786, 781, 777, 782, 786, 783, 783, 786, 787, 787, 786, 788, 788, 786, 789, 789, 786, 790, 786, 777, 790, 790, 777, 791, 777, 778, 791, 791, 778, 792, 778, 779, 792, 792, 779, 793, 779, 780, 793, 793, 780, 794, 780, 202, 794, 794, 202, 795, 202, 203, 795, 203, 204, 795, 795, 204, 796, 796, 204, 797, 204, 206, 797, 797, 206, 798, 206, 208, 798, 798, 208, 799, 208, 210, 799, 799, 210, 800, 210, 211, 800, 211, 212, 800, 212, 235, 800, 800, 235, 801, 235, 237, 801, 783, 787, 784, 787, 785, 784, 801, 802, 800, 800, 802, 799, 802, 803, 799, 799, 803, 798, 803, 804, 798, 798, 804, 797, 797, 804, 796, 804, 805, 796, 796, 805, 795, 805, 806, 795, 795, 806, 807, 807, 806, 808, 808, 806, 809, 806, 805, 809, 809, 805, 804, 795, 807, 794, 794, 807, 793, 807, 810, 793, 793, 810, 811, 811, 810, 812, 810, 807, 812, 812, 807, 813, 807, 808, 813, 813, 808, 814, 808, 809, 814, 793, 811, 792, 811, 815, 792, 792, 815, 791, 791, 815, 790, 790, 815, 789, 815, 816, 789, 789, 816, 788, 816, 817, 788, 788, 817, 787, 787, 817, 818, 818, 817, 819, 817, 816, 819, 811, 812, 820, 820, 812, 821, 812, 813, 821, 821, 813, 822, 813, 814, 822, 815, 811, 820, 787, 818, 823, 823, 818, 824, 818, 819, 824, 787, 823, 785, 785, 823, 185, 185, 823, 184, 184, 823, 181, 823, 825, 181, 181, 825, 182, 825, 826, 182, 182, 826, 180, 826, 827, 180, 180, 827, 828, 828, 827, 829, 827, 826, 829, 823, 824, 825, 825, 824, 826, 824, 819, 826, 828, 830, 180, 180, 830, 174, 830, 831, 174, 174, 831, 173, 173, 831, 172, 831, 832, 172, 832, 833, 172, 172, 833, 171, 833, 834, 171, 171, 834, 169, 169, 834, 167, 834, 835, 167, 167, 835, 166, 166, 835, 179, 835, 836, 179, 179, 836, 155, 831, 830, 828, 836, 835, 837, 835, 834, 837, 834, 838, 837, 838, 839, 837, 837, 839, 836, 839, 840, 836, 836, 840, 155, 155, 840, 154, 154, 840, 131, 840, 841, 131, 131, 841, 130, 841, 842, 130, 130, 842, 843, 842, 844, 843, 844, 845, 843, 843, 845, 129, 845, 846, 129, 129, 846, 128, 840, 839, 841, 841, 839, 842, 839, 844, 842, 130, 843, 129, 846, 845, 847, 847, 845, 844, 847, 848, 846, 846, 848, 128, 848, 849, 128, 128, 849, 127, 849, 850, 127, 127, 850, 851, 850, 852, 851, 852, 853, 851, 851, 853, 56, 853, 854, 56, 56, 854, 50, 127, 851, 56, 849, 848, 855, 848, 847, 855, 849, 855, 850, 855, 852, 850, 854, 853, 856, 853, 852, 856, 856, 857, 854, 854, 857, 50, 857, 858, 50, 50, 858, 12, 858, 859, 12, 12, 859, 11, 859, 858, 860, 858, 857, 860, 857, 856, 860, 860, 856, 861, 861, 856, 862, 862, 856, 863, 856, 852, 863, 863, 852, 864, 864, 852, 865, 852, 855, 865, 865, 855, 866, 866, 855, 867, 855, 847, 867, 867, 847, 868, 868, 847, 869, 847, 844, 869, 869, 844, 870, 844, 871, 870, 870, 871, 872, 871, 838, 872, 838, 834, 872, 834, 833, 872, 833, 832, 872, 872, 832, 873, 832, 831, 873, 873, 831, 874, 831, 828, 874, 844, 839, 871, 839, 838, 871, 874, 875, 873, 873, 875, 872, 872, 875, 870, 870, 875, 869, 869, 875, 868, 875, 876, 868, 868, 876, 867, 867, 876, 866, 876, 877, 866, 866, 877, 865, 865, 877, 864, 877, 878, 864, 864, 878, 863, 863, 878, 862, 878, 879, 862, 862, 879, 861, 879, 880, 861, 861, 880, 860, 880, 881, 860, 881, 882, 860, 860, 882, 859, 859, 882, 11, 882, 883, 11, 11, 883, 9, 879, 822, 880, 880, 822, 881, 822, 814, 881, 881, 814, 884, 814, 809, 884, 884, 809, 885, 885, 809, 886, 809, 804, 886, 886, 804, 887, 804, 803, 887, 887, 803, 888, 803, 802, 888, 888, 802, 889, 802, 801, 889, 889, 801, 890, 801, 237, 890, 890, 237, 891, 237, 236, 891, 236, 238, 891, 238, 254, 891, 254, 255, 891, 891, 255, 359, 255, 256, 359, 881, 884, 882, 882, 884, 883, 884, 885, 883, 359, 358, 891, 891, 358, 890, 890, 358, 889, 358, 892, 889, 889, 892, 893, 892, 352, 893, 352, 10, 893, 10, 894, 893, 893, 894, 888, 888, 894, 887, 887, 894, 886, 886, 894, 885, 885, 894, 883, 883, 894, 9, 894, 10, 9, 352, 892, 358, 893, 888, 889, 604, 603, 895, 603, 896, 895, 895, 896, 897, 897, 896, 898, 896, 899, 898, 898, 899, 571, 571, 899, 576, 899, 896, 576, 576, 896, 603, 898, 571, 900, 571, 564, 900, 900, 564, 901, 564, 563, 901, 901, 563, 902, 563, 562, 902, 562, 560, 902, 902, 560, 903, 560, 559, 903, 559, 558, 903, 903, 558, 904, 558, 905, 904, 905, 906, 904, 906, 902, 904, 904, 902, 903, 905, 558, 907, 558, 557, 907, 557, 555, 907, 907, 555, 908, 555, 553, 908, 908, 553, 909, 553, 552, 909, 552, 662, 909, 909, 662, 910, 662, 661, 910, 910, 661, 911, 911, 661, 895, 661, 604, 895, 907, 908, 905, 908, 909, 905, 909, 910, 905, 905, 910, 912, 910, 911, 912, 912, 911, 913, 911, 897, 913, 897, 898, 913, 898, 900, 913, 900, 901, 913, 901, 902, 913, 902, 906, 913, 913, 906, 912, 906, 905, 912, 911, 895, 897, 875, 874, 914, 874, 828, 914, 914, 828, 915, 828, 829, 915, 915, 829, 916, 829, 917, 916, 916, 917, 877, 917, 918, 877, 877, 918, 878, 875, 914, 876, 914, 915, 876, 915, 916, 876, 876, 916, 877, 918, 917, 919, 919, 917, 829, 919, 920, 918, 918, 920, 878, 920, 921, 878, 878, 921, 879, 921, 922, 879, 879, 922, 821, 821, 922, 820, 922, 923, 820, 820, 923, 924, 923, 816, 924, 816, 815, 924, 924, 815, 820, 922, 921, 923, 921, 920, 923, 920, 919, 923, 923, 919, 925, 919, 819, 925, 819, 816, 925, 925, 816, 923, 879, 821, 822, 919, 926, 819, 819, 926, 826, 826, 926, 829, 926, 919, 829, 483, 484, 927, 484, 928, 927, 927, 928, 929, 928, 487, 929, 929, 487, 930, 487, 276, 930, 484, 487, 928, 483, 927, 443, 443, 927, 442, 442, 927, 270, 270, 927, 931, 927, 929, 931]
                rel material:binding = None (
                    bindMaterialAs = "weakerThanDescendants"
                )
                rel material:binding:physics = </root/Physics/PhysicsMaterial> (
                    bindMaterialAs = "weakerThanDescendants"
                )
                token physics:approximation = "convexHull"
                point3f[] points = [(0.023783643, 0.0093291765, 0.02545939), (0.022467371, 0.012352967, 0.024865707), (0.022098817, 0.009676852, 0.028868986), (0.020545619, 0.013592074, 0.02723772), (0.017992053, 0.015301411, 0.029186709), (0.019492602, 0.015896004, 0.025691781), (0.02138803, 0.014632385, 0.023510402), (0.023809966, 0.0114606265, 0.021815592), (0.018571211, 0.013170869, 0.030881518), (0.018544888, 0.011113855, 0.032659844), (0.021203754, 0.008164504, 0.031199235), (0.015413072, 0.015128026, 0.032257702), (0.0150971655, 0.017060673, 0.030394042), (0.017045246, 0.017408349, 0.027195962), (0.01599223, 0.019117685, 0.024865711), (0.018334283, 0.017680684, 0.023785459), (0.017282175, 0.018994233, 0.021624962), (0.019176695, 0.017581737, 0.020206114), (0.017756032, 0.018869868, 0.018723723), (0.019887483, 0.016912708, 0.01774968), (0.020256039, 0.016391648, 0.021900924), (0.021361707, 0.015474797, 0.019211194), (0.02265165, 0.013715534, 0.020693587), (0.023072857, 0.012848612, 0.017686136), (0.024231175, 0.010568286, 0.018660175), (0.024204848, 0.0097758025, 0.015525638), (0.02294123, 0.012030709, 0.014720442), (0.014412708, 0.018919794, 0.02821267), (0.025257867, 0.007223145, 0.01603399), (0.025310514, 0.00791759, 0.019211194), (0.024862986, 0.008586619, 0.022430155), (0.025336843, 0.0051915497, 0.025480267), (0.026152927, 0.00521606, 0.022514576), (0.026337208, 0.0048938016, 0.019295616), (0.026126605, 0.004373648, 0.016161075), (0.025547443, 0.0037545478, 0.013280716), (0.024599731, 0.0064306604, 0.013090083), (0.023599366, 0.008834442, 0.012581732), (0.022309419, 0.011039423, 0.0118827475), (0.021177428, 0.013987867, 0.013640193), (0.021572309, 0.01475675, 0.016415253), (0.01962423, 0.016540522, 0.015080831), (0.017308502, 0.018299786, 0.014254758), (0.018018378, 0.018523097, 0.016880943), (0.01565, 0.020034539, 0.016753856), (0.016413435, 0.01971228, 0.01927474), (0.014123126, 0.021323575, 0.019634219), (0.015018189, 0.020431235, 0.022303067), (0.012675229, 0.02184373, 0.023108263), (0.013570292, 0.02050567, 0.02571357), (0.011674864, 0.020084463, 0.029207585), (0.019018745, 0.015896006, 0.012348435), (0.010937752, 0.02152147, 0.026835578), (0.010095338, 0.022909451, 0.024442688), (0.009068648, 0.023800885, 0.021879138), (0.0071468935, 0.023454117, 0.025797991), (0.007962982, 0.022215005, 0.02821267), (0.011727514, 0.022710651, 0.020481167), (0.013254388, 0.02176929, 0.016923608), (0.014833913, 0.019935593, 0.014085004), (0.013965174, 0.019464457, 0.011395275), (0.016545063, 0.017705195, 0.0116067855), (0.015544699, 0.016738418, 0.009023265), (0.018307958, 0.014979156, 0.009700462), (0.012306673, 0.021744784, 0.014232972), (0.0128595065, 0.01847317, 0.00887439), (0.014491682, 0.015351342, 0.006608591), (0.011780165, 0.017160533, 0.006417959), (0.010174315, 0.020455746, 0.008980601), (0.011279982, 0.02124914, 0.011585908), (0.0097004585, 0.023429606, 0.015165254), (0.008621117, 0.02308284, 0.012411981), (0.007462799, 0.022240426, 0.009658706), (0.0062781544, 0.020876952, 0.006968977), (0.004724956, 0.023280734, 0.010611868), (0.005856949, 0.024123147, 0.0135557735), (0.009068648, 0.0191422, 0.0065023815), (0.010516547, 0.01550022, 0.004130371), (0.007778703, 0.017382938, 0.004193916), (0.0049882103, 0.01889438, 0.0045543015), (0.0022512756, 0.019811228, 0.005147077), (0.003540313, 0.01634263, 0.0024991047), (0.0062781544, 0.015103521, 0.0022240493), (0.003540313, 0.02189275, 0.007730598), (0.0020933233, 0.023925254, 0.01145882), (0.0009086801, 0.022363884, 0.008599336), (-0.00035493946, 0.020282364, 0.0059522716), (-0.0017765114, 0.017507302, 0.0037917728), (-0.002829528, 0.020703567, 0.0068418887), (-0.0015922335, 0.02276058, 0.009446288), (0.00080337847, 0.017036168, 0.0030501226), (0.00188272, 0.013170874, 0.0008896235), (-0.0008814475, 0.013740047, 0.0013770973), (-0.0035403138, 0.0144099835, 0.0022031702), (-0.006014902, 0.015673602, 0.0033251771), (-0.0055410443, 0.011906346, 0.0013770971), (-0.0026715752, 0.010444832, 0.00067811215), (-0.0042510997, 0.018126402, 0.004723147), (-0.005172489, 0.02119921, 0.007879472), (-0.003987846, 0.023008402, 0.01039945), (-0.00051289186, 0.024148565, 0.012305771), (0.0004084973, 0.02489112, 0.015335008), (0.003171757, 0.024767663, 0.014529811), (0.004119472, 0.025138943, 0.01755905), (0.006936291, 0.02454435, 0.016436135), (0.007989307, 0.024346458, 0.019232076), (0.010700824, 0.023256222, 0.017834105), (-0.0066730375, 0.018944304, 0.006036694), (0.0050935117, 0.025039997, 0.02046029), (0.0012509103, 0.025362255, 0.018385123), (-0.002381996, 0.024965558, 0.016012205), (-0.0031191073, 0.024247512, 0.013131843), (-0.0058042984, 0.024197582, 0.014042339), (-0.0062781563, 0.02308284, 0.01156503), (-0.0071995454, 0.021670345, 0.009298321), (-0.008910696, 0.021769293, 0.010505659), (-0.008884371, 0.019836646, 0.007857686), (-0.0053830924, 0.024916539, 0.016732976), (-0.008594791, 0.02427202, 0.017452842), (-0.008779069, 0.023652919, 0.014847533), (-0.008779069, 0.022859527, 0.012411981), (-0.0049355603, 0.025114434, 0.01950713), (-0.0017238606, 0.025263308, 0.0189779), (-0.0010394, 0.025089923, 0.021921802), (0.0021196487, 0.02521338, 0.021370789), (0.0031191062, 0.02474315, 0.024188511), (0.0061728535, 0.024420895, 0.023192685), (0.0039878446, 0.023751866, 0.026772033), (-0.00027596325, 0.024668714, 0.024696864), (-0.0043827267, 0.02489112, 0.022323946), (-0.008226236, 0.024321947, 0.020206114), (-0.0116485385, 0.022958472, 0.0180674), (-0.011622213, 0.02246283, 0.015271463), (-0.011279982, 0.021694858, 0.012602611), (-0.010411244, 0.020753495, 0.010124394), (-0.010779801, 0.018101892, 0.007286697), (-0.008515815, 0.01698624, 0.0050408673), (-0.010700824, 0.015103521, 0.0046813893), (-0.00825256, 0.0136410985, 0.0027324015), (-0.010595522, 0.011510557, 0.0027115224), (-0.007962982, 0.009775805, 0.0012708873), (-0.012885833, 0.009354597, 0.00252089), (-0.012964808, 0.013096435, 0.0046387236), (-0.015254212, 0.010989496, 0.0044480907), (-0.015096258, 0.014483512, 0.0070325206), (-0.012912158, 0.016391648, 0.0070742774), (-0.014675052, 0.017581739, 0.009806673), (-0.012490951, 0.019216636, 0.0098910965), (-0.013569386, 0.020207925, 0.0126661565), (-0.01686006, 0.01569811, 0.009785794), (-0.015859693, 0.018523099, 0.012729701), (-0.018176332, 0.016565032, 0.012729701), (-0.016596807, 0.019117687, 0.01573715), (-0.014095892, 0.020852441, 0.015589182), (-0.014385473, 0.021273648, 0.018533088), (-0.016939037, 0.019341001, 0.018766386), (-0.018966094, 0.017060675, 0.015758028), (-0.021203753, 0.014706821, 0.015589181), (-0.020308688, 0.014261108, 0.01262349), (-0.018939769, 0.013517641, 0.009658705), (-0.017228616, 0.0123529695, 0.0069263102), (-0.017070664, 0.0084123295, 0.0043845465), (-0.019071396, 0.009800314, 0.006820101), (-0.021572309, 0.014682312, 0.018639296), (-0.023415085, 0.011980781, 0.018406), (-0.023257133, 0.011807396, 0.02151966), (-0.02151966, 0.014459001, 0.021731168), (-0.021177426, 0.014062302, 0.024887497), (-0.022809602, 0.011436115, 0.02461153), (-0.020335015, 0.013368764, 0.027873162), (-0.02065092, 0.010147079, 0.030648218), (-0.01915037, 0.012600788, 0.03075443), (-0.017649822, 0.011708447, 0.033485916), (-0.015886022, 0.0106926495, 0.035879716), (-0.013937941, 0.009576997, 0.037976664), (-0.012043418, 0.008214429, 0.039861202), (-0.010332268, 0.006356219, 0.04117475), (-0.01175384, 0.004744923, 0.040984113), (-0.019413626, 0.017160531, 0.018808143), (-0.019439949, 0.016912708, 0.021815594), (-0.010542871, 0.00999911, 0.039670568), (-0.008989672, 0.0042992067, 0.042043485), (-0.008779069, 0.008090972, 0.041111205), (-0.010516546, 0.0009785752, 0.041852854), (-0.008094608, 0.002267612, 0.04263626), (-0.0074891243, 0.00018608979, 0.04276335), (-0.0071995454, -0.0018954322, 0.04265714), (-0.0070942435, -0.0039025175, 0.042191453), (-0.006936291, -0.0057371254, 0.041725766), (-0.0039351946, -0.00472042, 0.04200082), (-0.0037772423, -0.006058477, 0.04189461), (-0.0038562184, -0.002912138, 0.04265714), (-0.0009604237, -0.0028622102, 0.042402964), (0.0015668153, -0.0010530193, 0.042339418), (0.0038825427, -0.001300841, 0.04058197), (0.0031980826, 0.00028503718, 0.041195627), (0.004382726, 0.0010530128, 0.040687274), (0.0048039327, -0.00008714929, 0.03998829), (0.0056726704, 0.0016975311, 0.04072994), (0.0061728535, 0.0005573691, 0.04017892), (0.006778338, 0.0022676121, 0.040899694), (0.0075417743, 0.0014987291, 0.040264253), (0.008357863, 0.0032834096, 0.04017892), (0.00917395, 0.002911223, 0.03914134), (0.00985841, 0.002713329, 0.038696527), (0.008910696, 0.0002605277, 0.03886628), (0.010569197, 0.0024900169, 0.038548563), (0.0098847365, -0.0003839906, 0.03833705), (0.011569561, 0.0018209885, 0.038400594), (0.010516547, -0.00095407176, 0.038505893), (0.012622579, 0.0006072969, 0.038103756), (0.013517641, -0.0011029465, 0.03801933), (0.014123126, -0.0031599586, 0.037638064), (0.011938117, -0.004076808, 0.038230844), (0.012490951, -0.0063062985, 0.03791312), (0.014570658, -0.005439375, 0.037362102), (0.014939215, -0.007867667, 0.036896415), (0.015413072, -0.010246938, 0.035879713), (0.013464991, -0.011361683, 0.036154766), (0.015965905, -0.012377481, 0.034397315), (0.016545063, -0.014236596, 0.032638963), (0.017097896, -0.01592142, 0.030669091), (0.015176142, -0.01904325, 0.028975192), (0.017387478, -0.017333915, 0.028381506), (0.017387478, -0.018523097, 0.026009496), (0.014807588, -0.02087695, 0.02435735), (0.018834468, -0.01775512, 0.022874957), (0.019281998, -0.016713906, 0.025353177), (0.019360974, -0.015475704, 0.027767854), (0.019150373, -0.014211177, 0.03007632), (0.018597538, -0.012699737, 0.032067064), (0.018018378, -0.011089349, 0.033867173), (0.017361151, -0.009106775, 0.03518072), (0.01696627, -0.0069017974, 0.036049467), (0.016703015, -0.0045470344, 0.03636719), (0.016439764, -0.0022176905, 0.036769327), (0.018834468, -0.003803569, 0.035053637), (0.018729163, -0.0014497149, 0.03541402), (0.018887116, -0.0060094553, 0.034799464), (0.019229349, -0.008016541, 0.0341849), (0.019966459, -0.009751294, 0.032893132), (0.02065092, -0.011039421, 0.031050358), (0.021203754, -0.012254022, 0.028996069), (0.02151966, -0.013319747, 0.026687603), (0.021072127, -0.01475675, 0.024527106), (0.020335017, -0.016044876, 0.022175971), (0.021809239, -0.014484415, 0.021265479), (0.022993881, -0.012476424, 0.022832295), (0.024178524, -0.010841526, 0.020375863), (0.023836294, -0.010271446, 0.024506228), (0.023494061, -0.009330086, 0.027343925), (0.022493698, -0.008710078, 0.029758595), (0.021493332, -0.007867666, 0.031855553), (0.020545619, -0.0071741277, 0.03310465), (0.020808872, -0.0055138124, 0.033380613), (0.022441046, -0.0056871963, 0.03141075), (0.023783643, -0.0060339654, 0.029016951), (0.024862986, -0.0062318584, 0.026390765), (0.025573771, -0.0059595266, 0.023785453), (0.026047628, -0.0054393727, 0.020968638), (0.025231542, -0.008363307, 0.020905092), (0.0243628, -0.009999114, 0.01738929), (0.022888577, -0.0130719235, 0.019359158), (0.023994246, -0.009503468, 0.014445384), (0.022993881, -0.009106771, 0.011606781), (0.019992784, -0.010519265, 0.008387821), (0.021467008, -0.008387816, 0.008832629), (0.019492602, -0.0071741235, 0.0061428994), (0.017334824, -0.005836067, 0.0037491033), (0.015939578, -0.008413232, 0.003367839), (0.013464991, -0.0074963816, 0.0016948145), (0.014965539, -0.0046459767, 0.00196987), (0.012280348, -0.003581159, 0.0008896208), (0.009331903, -0.0025399437, 0.00033951082), (0.0062255044, -0.0014497092, 0.000275967), (0.0033297096, -0.00023510984, 0.0007843197), (0.0015404897, -0.0030600973, 0.0008687421), (0.00069807674, 0.0009295622, 0.0007843199), (-0.0019081385, 0.0021931815, 0.0005719014), (-0.0036456154, -0.0005827866, 0.0005510222), (-0.0045933295, 0.0037790602, 0.00038126943), (-0.0063308063, 0.0011519665, 0.0002541809), (-0.0091476245, 0.003060104, 0.00036039058), (-0.0073574972, 0.0056372704, 0.00048747912), (-0.010200641, 0.0075208973, 0.0011864643), (-0.014675052, 0.0068019414, 0.00241468), (-0.0050935126, 0.007942105, 0.0005936889), (-0.0023556703, 0.0063062985, 0.0003395123), (0.00022421948, 0.0050671897, 0.00023330277), (-0.0000127091935, 0.009478055, 0.00023330346), (0.0026978997, 0.004026882, 0.00021242382), (0.005040861, 0.0027632625, 0.0001906371), (0.00493556, 0.007520898, 0.00006354971), (0.0025136222, 0.008660152, 5.828847e-9), (0.004514353, 0.012204096, 0.0006989912), (0.0070679183, 0.010767092, 0.00082607905), (0.008937022, 0.013368769, 0.0023084718), (0.009595157, 0.009205723, 0.00095316704), (0.011622213, 0.011658523, 0.0024573463), (0.013254388, 0.013691027, 0.004341882), (0.014202102, 0.009999116, 0.0028386104), (0.015939578, 0.011931763, 0.0049564443), (0.017229525, 0.013691025, 0.0072649103), (0.019597901, 0.011782887, 0.008238948), (0.020624595, 0.013046507, 0.010866042), (0.021256404, 0.009775803, 0.009150352), (0.018176332, 0.01019701, 0.0058669387), (0.016413435, 0.008288873, 0.003558473), (0.014149451, 0.006058476, 0.0017583605), (0.011938117, 0.0076198447, 0.0012500084), (0.009489856, 0.0046459828, 0.00031772553), (0.007278521, 0.0061329133, 0.00012709356), (0.007594426, 0.0014987356, 0.00031772503), (0.010542871, 0.00038399105, 0.0006354452), (0.019992784, 0.008313383, 0.006565924), (0.018202657, 0.0064796824, 0.004405425), (0.011938117, 0.0033324359, 0.00088962197), (0.016308134, 0.0044235783, 0.0026261907), (0.019887483, 0.004522525, 0.0053585856), (0.021361707, 0.0062572774, 0.0073711183), (0.022572672, 0.00766977, 0.009870215), (0.023730993, 0.005413956, 0.010421233), (0.022677977, 0.0040268805, 0.008154525), (0.021572309, 0.0024655124, 0.0064388346), (0.020492967, 0.0006318121, 0.0054012504), (0.018439583, 0.002614387, 0.0038553139), (0.017255848, 0.00050835544, 0.0028168224), (0.014675961, 0.0020197965, 0.0016094854), (0.013491317, -0.0007062438, 0.001250007), (0.016176509, -0.001969863, 0.0023720134), (0.01846591, -0.0034813047, 0.004236578), (0.019545253, -0.0013262529, 0.0047022654), (0.022625323, -0.0011773786, 0.0074764187), (0.023257134, 0.00050835457, 0.008302491), (0.02352039, 0.0028122808, 0.008980597), (0.024705032, 0.00023511473, 0.010569199), (0.024599731, 0.0028122806, 0.01078071), (0.025863348, 0.00075526786, 0.013047418), (0.025547443, -0.0019698648, 0.012623487), (0.024310151, -0.001895427, 0.009997302), (0.021809239, -0.003110026, 0.006841885), (0.02065092, -0.005092601, 0.0065877084), (0.02265165, -0.0062318565, 0.009192107), (0.023599366, -0.0040513864, 0.009531614), (0.024862986, -0.004423573, 0.012221344), (0.026363533, -0.0019453554, 0.015419425), (0.026600461, 0.0011773816, 0.015864236), (0.026784737, -0.0019453558, 0.018321574), (0.026942693, 0.0014742226, 0.018829927), (0.026916366, 0.0015486595, 0.021837378), (0.026416184, 0.0012763273, 0.024760406), (0.024204848, 0.004968237, 0.028022034), (0.023178156, 0.004051387, 0.03037316), (0.025494795, 0.00070624583, 0.027386593), (0.02644251, -0.0024655105, 0.023912545), (0.025679074, -0.0029121353, 0.026517855), (0.024336478, 0.000086236796, 0.029758597), (0.024494428, -0.003283414, 0.029016951), (0.022783276, -0.0003839895, 0.03179201), (0.02294123, -0.003307925, 0.031389866), (0.02675841, -0.0020942313, 0.021180151), (0.026126605, -0.004968238, 0.01804561), (0.02541582, -0.007644351, 0.01785498), (0.025758047, -0.004695906, 0.015059038), (0.024941958, -0.0071487073, 0.014847528), (0.023994246, -0.0067774286, 0.011946289), (0.009226601, -0.022611702, 0.012284884), (0.010885102, -0.022389296, 0.013978789), (0.008226235, -0.023355167, 0.013682853), (0.008910696, -0.023652919, 0.016647637), (0.0061202026, -0.024445403, 0.016669424), (0.009674133, -0.02360299, 0.017897641), (0.006409782, -0.023975175, 0.013873487), (0.0070679183, -0.022736065, 0.010717162), (0.010121665, -0.021001313, 0.009509825), (0.012254022, -0.021001313, 0.0116921095), (0.012069745, -0.02233937, 0.015843354), (0.010411245, -0.023528552, 0.019359155), (0.006515084, -0.024544349, 0.01855396), (0.0037245909, -0.024668714, 0.015821565), (0.0039878446, -0.024074124, 0.012835904), (0.0044353767, -0.022810502, 0.009806666), (0.0051198374, -0.020976802, 0.0069054263), (0.007778703, -0.020902367, 0.007857679), (0.0060938774, -0.018474072, 0.0045325086), (0.008963346, -0.01859753, 0.0056345444), (0.011332634, -0.019117683, 0.0075826254), (0.013464991, -0.019489873, 0.0099764215), (0.014860239, -0.01765617, 0.008747297), (0.015228794, -0.019439945, 0.012623485), (0.013780896, -0.020976802, 0.014042332), (0.0149918655, -0.020976804, 0.016372582), (0.013096436, -0.022363883, 0.017791433), (0.011069379, -0.023231711, 0.021095723), (0.007199545, -0.024544349, 0.02029053), (0.004198448, -0.025015485, 0.020630036), (0.003803567, -0.024966463, 0.018363327), (0.0011982595, -0.025188867, 0.020714458), (0.0010139815, -0.025039993, 0.018172694), (0.0048039327, -0.024916537, 0.02274787), (0.007962982, -0.024296528, 0.022069763), (0.011648538, -0.022736067, 0.023044711), (0.013833546, -0.022165988, 0.019888386), (0.015886929, -0.020703565, 0.018723715), (0.01657139, -0.019390926, 0.015101702), (0.017992053, -0.01768068, 0.014000574), (0.016518738, -0.01770519, 0.0114161465), (0.019360974, -0.015995856, 0.013238046), (0.017861333, -0.015698107, 0.010442109), (0.018913442, -0.017581737, 0.016774727), (0.017519105, -0.019117685, 0.017643467), (0.01657139, -0.020207921, 0.021116605), (0.01438638, -0.021620415, 0.02211243), (0.012122395, -0.02211606, 0.025183422), (0.008673768, -0.023900742, 0.023997871), (0.005435742, -0.024569768, 0.02478128), (0.0015404897, -0.02513985, 0.023086468), (0.0020406726, -0.0248421, 0.025332294), (0.0059622503, -0.02392525, 0.026772026), (0.0091476245, -0.023206295, 0.025988616), (0.012438301, -0.021348083, 0.027364802), (0.01701892, -0.019415436, 0.023553062), (0.018281633, -0.018622043, 0.02029053), (0.019650554, -0.017110603, 0.019634211), (0.020150738, -0.016044876, 0.01620283), (0.021624958, -0.014360052, 0.016161073), (0.021940865, -0.014360052, 0.017982064), (0.020782547, -0.015722618, 0.01910498), (0.023151834, -0.01225402, 0.01664764), (0.020966824, -0.014087718, 0.013322469), (0.01972953, -0.013592074, 0.010569196), (0.016413435, -0.015351336, 0.007815923), (0.022625323, -0.011832813, 0.01387349), (0.021545982, -0.011386188, 0.011098429), (0.018255306, -0.012848609, 0.007815923), (0.016492413, -0.012006195, 0.005295039), (0.014544334, -0.014657799, 0.005571001), (0.0128595065, -0.01706158, 0.0062908637), (0.010253291, -0.016218258, 0.004257455), (0.01209607, -0.013864404, 0.0035793486), (0.014149451, -0.011212802, 0.0033042938), (0.018123679, -0.009429029, 0.0056554256), (0.011490585, -0.010295953, 0.001779237), (0.009200275, -0.012898536, 0.0020542913), (0.007252196, -0.015574648, 0.0028594849), (0.00304013, -0.018349707, 0.0040032775), (0.0020406726, -0.020951387, 0.0064606173), (0.0014351881, -0.022859523, 0.009340979), (0.0011192834, -0.024123143, 0.0124119725), (0.0009876563, -0.02474315, 0.015419421), (-0.002197718, -0.024916537, 0.015376756), (-0.0021713923, -0.025263308, 0.018151816), (-0.002066091, -0.025362251, 0.020735336), (-0.0018291624, -0.025238795, 0.02323534), (-0.0013289795, -0.024990974, 0.025755318), (-0.00069716974, -0.024321947, 0.028149117), (0.0026189236, -0.024197582, 0.027450131), (0.0031980826, -0.023206295, 0.02950442), (0.0063834568, -0.023058329, 0.028826315), (0.003803567, -0.021968093, 0.031516954), (0.000092592454, -0.023330659, 0.030330496), (0.0009350053, -0.021942677, 0.032342117), (-0.0018554876, -0.021620417, 0.03329528), (-0.0029085039, -0.022909451, 0.031177448), (-0.0038562184, -0.023949761, 0.028868983), (-0.0046196557, -0.02459428, 0.026327215), (-0.0053041163, -0.02506541, 0.023764573), (-0.005751648, -0.025214287, 0.021095723), (-0.005856949, -0.025164358, 0.01832157), (-0.0057253223, -0.02481759, 0.015462087), (-0.005409417, -0.024024194, 0.012432852), (-0.002066091, -0.02414856, 0.012369308), (-0.0017501862, -0.022785086, 0.009277436), (-0.0050935126, -0.022537265, 0.009382738), (-0.0011447017, -0.020703563, 0.0063544074), (-0.00009168543, -0.018126396, 0.0037282226), (-0.0031980837, -0.017730609, 0.0036011343), (-0.0015659082, -0.014458995, 0.0015459384), (-0.0061465288, -0.017011652, 0.0036011348), (-0.0043564015, -0.020431232, 0.006397073), (-0.0074364725, -0.019737693, 0.006438831), (0.0014088628, -0.014831182, 0.001779236), (0.004330075, -0.01515344, 0.0020760775), (0.0061991788, -0.01183281, 0.0010802516), (0.0033033842, -0.011039416, 0.00067810866), (0.0003821719, -0.010642721, 0.0004665977), (-0.0024872974, -0.010073547, 0.00027596558), (0.0024355536, -0.0069263, 0.0002968449), (-0.004409052, -0.013765458, 0.0013553064), (-0.0070942435, -0.0125762755, 0.0013344279), (-0.0051198383, -0.009007823, 0.00023330045), (-0.003040131, -0.005340422, 0.00023330106), (-0.0004602411, -0.0062817815, 0.00027596622), (-0.0011183763, -0.0019698627, 0.00069898885), (-0.005330441, -0.003828981, 0.0002333013), (-0.0076997285, -0.0019698625, 0.0001906363), (-0.010463894, -0.000037215286, 0.00016975786), (-0.009674133, -0.005538316, 0.0002759663), (-0.0075417752, -0.0074709635, 0.0001488779), (-0.009647808, -0.010990398, 0.0012708841), (-0.011358959, -0.013938842, 0.0033887164), (-0.012043418, -0.009007823, 0.001291763), (-0.008752744, -0.015673593, 0.0036011348), (-0.010226967, -0.018299783, 0.006248199), (-0.0084105125, -0.021744778, 0.009404524), (-0.008858046, -0.023107344, 0.012454638), (-0.009226601, -0.023925249, 0.015525633), (-0.0093319025, -0.024272017, 0.01866017), (-0.0091476245, -0.024321945, 0.021604074), (-0.008673768, -0.024148563, 0.024506222), (-0.007831355, -0.023627501, 0.027195957), (-0.0069099646, -0.022958472, 0.029758595), (-0.0058042984, -0.021942677, 0.032152396), (-0.0045933295, -0.020703567, 0.034291107), (-0.008568466, -0.020455746, 0.032872256), (-0.009779435, -0.021422524, 0.03050025), (-0.010779801, -0.022041623, 0.027809609), (-0.011674864, -0.022512758, 0.024992792), (-0.012306673, -0.022760576, 0.022048885), (-0.012490951, -0.02268614, 0.018957013), (-0.01238565, -0.022462826, 0.015779808), (-0.012043418, -0.021571396, 0.012602606), (-0.011385283, -0.02018341, 0.009382739), (-0.013990592, -0.0183252, 0.009340981), (-0.014833004, -0.019712275, 0.012687029), (-0.015280536, -0.020481162, 0.01599132), (-0.01538584, -0.020753494, 0.019211188), (-0.017992053, -0.018474076, 0.016139288), (-0.017386569, -0.01773061, 0.0127505725), (-0.015175235, -0.02085244, 0.022366606), (-0.014490775, -0.02062913, 0.025395842), (-0.013569386, -0.020207923, 0.028276207), (-0.012517277, -0.01958882, 0.0310086), (-0.011253657, -0.018622044, 0.03344415), (-0.014990957, -0.017557226, 0.03153783), (-0.0161756, -0.018176327, 0.02874189), (-0.017175965, -0.018597534, 0.025840651), (-0.017886752, -0.018746408, 0.02274787), (-0.018150007, -0.018721899, 0.019507123), (-0.020335015, -0.016268188, 0.016245496), (-0.020413993, -0.016417062, 0.019803962), (-0.02017706, -0.016417062, 0.023277102), (-0.019387301, -0.01624368, 0.02641164), (-0.01836061, -0.01589691, 0.029419998), (-0.017070664, -0.015252393, 0.032173272), (-0.020124411, -0.013294328, 0.029715935), (-0.021230077, -0.013666516, 0.026687603), (-0.02196719, -0.013914334, 0.023362432), (-0.022283096, -0.013988772, 0.019867508), (-0.022177793, -0.013765463, 0.01641525), (-0.021677611, -0.013071923, 0.012983872), (-0.01967688, -0.01552472, 0.012772361), (-0.020729898, -0.0118573215, 0.009827547), (-0.018755492, -0.01436005, 0.009404525), (-0.016465178, -0.016466081, 0.009277436), (-0.015254212, -0.014458996, 0.0061002327), (-0.012780531, -0.016392551, 0.006121111), (-0.013911614, -0.011981686, 0.0033887168), (-0.014043244, -0.0068019363, 0.0016948148), (-0.0118328165, -0.003456794, 0.00048747764), (-0.013306132, 0.001870922, 0.0009749522), (-0.011990769, 0.0049927514, 0.0009958314), (-0.01599132, 0.0036801128, 0.0022667127), (-0.01836061, 0.0053404276, 0.0043001226), (-0.020440316, 0.0067774314, 0.006693011), (-0.020808874, 0.010915965, 0.009509831), (-0.022177793, 0.0078431545, 0.009340985), (-0.022177793, 0.011559574, 0.012348434), (-0.023441412, 0.008462255, 0.012221347), (-0.024283824, 0.0088090245, 0.015207917), (-0.02438913, 0.005488393, 0.012348434), (-0.02323081, 0.0048447833, 0.0094889505), (-0.023020204, 0.011832815, 0.015355884), (-0.024599731, 0.00890797, 0.01827891), (-0.02567907, 0.0059350166, 0.018151822), (-0.025205214, 0.005860579, 0.01518613), (-0.025336843, 0.002713333, 0.01258173), (-0.02454708, 0.008858951, 0.021307241), (-0.025494795, 0.0057616318, 0.021116607), (-0.026337205, 0.0027632597, 0.017791435), (-0.026073951, 0.002911227, 0.015122586), (-0.024125874, 0.008611129, 0.024357356), (-0.02201984, 0.010890544, 0.027725194), (-0.023309786, 0.008214432, 0.027386593), (-0.022098815, 0.0076443497, 0.030351378), (-0.020571943, 0.0069508115, 0.03308377), (-0.019124044, 0.009379102, 0.033380613), (-0.017360244, 0.008486762, 0.035837043), (-0.01880814, 0.0060829804, 0.035498448), (-0.016912712, 0.0052405675, 0.037531856), (-0.017992053, 0.0028122761, 0.037002623), (-0.014885656, 0.004398154, 0.039289303), (-0.013516735, 0.006430656, 0.039670568), (-0.015412163, 0.007595329, 0.037976664), (-0.02007176, 0.0034567951, 0.03477858), (-0.021730263, 0.004150334, 0.03234212), (-0.023178158, 0.0047204155, 0.02967418), (-0.0243628, 0.0052160593, 0.026899116), (-0.025205214, 0.005562829, 0.024018753), (-0.026179252, 0.0021677602, 0.02331977), (-0.026495162, 0.0024410002, 0.020481165), (-0.026758416, -0.0010039955, 0.016796516), (-0.026442511, -0.00063180854, 0.014572475), (-0.025705395, -0.00033496664, 0.0124328565), (-0.025626423, -0.004125824, 0.01289945), (-0.026337205, -0.004770343, 0.0154194245), (-0.026547812, -0.0050426754, 0.018215364), (-0.026942693, -0.0012763278, 0.01935916), (-0.02678474, -0.0014497129, 0.02221864), (-0.02538949, 0.0018954278, 0.026157467), (-0.024283824, 0.0015486584, 0.028953405), (-0.022756953, 0.0011519614, 0.031601377), (-0.020993149, 0.0007552644, 0.034206685), (-0.01880814, 0.00043391256, 0.03662136), (-0.015754392, 0.0022921225, 0.03899337), (-0.01349041, 0.0039025107, 0.040137164), (-0.010674499, 0.0028122754, 0.041725766), (-0.013069201, 0.0021187374, 0.04070906), (-0.013358781, 0.00030954706, 0.040750816), (-0.010463894, -0.0009785821, 0.042043485), (-0.013674686, -0.0016975377, 0.040602848), (-0.016149273, 0.0002106003, 0.038780954), (-0.019492602, -0.0022431079, 0.035943255), (-0.01686006, -0.0020443064, 0.038400594), (-0.013806312, -0.0037291322, 0.04017892), (-0.01049022, -0.002985667, 0.041810192), (-0.010358593, -0.004919222, 0.041365378), (-0.01349041, -0.005761635, 0.039946534), (-0.012754206, -0.007867667, 0.03964969), (-0.009937387, -0.0068763797, 0.04104766), (-0.009252927, -0.008957902, 0.040920567), (-0.011806491, -0.009999117, 0.03931109), (-0.008226236, -0.010940477, 0.04026425), (-0.010727149, -0.012105148, 0.038717404), (-0.009384553, -0.014037794, 0.037849575), (-0.013227155, -0.013195382, 0.03687553), (-0.011780165, -0.0153758535, 0.036197424), (-0.015464814, -0.014335544, 0.034735914), (-0.013595711, -0.016516013, 0.034016054), (-0.009779435, -0.017432865, 0.035561986), (-0.007805029, -0.015945932, 0.03717147), (-0.0057253223, -0.017730614, 0.03666311), (-0.00727852, -0.019291073, 0.03499009), (-0.018597538, -0.012675228, 0.03251187), (-0.006594061, -0.007595335, 0.041662224), (-0.014359147, -0.011014913, 0.03742564), (-0.016728433, -0.011956273, 0.03515984), (-0.020098088, -0.0102215195, 0.032596298), (-0.017913075, -0.009577909, 0.035371356), (-0.01538584, -0.008760007, 0.037722487), (-0.016280903, -0.00655412, 0.03801933), (-0.016912712, -0.0043736505, 0.038103756), (-0.019571578, -0.004943731, 0.03575262), (-0.021703934, -0.00221769, 0.0335077), (-0.02352039, -0.0020443052, 0.030881517), (-0.025020938, -0.0018209928, 0.028106455), (-0.026100276, -0.0016230979, 0.025205212), (-0.026547812, -0.0050181667, 0.021201937), (-0.025442142, -0.008264361, 0.01728308), (-0.024994612, -0.0077687153, 0.014212089), (-0.0243628, -0.0068763746, 0.011352605), (-0.023204485, -0.005463881, 0.008769086), (-0.02254635, -0.009330084, 0.010462988), (-0.023441412, -0.010469339, 0.013471346), (-0.023862619, -0.011064837, 0.016732972), (-0.02396792, -0.011311753, 0.020036355), (-0.025521118, -0.008363307, 0.020439407), (-0.02362569, -0.011262733, 0.02329889), (-0.022862254, -0.010990402, 0.026475187), (-0.021703934, -0.010668143, 0.029610628), (-0.023020204, -0.008065559, 0.02967418), (-0.021256404, -0.007818646, 0.032723386), (-0.018966094, -0.0073475116, 0.035625536), (-0.021730263, -0.0051670424, 0.03308377), (-0.02362569, -0.0051915525, 0.03028783), (-0.024336476, -0.008189925, 0.026602276), (-0.025047261, -0.005117114, 0.027301263), (-0.026073951, -0.005042676, 0.02427293), (-0.025178887, -0.008313381, 0.0235104), (0.005514718, -0.006505101, 0.03977678), (0.005883274, -0.008189927, 0.039501723), (0.004593329, -0.009131285, 0.040030953), (0.0053304406, -0.010841529, 0.03907779), (0.003935194, -0.010618216, 0.039840322), (0.0028032013, -0.013146362, 0.039014246), (0.004567004, -0.013418695, 0.038273506), (0.006725687, -0.010742581, 0.038505893), (0.006804663, -0.008090979, 0.038675647), (0.0063834568, -0.006158332, 0.03899337), (0.007673402, -0.007966614, 0.038315263), (0.0073574972, -0.005860582, 0.038675647), (0.008673768, -0.005389448, 0.03833705), (0.007199545, -0.004224776, 0.038485017), (0.0059885755, -0.0046714, 0.039035123), (0.004724956, -0.0056871967, 0.03977678), (0.00304013, -0.0070497636, 0.040475763), (0.0040668207, -0.007694282, 0.04049664), (0.002461879, -0.010073554, 0.040581968), (0.001224585, -0.012550864, 0.039819445), (0.0011982595, -0.009131285, 0.040496636), (0.002277601, -0.0060838945, 0.040814362), (0.00401417, -0.004794857, 0.039840322), (0.0051461626, -0.0039769537, 0.038485017), (0.0070152665, -0.0029121372, 0.038061086), (0.008384188, -0.0035811649, 0.038400594), (0.010147991, -0.0048447843, 0.038315263), (0.008910696, -0.007644355, 0.038082875), (0.009489856, -0.01022152, 0.037638064), (0.008015632, -0.0105437795, 0.03789224), (0.007962982, -0.013269818, 0.036980834), (0.0062781544, -0.013467715, 0.03761628), (0.0056726704, -0.01604488, 0.03649427), (0.0036192893, -0.015921421, 0.037214134), (0.0016194661, -0.015549237, 0.037955787), (-0.00027596325, -0.014954645, 0.038802736), (-0.0019081385, -0.013864409, 0.039352845), (-0.000196987, -0.011559577, 0.040242463), (-0.003356036, -0.012576283, 0.040030953), (-0.0014342812, -0.010444832, 0.040709056), (0.00046114813, -0.00836331, 0.040836148), (0.0016457912, -0.0045724525, 0.04115387), (-0.00032861406, -0.00685187, 0.041662224), (-0.0025662736, -0.0091812145, 0.041408043), (-0.004672306, -0.01113837, 0.040772602), (-0.0055410443, -0.014360054, 0.038675647), (-0.0039351946, -0.015921421, 0.038061082), (-0.0019081385, -0.017086094, 0.03742564), (0.0003295211, -0.017755123, 0.036599573), (0.0026189236, -0.01815182, 0.035795283), (-0.0009340983, -0.005265991, 0.04170398), (0.0017510931, -0.020158904, 0.03414314), (-0.0007761461, -0.019836646, 0.035074513), (-0.0033297106, -0.019117689, 0.03609122), (-0.0069626165, -0.012724249, 0.039438173), (-0.005830624, -0.009478056, 0.041386258), (-0.003382361, -0.007595335, 0.041725766), (-0.001223678, -0.004101319, 0.04149247), (0.001224585, -0.0033823638, 0.040984113), (0.0014615136, -0.0024655133, 0.041810192), (0.0033033842, -0.0025399504, 0.04011538), (0.004514353, -0.0010784365, 0.038823616), (0.003487662, -0.0036801128, 0.039924745), (0.0046459795, -0.0026388974, 0.038315263), (0.0063834568, -0.0004094085, 0.03956527), (0.00819991, 0.0008297009, 0.039352845), (0.0075417743, -0.00033497097, 0.039098673), (0.009384554, -0.00011165891, 0.03846323), (0.008094608, -0.0013008405, 0.038612105), (0.008515815, -0.0020443064, 0.03846323), (0.006699362, -0.0015241527, 0.03801933), (0.009595157, -0.0019208493, 0.03837881), (0.009568831, -0.003134541, 0.038315263), (0.011227331, -0.002217691, 0.038485017), (0.010621848, -0.0070996913, 0.037997544), (0.011174681, -0.009676858, 0.037531853), (0.011595888, -0.0123529695, 0.036451604), (0.009726783, -0.012898543, 0.036557812), (0.007726053, -0.015945932, 0.03590059), (0.004961885, -0.018299786, 0.035032757), (0.004382726, -0.020332288, 0.033422366), (0.012964808, -0.008809026, 0.037214134), (0.006725687, -0.02176929, 0.030817972), (0.0070415917, -0.020158902, 0.032702506), (0.0073574972, -0.01815182, 0.034311987), (0.009779435, -0.015500217, 0.03528693), (0.011885466, -0.0148057705, 0.03499009), (0.01393885, -0.013715536, 0.034735914), (0.012175047, -0.017011655, 0.033358824), (0.014439031, -0.015797056, 0.0330411), (0.00975311, -0.017705195, 0.033719208), (0.009726783, -0.019638749, 0.032046188), (0.009647808, -0.02119921, 0.030118981), (0.009463529, -0.022363883, 0.028085573), (0.012517277, -0.02025785, 0.02950442), (0.012411975, -0.018845355, 0.03155871), (0.014912889, -0.017606247, 0.031113902), (0.015123493, -0.020108975, 0.026687603), (0.0024872967, 0.0014987288, 0.04132272), (0.003566638, 0.0023420495, 0.041301835), (0.005172488, 0.0032834096, 0.041026782), (0.006857314, 0.0036301785, 0.041026782), (0.0014878388, 0.000508349, 0.042530052), (-0.0008814475, -0.0010285098, 0.043208156), (-0.0013289795, 0.0011274497, 0.043356124), (-0.0040931473, -0.0005827936, 0.043250825), (-0.0047776075, 0.0016721132, 0.043060195), (0.00046114813, 0.002292122, 0.042275872), (-0.002408321, 0.003456794, 0.04282689), (-0.000907773, 0.0048692883, 0.041958157), (0.00022421948, 0.005836065, 0.041662224), (0.001303561, 0.003332429, 0.041556012), (0.0024872967, 0.0042992067, 0.041598674), (0.004409051, 0.0053649317, 0.04123829), (0.006488758, 0.0059595224, 0.040899694), (0.00825256, 0.005885085, 0.040137164), (0.009621482, 0.0056871916, 0.03922576), (0.010779801, 0.0054139514, 0.038739193), (0.01209607, 0.0048937984, 0.03833705), (0.013570292, 0.0038280739, 0.037786033), (0.014912889, 0.0021187381, 0.037383888), (0.015860604, 0.000012706149, 0.037023503), (0.018097356, 0.0010285036, 0.035795286), (0.016992597, 0.0035312322, 0.03636719), (0.01536042, 0.0056871916, 0.036917295), (0.013464991, 0.007148705, 0.037638064), (0.011569561, 0.007942098, 0.038294386), (0.00980576, 0.008338793, 0.03899337), (0.007936656, 0.008462251, 0.039840322), (0.009779435, 0.0108905425, 0.038421478), (0.012017094, 0.010345879, 0.037489194), (0.0058306237, 0.008264356, 0.04036955), (0.0036456143, 0.0077187847, 0.040877905), (0.0051461626, 0.010741668, 0.039776783), (0.007462799, 0.010964979, 0.039184008), (0.009674133, 0.013269814, 0.03734123), (0.0017247676, 0.0068763727, 0.041513346), (-0.000907773, 0.008486761, 0.041259166), (-0.002408321, 0.007198632, 0.041746642), (-0.0039088693, 0.0055882432, 0.042275872), (-0.0039088693, 0.009552485, 0.040984113), (0.0028821775, 0.010246932, 0.04028513), (0.0044353767, 0.013245305, 0.03880274), (0.0070415917, 0.0134432, 0.038230848), (-0.0059096003, 0.0038280727, 0.042720683), (-0.005514719, 0.00784315, 0.041683104), (-0.0071732188, 0.0059840316, 0.04208524), (-0.0071732188, 0.00999911, 0.040602848), (-0.008858046, 0.011956267, 0.039098676), (-0.010648173, 0.013566656, 0.03719326), (-0.0070152665, 0.013914333, 0.038378812), (-0.012359324, 0.011535061, 0.03774337), (-0.0141485445, 0.012724244, 0.035541113), (-0.015886022, 0.013888916, 0.03323174), (-0.017307594, 0.014855694, 0.030605556), (-0.018307958, 0.01564818, 0.027704315), (-0.019071396, 0.016391646, 0.024802167), (-0.016939037, 0.019142197, 0.02173117), (-0.01670211, 0.01867197, 0.024590654), (-0.016096625, 0.017878577, 0.027386595), (-0.013990592, 0.020802513, 0.024272934), (-0.014280171, 0.021273648, 0.021456115), (-0.011385283, 0.023032911, 0.020905098), (-0.010964078, 0.022636214, 0.023680158), (-0.0077787037, 0.024074126, 0.022981174), (-0.010516546, 0.022165988, 0.026411645), (-0.007252196, 0.023652917, 0.025670905), (-0.0038035673, 0.024395475, 0.025035463), (-0.0065414095, 0.022835014, 0.02819088), (-0.0031454326, 0.023528552, 0.027577229), (0.0004348227, 0.02390074, 0.027301265), (0.0010666325, 0.02266163, 0.029631514), (0.004698631, 0.02266163, 0.029229375), (0.0016194661, 0.021323575, 0.031876437), (0.0052514644, 0.021223718, 0.03141075), (0.008621117, 0.020728074, 0.030414926), (-0.0024872974, 0.022413809, 0.030012779), (0.0056726704, 0.019613331, 0.033401497), (0.009068648, 0.019216632, 0.032491), (0.012227697, 0.018448658, 0.03141075), (0.012411975, 0.016639467, 0.03333795), (0.009305577, 0.017481878, 0.034354653), (0.0060938774, 0.017804138, 0.035244275), (0.0029874793, 0.01777963, 0.035773505), (0.0022512756, 0.019663258, 0.03388897), (-0.0009340983, 0.019390017, 0.034397323), (-0.0017765114, 0.020951388, 0.032236822), (-0.0049355603, 0.02028236, 0.032850478), (-0.0058042984, 0.021670341, 0.0305638), (-0.008937022, 0.02028236, 0.031220118), (-0.009832085, 0.021422522, 0.02893253), (-0.012780531, 0.019291071, 0.029547093), (-0.013516735, 0.0201589, 0.026983542), (-0.015227886, 0.017036164, 0.030118989), (-0.0139642665, 0.016094804, 0.032681633), (-0.01238565, 0.014904712, 0.035010975), (-0.011674864, 0.018225346, 0.031919103), (-0.007884005, 0.01901874, 0.03354946), (-0.0039088693, 0.01862204, 0.034883887), (0.000039941617, 0.017408347, 0.03621831), (0.0037509159, 0.015673595, 0.03751098), (0.0065677348, 0.015698107, 0.036832873), (0.009489856, 0.0154747935, 0.035964135), (0.012411975, 0.014706817, 0.034947433), (0.015334096, 0.013219887, 0.03393073), (0.012280348, 0.012600786, 0.036388066), (0.015044515, 0.01131175, 0.035455782), (0.014412708, 0.009304664, 0.03672666), (0.016834643, 0.007470964, 0.035837043), (0.01870284, 0.0049183085, 0.03492655), (0.02007176, 0.0019943737, 0.034206685), (0.020835197, -0.00085512357, 0.03365567), (0.020940498, -0.0033578523, 0.033401493), (0.021782912, 0.003011079, 0.032405663), (0.020177063, 0.006405239, 0.033231735), (0.017913986, 0.009255646, 0.03437553), (-0.024784008, -0.003184464, 0.010590076), (-0.024494428, 0.00018609509, 0.0100399675), (-0.023757316, -0.0014996378, 0.0085993325), (-0.02254635, 0.00090414344, 0.0073284516), (-0.0242575, 0.0021432524, 0.010060846), (-0.021545984, 0.0037046215, 0.0067783426), (-0.019466277, 0.0021187435, 0.0043636668), (-0.017123315, 0.00033406328, 0.0023302564), (-0.014464449, -0.0015731666, 0.0010167091), (-0.016096625, -0.0047204136, 0.0021813808), (-0.018044706, -0.007595329, 0.0042783343), (-0.018386934, -0.002713329, 0.003219873), (-0.016070297, -0.009825727, 0.0038126474), (-0.017623497, -0.012427403, 0.0063752877), (-0.019597903, -0.010073548, 0.0069263075), (-0.021467008, -0.007744205, 0.0076035056), (-0.021888215, -0.0034077754, 0.006502378), (-0.02001911, -0.00546388, 0.0050199847), (-0.020624595, -0.0007806817, 0.0049991067), (-0.010332268, 0.017060673, 0.0341849), (-0.008752744, 0.015599159, 0.036408946), (-0.0065414095, 0.017333912, 0.03558287), (-0.0049882117, 0.015599159, 0.037595402), (-0.0026452497, 0.01681285, 0.03689642), (-0.0034613376, 0.013418688, 0.039184008), (-0.0013289795, 0.014583361, 0.038569447), (0.0010929578, 0.0152769005, 0.03797667), (0.0020406726, 0.012798681, 0.039331973), (-0.00014433618, 0.012129651, 0.03992475), (0.0008560292, 0.009527976, 0.040877905), (-0.0021450669, 0.011089345, 0.040581975), (-0.005409417, 0.01183281, 0.03988299), (0.008568466, -0.009156697, 0.00084786233), (0.0055410434, -0.007917588, 0.00046659817), (0.0076997285, -0.0052904943, 0.00036038918), (0.0045406776, -0.0041013123, 0.0005083563), (0.010700824, -0.0064551663, 0.0007207747)]
                color3f[] primvars:displayColor = [(0.8, 0.8, 0.8)]
                float[] primvars:displayOpacity = [1] (
                    interpolation = "constant"
                )
                float3[] primvars:normals = [(0.8711002, 0.3767614, 0.31501657), (0.8179735, 0.4892005, 0.3026587), (0.7985383, 0.39357987, 0.45544642), (0.74138564, 0.528423, 0.41366228), (0.64872384, 0.6040479, 0.46290764), (0.6905889, 0.6513288, 0.31441668), (0.7689673, 0.59685755, 0.22902027), (0.8893533, 0.43892738, 0.12803696), (0.67740536, 0.5246997, 0.5155697), (0.6598027, 0.43395552, 0.6134681), (0.76120174, 0.31833696, 0.5650075), (0.5595836, 0.57923585, 0.59274954), (0.55136025, 0.67061436, 0.4962644), (0.60354555, 0.7153377, 0.35217148), (0.57130516, 0.78025883, 0.2545714), (0.63183963, 0.7404123, 0.22927783), (0.5972585, 0.79271686, 0.121993564), (0.67539835, 0.73528683, 0.056481984), (0.59646255, 0.80258685, -0.00931704), (0.71265364, 0.6948209, -0.09668823), (0.711945, 0.6884048, 0.13868389), (0.7591512, 0.65082884, -0.010543595), (0.8297387, 0.55320805, 0.074125305), (0.8601132, 0.49930128, -0.10441889), (0.9146547, 0.40151218, -0.046847638), (0.9046934, 0.37425616, -0.20362283), (0.8348042, 0.4881539, -0.2545741), (0.5218166, 0.7582899, 0.3907734), (0.93020594, 0.3179352, -0.18339616), (0.9373578, 0.34762523, -0.02273896), (0.92073506, 0.3593673, 0.15199396), (0.90447, 0.26271048, 0.33603147), (0.95173854, 0.27165225, 0.14282434), (0.96952754, 0.24281982, -0.03247751), (0.9615515, 0.21531343, -0.1704665), (0.9234045, 0.20528416, -0.32431856), (0.89390266, 0.29131868, -0.34069264), (0.8648708, 0.3382271, -0.3709463), (0.8148949, 0.41510892, -0.40451327), (0.7643826, 0.5663743, -0.30812222), (0.7835584, 0.5928424, -0.18594152), (0.6907781, 0.68474555, -0.23226944), (0.59432906, 0.7579371, -0.26889464), (0.6237724, 0.7657584, -0.15659483), (0.5575959, 0.81828636, -0.1396216), (0.5562317, 0.8310248, -0.00202607), (0.5418107, 0.8402304, 0.021312442), (0.5541073, 0.8194384, 0.14657997), (0.4976195, 0.8481016, 0.18192941), (0.5033641, 0.8134823, 0.29132682), (0.42489564, 0.7978558, 0.42765608), (0.67889214, 0.64090574, -0.35825327), (0.42111978, 0.8371245, 0.34911424), (0.38998455, 0.88532585, 0.25319982), (0.3454811, 0.9301108, 0.12464629), (0.24953656, 0.9162168, 0.31349388), (0.2986572, 0.8618129, 0.40997848), (0.46349415, 0.8841027, 0.059462138), (0.5298402, 0.8405385, -0.11298), (0.5493214, 0.79454756, -0.25872797), (0.51711416, 0.75413793, -0.4048072), (0.56916237, 0.7201489, -0.3967867), (0.51490366, 0.6700406, -0.53471464), (0.62839013, 0.6069285, -0.48658374), (0.49930108, 0.8249533, -0.26485914), (0.48556584, 0.6902108, -0.5365024), (0.4863827, 0.6048022, -0.6305919), (0.45609537, 0.6345998, -0.62390727), (0.43746075, 0.74356717, -0.50570333), (0.46356553, 0.79982966, -0.38128692), (0.38689062, 0.9023006, -0.19018252), (0.34115666, 0.88083786, -0.32823277), (0.28734335, 0.8406062, -0.4591459), (0.23183115, 0.7638335, -0.6023394), (0.14810391, 0.90270907, -0.4039574), (0.18784319, 0.9449369, -0.2679724), (0.39009112, 0.6759391, -0.62524813), (0.38328043, 0.53463674, -0.75316644), (0.30369407, 0.5862028, -0.75109005), (0.15146108, 0.6522437, -0.7427231), (-0.0099897375, 0.70482254, -0.7093133), (0.05664285, 0.5191003, -0.8528344), (0.21312015, 0.45261845, -0.8658616), (0.06370724, 0.8275914, -0.557704), (0.028197987, 0.9296161, -0.36744922), (-0.03738501, 0.84082454, -0.5400151), (-0.098254494, 0.7284895, -0.6779742), (-0.13247497, 0.5878823, -0.7980256), (-0.12309933, 0.7425167, -0.65841895), (-0.08169223, 0.8558782, -0.5106847), (-0.07942973, 0.5579224, -0.8260832), (-0.01891937, 0.33923206, -0.9405124), (-0.13072537, 0.38980088, -0.9115735), (-0.14486264, 0.43942353, -0.88652235), (-0.20156558, 0.52093774, -0.8294548), (-0.14900614, 0.32232177, -0.93482935), (-0.11165542, 0.19764769, -0.97389346), (-0.16222632, 0.62886214, -0.7604045), (-0.16803113, 0.7689054, -0.6168873), (-0.1332508, 0.87739706, -0.46088907), (-0.041463826, 0.94544184, -0.32314152), (-0.013616873, 0.98078984, -0.19459166), (0.07047548, 0.9735996, -0.2171106), (0.11599195, 0.98980254, -0.082684346), (0.24005197, 0.96227044, -0.12810363), (0.30685964, 0.95169085, 0.0110363765), (0.4247422, 0.9042613, -0.043653835), (-0.24012537, 0.65694475, -0.714677), (0.16820966, 0.98371315, 0.06335645), (0.009452542, 0.99903595, -0.042869195), (-0.048397116, 0.98500305, -0.16561012), (-0.089902386, 0.948438, -0.30394563), (-0.17264208, 0.9419994, -0.2878053), (-0.20255679, 0.88801235, -0.4128012), (-0.25964892, 0.8059362, -0.53202367), (-0.34152186, 0.80568236, -0.4839823), (-0.3528668, 0.68948776, -0.6325281), (-0.14193752, 0.9805434, -0.13560447), (-0.30968434, 0.94704974, -0.084808245), (-0.32442078, 0.9142033, -0.24286501), (-0.3202496, 0.86924, -0.37664574), (-0.13338786, 0.99079025, 0.023289535), (-0.043604318, 0.99901927, -0.0076946723), (-0.03179127, 0.9931841, 0.11213731), (0.032659225, 0.9947777, 0.0966987), (0.08991145, 0.96575886, 0.24336344), (0.2262735, 0.9531212, 0.20089883), (0.13307032, 0.9281638, 0.3475689), (-0.015101188, 0.9710735, 0.23830248), (-0.12036291, 0.9822949, 0.14356019), (-0.2942641, 0.9528657, 0.07386165), (-0.46666658, 0.8819155, -0.06668818), (-0.48018676, 0.8472842, -0.2270026), (-0.46803898, 0.8011893, -0.37287423), (-0.43528417, 0.7403792, -0.512217), (-0.41559356, 0.64199907, -0.6442975), (-0.3113707, 0.5871432, -0.7472023), (-0.38544032, 0.52256006, -0.76050425), (-0.27832574, 0.43787062, -0.85487074), (-0.32219154, 0.39389148, -0.860838), (-0.19795421, 0.24985771, -0.94783187), (-0.34380746, 0.3503658, -0.8712292), (-0.4087608, 0.49465874, -0.7669598), (-0.4673543, 0.44356677, -0.76474077), (-0.5022663, 0.5666345, -0.65318745), (-0.46463493, 0.599878, -0.65135294), (-0.52629685, 0.66934776, -0.5243903), (-0.48505095, 0.7009494, -0.5228723), (-0.53614104, 0.75757754, -0.3723293), (-0.5732346, 0.6231303, -0.5320813), (-0.5769163, 0.7259004, -0.37448123), (-0.63441825, 0.6759027, -0.3750587), (-0.605362, 0.7690049, -0.20534925), (-0.563309, 0.7975165, -0.2159868), (-0.57132864, 0.81761837, -0.07130048), (-0.6324947, 0.77334297, -0.043486644), (-0.6785214, 0.7069141, -0.19970235), (-0.76446277, 0.61522126, -0.19261248), (-0.7062329, 0.59522736, -0.38332695), (-0.63628024, 0.5578621, -0.53285784), (-0.566425, 0.5094407, -0.64779073), (-0.54842216, 0.3330832, -0.7669997), (-0.63990045, 0.3993118, -0.65656483), (-0.79166913, 0.6104978, -0.0235035), (-0.88245475, 0.46943983, -0.029999223), (-0.8789635, 0.4635345, 0.11206767), (-0.79527724, 0.5957051, 0.11255889), (-0.77195674, 0.58365303, 0.25185713), (-0.8639933, 0.44463453, 0.23625351), (-0.72693574, 0.5606241, 0.3965666), (-0.7595945, 0.41952327, 0.4970075), (-0.7088629, 0.512121, 0.48502117), (-0.6418402, 0.48540136, 0.59365535), (-0.5576236, 0.46889886, 0.6849742), (-0.50467324, 0.4321312, 0.7473738), (-0.4179253, 0.35319895, 0.8370119), (-0.32242855, 0.25648868, 0.91118246), (-0.41693494, 0.16544887, 0.8937517), (-0.7094243, 0.70396715, -0.033872075), (-0.7098774, 0.6924121, 0.1289951), (-0.34041676, 0.4454998, 0.82803774), (-0.26355278, 0.17820638, 0.9480414), (-0.23262702, 0.34291506, 0.9101066), (-0.3288523, 0.057297137, 0.9426417), (-0.21878028, 0.07993797, 0.97249424), (-0.16578911, -0.01903973, 0.9859774), (-0.1427317, -0.15121731, 0.9781416), (-0.10278319, -0.24961479, 0.96287495), (-0.11082199, -0.1582051, 0.98116744), (-0.032731798, -0.19794543, 0.9796664), (0.05480496, -0.10526795, 0.99293256), (0.006010937, -0.29352662, 0.955932), (0.24553311, -0.44932583, 0.8589644), (0.39692795, -0.16620374, 0.9026763), (0.71570903, -0.3750587, 0.58914477), (0.47100508, 0.02528216, 0.88176817), (0.3071748, -0.27901515, 0.90983194), (0.4364726, -0.51419306, 0.738307), (0.093287, -0.32035848, 0.94269186), (0.16410992, -0.45769402, 0.87383294), (0.23372805, -0.24033469, 0.9421308), (0.48546195, -0.3704997, 0.7918691), (0.61814517, -0.12792668, 0.7755846), (0.6161217, -0.169283, 0.7692447), (0.3564299, -0.11031766, 0.92778647), (0.43627092, -0.2923927, 0.8509842), (0.17795803, -0.052131567, 0.98265624), (0.0156084, 0.01776776, 0.9997203), (0.18469466, 0.0035015256, 0.98278975), (-0.0059710904, 0.042997673, 0.9990573), (0.25593957, 0.021948356, 0.9664436), (0.29861188, 0.007476316, 0.95434535), (0.33765975, -0.059591006, 0.93938017), (0.19094327, -0.07691985, 0.9785826), (0.2089197, -0.13373362, 0.96874547), (0.36419445, -0.076874614, 0.9281448), (0.37025937, -0.21971163, 0.9025713), (0.41235858, -0.36111042, 0.8363968), (0.3423032, -0.37787035, 0.8602573), (0.4590865, -0.4660724, 0.7563175), (0.53081506, -0.5273828, 0.6634024), (0.60499066, -0.5851535, 0.53998315), (0.5356363, -0.72735685, 0.42900553), (0.6589756, -0.64225143, 0.3914898), (0.6581979, -0.7086007, 0.25428414), (0.52687603, -0.82794553, 0.19211416), (0.7310029, -0.67416686, 0.10551668), (0.73482203, -0.64201903, 0.21874212), (0.7148941, -0.6055877, 0.34955668), (0.6774172, -0.5595938, 0.47745234), (0.6231644, -0.49674696, 0.6040766), (0.5561384, -0.4202284, 0.71702033), (0.5172393, -0.29445446, 0.80359197), (0.5051705, -0.1486269, 0.85012513), (0.4841365, -0.06958328, 0.87222135), (0.4477948, -0.05106268, 0.89267707), (0.58649176, -0.08256187, 0.8057363), (0.58327144, -0.03187934, 0.81165147), (0.6031659, -0.11081596, 0.78988016), (0.6277625, -0.208283, 0.75002164), (0.6818505, -0.35405746, 0.6400963), (0.7400913, -0.42492566, 0.52125144), (0.782899, -0.47582087, 0.40082866), (0.8030665, -0.52288556, 0.28578794), (0.7828164, -0.5973992, 0.1741055), (0.7601824, -0.64459777, 0.08134253), (0.7891242, -0.6105218, 0.06742384), (0.8474098, -0.513361, 0.13548814), (0.89312243, -0.449033, 0.026487889), (0.88826156, -0.41215688, 0.20277621), (0.86390823, -0.3809257, 0.32948175), (0.82122827, -0.32724342, 0.46743536), (0.7726029, -0.25763032, 0.5802684), (0.6971402, -0.19785355, 0.68909323), (0.6861554, -0.12847756, 0.71601975), (0.79417735, -0.18679012, 0.57826626), (0.859983, -0.24357124, 0.44844434), (0.9139433, -0.27719226, 0.29643244), (0.9427437, -0.29445633, 0.15661968), (0.9663711, -0.24938312, 0.062727936), (0.9400625, -0.3296306, 0.087327525), (0.90293765, -0.4113684, -0.12441738), (0.84649307, -0.53239125, -0.0030158977), (0.8856678, -0.3829693, -0.26253977), (0.8235186, -0.35290378, -0.44415757), (0.7197029, -0.37165424, -0.5864306), (0.7405203, -0.3390181, -0.5802555), (0.68614924, -0.26008406, -0.67937875), (0.6027558, -0.18062793, -0.7772123), (0.5576227, -0.25883514, -0.7887086), (0.3815019, -0.19713306, -0.90310293), (0.45049283, -0.11012263, -0.8859623), (0.259807, -0.039012536, -0.96487224), (0.11027242, -0.019055022, -0.9937187), (-0.07526871, 0.016194906, -0.99703175), (-0.073276, -0.041873235, -0.9964323), (0.0065088663, 0.058204945, -0.9982834), (0.00126024, -0.065701224, -0.99783856), (0.034160648, -0.0718132, -0.9968329), (0.085941486, 0.010172671, -0.9962483), (0.0062290775, 0.006116242, -0.999962), (0.037530057, 0.020990254, -0.999075), (-0.081021756, 0.08944901, -0.99269044), (-0.073017314, 0.10758839, -0.9915106), (-0.20286787, 0.22295856, -0.95348525), (-0.41040444, 0.26106083, -0.8737365), (-0.08384531, 0.11127509, -0.9902463), (-0.05715252, 0.032920074, -0.99782246), (-0.032688413, -0.06039189, -0.9976393), (-0.08065779, 0.114266396, -0.99017054), (-0.04658163, -0.08344911, -0.99542266), (-0.027123706, -0.09706846, -0.99490803), (0.058573525, 0.05891565, -0.99654305), (-0.0036363332, 0.06989413, -0.9975477), (0.11233661, 0.28131688, -0.95301694), (0.19211721, 0.24246241, -0.9509485), (0.29374608, 0.39888278, -0.8686805), (0.22780652, 0.23096214, -0.9459179), (0.3342916, 0.3789752, -0.8629177), (0.43803588, 0.5069151, -0.7424027), (0.43435878, 0.3340356, -0.83651215), (0.53583497, 0.43391508, -0.72429186), (0.57046735, 0.53581315, -0.62247187), (0.6967295, 0.41820544, -0.58281404), (0.74399835, 0.5174286, -0.42276955), (0.7707743, 0.35630578, -0.5281601), (0.62207556, 0.36833322, -0.6909071), (0.5451736, 0.27899823, -0.7905351), (0.38747543, 0.12717052, -0.91306657), (0.2949865, 0.18962568, -0.93649614), (0.16941434, 0.016133433, -0.98541284), (0.09067433, 0.061294284, -0.99399257), (0.03997247, -0.02455719, -0.99889904), (0.16112265, 0.0239763, -0.9866431), (0.69075954, 0.31718913, -0.64980173), (0.6105236, 0.20617634, -0.76469105), (0.2463557, 0.03028522, -0.96870625), (0.49319848, 0.12496726, -0.860894), (0.6565964, 0.1631461, -0.736386), (0.7503748, 0.24204391, -0.61510366), (0.8076417, 0.313098, -0.4996844), (0.8461447, 0.26228693, -0.46394476), (0.7783029, 0.20601715, -0.59312856), (0.7049544, 0.10902271, -0.7008233), (0.6553675, 0.007384999, -0.7552742), (0.6069671, 0.10014999, -0.78839135), (0.5312953, -0.005252592, -0.84717035), (0.3558513, 0.06066882, -0.93257123), (0.29695565, -0.011357187, -0.9548238), (0.4814224, -0.07291587, -0.8734505), (0.61073124, -0.14451018, -0.7785398), (0.6226128, -0.08327703, -0.77808625), (0.76042163, -0.057527933, -0.6468767), (0.80840075, 0.03157948, -0.5877848), (0.8236745, 0.13533294, -0.5506771), (0.87933064, 0.013815418, -0.47601134), (0.8762042, 0.15553355, -0.45615298), (0.94409406, 0.030358823, -0.3282753), (0.9299234, -0.12579152, -0.34557053), (0.86014605, -0.105635114, -0.498989), (0.7038167, -0.17728733, -0.6879034), (0.66913545, -0.25951728, -0.6963538), (0.7749024, -0.3042824, -0.55402035), (0.8261597, -0.21591958, -0.5204218), (0.89834666, -0.23593026, -0.37055376), (0.96959525, -0.11806712, -0.21434817), (0.9789788, 0.06360822, -0.1937897), (0.989978, -0.12413316, -0.06733868), (0.9954361, 0.07825798, -0.054615427), (0.99364996, 0.06879703, 0.08903193), (0.96062547, 0.072889596, 0.26811522), (0.8650727, 0.25078905, 0.43445837), (0.8140666, 0.20871884, 0.5419705), (0.91603523, 0.077204295, 0.39359757), (0.9751404, -0.13458458, 0.17603481), (0.9350925, -0.13711789, 0.32680354), (0.8468406, 0.039723165, 0.5303611), (0.86947656, -0.14204206, 0.4731116), (0.7554699, 0.018715594, 0.654916), (0.78236574, -0.10674545, 0.6136035), (0.98987365, -0.1299455, 0.05713344), (0.9710768, -0.22656451, -0.07535604), (0.94079804, -0.32346624, -0.10133413), (0.9441326, -0.22879672, -0.23720363), (0.9156664, -0.30678117, -0.25969297), (0.86523306, -0.29821053, -0.40304133), (0.36041495, -0.8785192, -0.3135366), (0.38857383, -0.88851756, -0.24402238), (0.3078972, -0.92532253, -0.22130854), (0.30605456, -0.939209, -0.15561846), (0.19486451, -0.9739204, -0.116218746), (0.3133854, -0.9408569, -0.12875481), (0.22231317, -0.95029354, -0.21798886), (0.23890105, -0.8860401, -0.39731497), (0.36227643, -0.81298643, -0.45586053), (0.42970857, -0.83760273, -0.33730143), (0.38560337, -0.89775705, -0.2129374), (0.33554074, -0.9409732, -0.04451769), (0.20457365, -0.9749424, -0.0873899), (0.08930053, -0.98517525, -0.14647546), (0.102073595, -0.9544537, -0.28035516), (0.12566556, -0.8867758, -0.4447887), (0.15285853, -0.7833113, -0.60254264), (0.27529493, -0.78658044, -0.55272394), (0.18111081, -0.6326881, -0.7529307), (0.29425046, -0.6709242, -0.68064487), (0.38648212, -0.73051363, -0.563011), (0.5000351, -0.7527652, -0.42814645), (0.56461287, -0.6607512, -0.4945907), (0.57247, -0.7485979, -0.33448344), (0.48555377, -0.8286612, -0.27849242), (0.5457413, -0.8144377, -0.19712357), (0.420013, -0.8970859, -0.13720821), (0.36519295, -0.9285658, 0.06633016), (0.23167713, -0.9723657, -0.028820481), (0.104555, -0.99445057, -0.01167176), (0.09708662, -0.9918495, -0.08251514), (0.051677033, -0.99857265, -0.0134957), (0.05093782, -0.99477506, -0.088475466), (0.13222866, -0.9884923, 0.073475584), (0.28092763, -0.9579769, 0.057965983), (0.3993865, -0.90624565, 0.13859718), (0.4693354, -0.88301456, 0.003078947), (0.610876, -0.7880956, -0.0757354), (0.62427175, -0.74352247, -0.23970631), (0.6644665, -0.693057, -0.27956435), (0.6275643, -0.6763815, -0.38557878), (0.7012236, -0.63548034, -0.32318762), (0.6672758, -0.60601103, -0.43300545), (0.72004855, -0.6794233, -0.1411178), (0.6773449, -0.72675365, -0.11416214), (0.63653004, -0.7690731, 0.057931285), (0.5026121, -0.8544395, 0.13158318), (0.42445192, -0.87973815, 0.21424595), (0.32040223, -0.9345433, 0.15482695), (0.17125209, -0.96688515, 0.18922442), (0.05576201, -0.99604994, 0.069102995), (0.08827501, -0.97845936, 0.18661395), (0.20521306, -0.9316982, 0.29970986), (0.332607, -0.90356594, 0.27007627), (0.4254364, -0.844852, 0.32439017), (0.64363104, -0.7507075, 0.14892048), (0.71242744, -0.7017139, 0.006701244), (0.75491697, -0.6557145, -0.011778181), (0.73825365, -0.65626925, -0.15585943), (0.7802268, -0.5973645, -0.1854775), (0.787508, -0.6120548, -0.072249115), (0.75542253, -0.6547533, -0.025197765), (0.86133265, -0.4825672, -0.15885498), (0.7614834, -0.55872935, -0.32857963), (0.7120442, -0.52623785, -0.46482998), (0.6170708, -0.56137764, -0.5514333), (0.8293331, -0.4715692, -0.29971513), (0.768158, -0.43477497, -0.47000432), (0.6914953, -0.44408494, -0.5697569), (0.6010959, -0.38261002, -0.70163614), (0.51080525, -0.5116784, -0.6908424), (0.45563543, -0.6103606, -0.64796305), (0.32096672, -0.5437394, -0.77545327), (0.3810817, -0.44794476, -0.8087782), (0.46281144, -0.35897133, -0.81052154), (0.66754067, -0.3050243, -0.6792273), (0.2955722, -0.29486644, -0.9086753), (0.24620871, -0.37181714, -0.89506054), (0.20969158, -0.4861166, -0.8483632), (0.06285288, -0.6202236, -0.7819029), (0.024012417, -0.7696742, -0.6379853), (0.03107954, -0.88108295, -0.47193962), (0.03838506, -0.95286125, -0.30096868), (0.052894834, -0.98641455, -0.15552661), (0.006264335, -0.98362803, -0.18010223), (0.016932072, -0.9962808, -0.08448539), (0.008553066, -0.9999464, 0.005831653), (-0.004445388, -0.9964728, 0.08380001), (-0.010384183, -0.98283744, 0.18418145), (0.032406494, -0.9422326, 0.33338797), (0.119723536, -0.9368844, 0.32850248), (0.14007613, -0.88708556, 0.43983844), (0.21963985, -0.8809653, 0.41911632), (0.16944523, -0.815898, 0.55280983), (0.08334568, -0.8869389, 0.4543048), (0.1310947, -0.79561657, 0.5914459), (0.03139321, -0.79170686, 0.61009395), (-0.058084205, -0.87501884, 0.48059165), (-0.11109459, -0.92699885, 0.35823324), (-0.13312833, -0.96085626, 0.24296485), (-0.13091916, -0.9809906, 0.14323986), (-0.14864774, -0.98837584, 0.03189002), (-0.14656438, -0.98675215, -0.06956424), (-0.14161064, -0.9704311, -0.19547367), (-0.14018336, -0.92502433, -0.35309863), (-0.020278394, -0.94265217, -0.33316013), (-0.04263447, -0.8670125, -0.4964592), (-0.13960965, -0.8477674, -0.51166344), (-0.046428565, -0.75960016, -0.6487309), (-0.008053119, -0.6191031, -0.7852685), (-0.096662, -0.60175866, -0.7928069), (-0.016685741, -0.4074504, -0.9130749), (-0.20093326, -0.5757049, -0.79258424), (-0.12454358, -0.7457125, -0.6545241), (-0.24191263, -0.7106351, -0.66066337), (0.034150664, -0.41224542, -0.9104325), (0.10072336, -0.43869355, -0.892974), (0.12661411, -0.27656436, -0.95261794), (0.053328063, -0.19991085, -0.9783618), (0.038365643, -0.18210179, -0.98253095), (-0.009570227, -0.15115844, -0.98846316), (0.015464062, 0.018112523, -0.99971634), (-0.09796993, -0.39374247, -0.91398513), (-0.17761755, -0.36452815, -0.9140959), (-0.044815168, -0.13077785, -0.99039835), (0.031860586, 0.045528922, -0.99845487), (0.035021473, 0.05889344, -0.9976498), (0.06466145, 0.038350344, -0.9971701), (0.03734777, 0.026014006, -0.9989637), (0.0076405006, -0.000009326374, -0.9999708), (-0.1162277, 0.041936666, -0.99233675), (-0.1386037, -0.08132916, -0.9870029), (-0.086967245, -0.09922365, -0.9912574), (-0.23299332, -0.32734856, -0.9157276), (-0.34211028, -0.5058518, -0.7918805), (-0.32095847, -0.2446226, -0.91495657), (-0.2828871, -0.53513056, -0.79599637), (-0.371482, -0.6516519, -0.661325), (-0.30115005, -0.8074451, -0.507288), (-0.32821304, -0.874754, -0.35648513), (-0.33888572, -0.9193529, -0.19986697), (-0.35199574, -0.9346852, -0.049623843), (-0.34913054, -0.93500775, 0.06219665), (-0.33922306, -0.9204689, 0.19407365), (-0.3047442, -0.9023383, 0.3048221), (-0.26334557, -0.87710756, 0.4016607), (-0.20526701, -0.8301111, 0.51844084), (-0.12338989, -0.76254404, 0.6350602), (-0.33547914, -0.7618223, 0.55414844), (-0.39306977, -0.81314087, 0.4292994), (-0.4381973, -0.8400142, 0.31993622), (-0.4715313, -0.852227, 0.2266441), (-0.49028563, -0.86663467, 0.09254336), (-0.50503576, -0.8624654, -0.03304867), (-0.49677005, -0.8484766, -0.18250188), (-0.47459722, -0.8042941, -0.35758716), (-0.44878635, -0.7395866, -0.5016), (-0.5071133, -0.69855046, -0.50484), (-0.5557899, -0.7540516, -0.3500053), (-0.5799454, -0.79565555, -0.17491603), (-0.5795913, -0.8142551, -0.03259742), (-0.6363275, -0.7503422, -0.17909203), (-0.6130973, -0.7121654, -0.3419536), (-0.5732067, -0.8133359, 0.099592544), (-0.541824, -0.80749285, 0.23319975), (-0.5130544, -0.7914581, 0.3322186), (-0.4744256, -0.75909114, 0.44575897), (-0.41238457, -0.70006263, 0.58296764), (-0.536642, -0.69597954, 0.4771036), (-0.5815096, -0.7334627, 0.35196456), (-0.6204446, -0.74482226, 0.24553643), (-0.64769393, -0.75326073, 0.114415154), (-0.6527458, -0.75744694, -0.014034441), (-0.7415197, -0.6512179, -0.16144252), (-0.7541227, -0.6567137, 0.005117438), (-0.74793303, -0.64805514, 0.14359942), (-0.7209264, -0.6383277, 0.2698202), (-0.6839464, -0.62273216, 0.38002914), (-0.6327512, -0.5747638, 0.51891464), (-0.7590555, -0.5006116, 0.4162004), (-0.7960762, -0.5311619, 0.29005155), (-0.8198232, -0.5509651, 0.1559723), (-0.8248518, -0.5652497, 0.010606162), (-0.823091, -0.5497149, -0.14260037), (-0.7800707, -0.5297783, -0.33290324), (-0.70254976, -0.624523, -0.34116676), (-0.74353206, -0.4661616, -0.47943026), (-0.66645956, -0.5640788, -0.48749018), (-0.55601156, -0.6622386, -0.5022861), (-0.50205743, -0.56224716, -0.6571275), (-0.448761, -0.6126194, -0.6506236), (-0.45017344, -0.42770186, -0.7838462), (-0.39106387, -0.2049166, -0.8972615), (-0.22066511, -0.08107498, -0.9719741), (-0.2812855, 0.10660482, -0.95368445), (-0.24495915, 0.16812336, -0.9548453), (-0.4496667, 0.1804405, -0.87478054), (-0.600864, 0.23162675, -0.76505655), (-0.69800407, 0.28143305, -0.6584724), (-0.71699756, 0.44305354, -0.5381616), (-0.7896114, 0.3121717, -0.5282639), (-0.803528, 0.46113294, -0.3764293), (-0.874601, 0.32054672, -0.36376208), (-0.9165784, 0.34025142, -0.21003087), (-0.8934984, 0.27344733, -0.35621208), (-0.82701707, 0.23795734, -0.509332), (-0.8615736, 0.46530315, -0.20293835), (-0.93345165, 0.35678083, -0.03709028), (-0.9639097, 0.2632421, -0.039771937), (-0.9350369, 0.2786743, -0.21919538), (-0.9129253, 0.2023275, -0.3544444), (-0.9317857, 0.35156047, 0.09044642), (-0.9595904, 0.26742148, 0.08759006), (-0.97998524, 0.19076513, -0.056899767), (-0.9598341, 0.21149054, -0.1843642), (-0.910533, 0.34715128, 0.2245341), (-0.81552714, 0.43587786, 0.3806915), (-0.88134164, 0.31569886, 0.35152686), (-0.8286124, 0.2955672, 0.4754382), (-0.7718958, 0.2790252, 0.5712458), (-0.7149337, 0.3904281, 0.5800308), (-0.645494, 0.35456276, 0.6764782), (-0.7014557, 0.24074002, 0.6708234), (-0.6372013, 0.19454469, 0.7457392), (-0.6717642, 0.12772979, 0.7296697), (-0.5492261, 0.15681525, 0.8208286), (-0.49469593, 0.252285, 0.83164185), (-0.5725426, 0.32475558, 0.752814), (-0.75298876, 0.14786066, 0.64120597), (-0.8222089, 0.17208295, 0.5425496), (-0.8659574, 0.20368606, 0.45676005), (-0.9057558, 0.22818875, 0.35712215), (-0.94186103, 0.26007336, 0.21274309), (-0.9640412, 0.16951118, 0.20467167), (-0.97892946, 0.19979918, 0.042156838), (-0.99374473, 0.019299634, -0.10999449), (-0.97518486, 0.008111724, -0.2212437), (-0.9266802, 0.043564275, -0.37331745), (-0.92857385, -0.15433094, -0.33753902), (-0.9623459, -0.17559028, -0.20750518), (-0.9774275, -0.20652075, -0.044549268), (-0.99979776, 0.016149972, -0.011981879), (-0.9887117, 0.0021111998, 0.14981551), (-0.9317922, 0.15951093, 0.32606688), (-0.8836999, 0.14338705, 0.44554964), (-0.83603406, 0.11576778, 0.53632545), (-0.7779739, 0.08595379, 0.6223893), (-0.68375444, 0.044035856, 0.7283822), (-0.5869919, 0.08732293, 0.80486965), (-0.4846829, 0.13749604, 0.86381555), (-0.3305628, 0.09316579, 0.93917423), (-0.47494692, 0.120562285, 0.8717168), (-0.48836258, 0.056984186, 0.8707783), (-0.31373018, -0.025741322, 0.9491632), (-0.4811462, -0.07044465, 0.87380546), (-0.60271215, 0.040689886, 0.79692054), (-0.7090912, -0.006177833, 0.7050897), (-0.6234632, -0.0069208345, 0.7818221), (-0.46749213, -0.15683655, 0.8699732), (-0.3010517, -0.1707446, 0.9381973), (-0.2727258, -0.22186019, 0.9361617), (-0.43784612, -0.21938081, 0.8718732), (-0.43181098, -0.28522924, 0.8556772), (-0.2758745, -0.18038933, 0.944115), (-0.25764078, -0.29286706, 0.92078775), (-0.40807652, -0.38082507, 0.82972634), (-0.2159271, -0.4491158, 0.86698925), (-0.33090943, -0.4867885, 0.80841565), (-0.26488322, -0.5228748, 0.81020916), (-0.41688484, -0.47316095, 0.77609646), (-0.36618236, -0.5422255, 0.7562421), (-0.5456671, -0.52511895, 0.6530678), (-0.46767315, -0.6372199, 0.6125623), (-0.33173302, -0.6053285, 0.7235542), (-0.23875588, -0.5073986, 0.8279748), (-0.18878196, -0.5518885, 0.81226873), (-0.26934427, -0.6817124, 0.6802367), (-0.69673353, -0.46308053, 0.54783094), (-0.13269547, -0.1394113, 0.9813034), (-0.49502254, -0.38696954, 0.7779507), (-0.6141022, -0.4100968, 0.6743137), (-0.72601146, -0.4137928, 0.54925656), (-0.6268635, -0.374142, 0.6834178), (-0.53092134, -0.33433622, 0.77867955), (-0.5522127, -0.2562623, 0.7933415), (-0.58962584, -0.14069268, 0.7953282), (-0.7068898, -0.13330746, 0.6946481), (-0.7913562, -0.011139069, 0.61125386), (-0.8531084, 0.007814296, 0.52167517), (-0.91248775, 0.004984657, 0.4090738), (-0.9600646, 0.0099960305, 0.27959988), (-0.97720504, -0.19772632, 0.07729599), (-0.9141725, -0.3911534, -0.10624415), (-0.894853, -0.36660448, -0.2546353), (-0.85441965, -0.30204108, -0.42277443), (-0.8019748, -0.22730482, -0.55242103), (-0.7768057, -0.4211251, -0.46821627), (-0.8336175, -0.46434286, -0.29911146), (-0.8608008, -0.49148092, -0.1321683), (-0.8634514, -0.50411254, 0.017949719), (-0.92219913, -0.38525707, 0.033553574), (-0.8534862, -0.49376678, 0.1666005), (-0.8326111, -0.46845388, 0.29548213), (-0.79619277, -0.44013062, 0.41516513), (-0.8329951, -0.3460949, 0.4316682), (-0.7669598, -0.31203443, 0.5607202), (-0.66362184, -0.2910013, 0.6891476), (-0.7917196, -0.1501892, 0.5921344), (-0.8582145, -0.17347485, 0.48308828), (-0.87214357, -0.37117946, 0.31873414), (-0.9130057, -0.1847796, 0.3636993), (-0.95765746, -0.17903477, 0.2254745), (-0.9030855, -0.38874382, 0.18252343), (0.47883216, 0.20122375, 0.85453427), (0.55233204, -0.07714526, 0.83004695), (0.42327192, -0.20188203, 0.8832239), (0.39352077, -0.32690507, 0.859229), (0.3579969, -0.35768792, 0.86249495), (0.27888846, -0.44337907, 0.85184294), (0.30712774, -0.40953073, 0.8590443), (0.421754, -0.23921907, 0.8745843), (0.52553785, -0.048542812, 0.8493842), (0.4608695, 0.06962429, 0.88473254), (0.30668345, -0.09561287, 0.94699705), (0.27895364, 0.0083204, 0.9602685), (0.120296866, -0.04250528, 0.99182755), (0.18190436, 0.19142345, 0.9645039), (0.27482402, 0.34394574, 0.8978714), (0.35293558, 0.2104254, 0.91167855), (0.19918594, 0.017117433, 0.9798121), (0.26373622, 0.054738052, 0.9630405), (0.08455134, -0.20643958, 0.97479945), (0.14870091, -0.381688, 0.91225123), (0.08628111, -0.14707373, 0.98535526), (0.31043887, -0.07039348, 0.9479833), (0.4612315, 0.2542326, 0.85007733), (0.27587923, 0.46627828, 0.84052074), (-0.06087877, 0.12983796, 0.98966455), (-0.017272891, 0.02941213, 0.9994181), (0.054425836, -0.07735445, 0.995517), (0.15237565, -0.11898279, 0.9811344), (0.18220247, -0.24257168, 0.95287), (0.32905754, -0.21330494, 0.9199034), (0.3292603, -0.35505053, 0.87494385), (0.3330309, -0.38259423, 0.8618075), (0.2588018, -0.51891184, 0.8147098), (0.23228578, -0.5332849, 0.813419), (0.19366401, -0.54398215, 0.8164422), (0.09194889, -0.51551497, 0.8519329), (0.0005230473, -0.45368376, 0.8911627), (0.099827446, -0.2872143, 0.9526502), (-0.007771822, -0.45134503, 0.8923156), (0.14399584, -0.3210616, 0.9360473), (0.27890345, -0.24436264, 0.9287087), (0.32560673, 0.0697194, 0.9429313), (0.21639246, -0.14258, 0.9658392), (0.1040772, -0.2759121, 0.9555315), (-0.047834482, -0.43135324, 0.9009141), (-0.16935569, -0.513796, 0.84103054), (-0.104478866, -0.510854, 0.8532949), (0.044972233, -0.5677337, 0.8219828), (0.14287221, -0.61067265, 0.778888), (0.17978914, -0.6243071, 0.76020825), (0.03957025, 0.096600115, 0.99453634), (0.15051672, -0.70027184, 0.69782805), (0.12096818, -0.6894186, 0.7141909), (-0.021676982, -0.6508658, 0.7588832), (-0.18555608, -0.524623, 0.83086675), (-0.1194268, -0.295868, 0.9477339), (0.05561978, -0.1219204, 0.99098027), (0.31321856, -0.28924683, 0.9045609), (0.37138662, -0.23905742, 0.8971753), (0.43886137, -0.51064295, 0.73935425), (0.6593923, -0.23733832, 0.7133528), (0.41776007, -0.4943214, 0.7623142), (0.62906164, 0.099888295, 0.7709109), (0.49978563, -0.044747025, 0.86499256), (0.23219621, -0.6035414, 0.76277304), (0.4866289, -0.3237172, 0.8114182), (0.25464627, -0.48686117, 0.8355367), (0.2939893, -0.17364977, 0.9399022), (0.00751066, -0.26428503, 0.9644154), (-0.0052033034, -0.10419632, 0.99454314), (0.061701532, -0.39999977, 0.91443586), (0.026353791, -0.119266585, 0.99251235), (0.0062534497, -0.027576214, 0.9996002), (0.09382257, -0.031717625, 0.9950835), (0.09814813, -0.13813178, 0.9855387), (0.20143972, -0.25164783, 0.9466232), (0.26020345, -0.40474328, 0.87662816), (0.2452183, -0.39046997, 0.8873563), (0.31024528, -0.50338554, 0.8064434), (0.23152305, -0.6127554, 0.7555977), (0.1933227, -0.7098386, 0.6773149), (0.2847092, -0.26520073, 0.92119986), (0.23890172, -0.7993378, 0.5513484), (0.26334077, -0.6986618, 0.6652242), (0.28409, -0.6055021, 0.7434111), (0.30452263, -0.49286267, 0.8150781), (0.31157193, -0.49050635, 0.81383437), (0.40200666, -0.47037107, 0.78558373), (0.34545574, -0.5880892, 0.7313079), (0.46221426, -0.5428877, 0.701164), (0.2939697, -0.59682775, 0.7465778), (0.31397274, -0.69283485, 0.649154), (0.327733, -0.78898406, 0.5197069), (0.33211643, -0.86559975, 0.3747475), (0.40727672, -0.78121024, 0.47311342), (0.37823159, -0.6924369, 0.6143876), (0.504491, -0.63242877, 0.5878118), (0.5366661, -0.79632086, 0.27903867), (0.3801168, 0.060033508, 0.92298824), (0.17946863, -0.15702751, 0.9711505), (0.11983607, -0.06363208, 0.99075246), (0.25356403, -0.010892398, 0.96725726), (0.4904871, 0.10007954, 0.86568266), (0.20711383, -0.19971885, 0.957714), (0.18487765, 0.109159194, 0.9766804), (-0.044242475, -0.095933355, 0.9944041), (-0.0666035, 0.07984338, 0.9945799), (0.37383595, 0.24459814, 0.89466107), (0.11444309, 0.23617016, 0.9649489), (0.1958846, 0.22352307, 0.9548124), (0.10239896, 0.1264949, 0.9866679), (0.28440028, 0.07850982, 0.95548564), (0.0799477, -0.008861232, 0.99675965), (0.16307306, 0.069102734, 0.984191), (0.23876141, 0.14372875, 0.96038276), (0.49283805, 0.11062358, 0.8630603), (0.4800986, 0.0047950884, 0.87720144), (0.33826983, -0.026797112, 0.94066757), (0.31370163, -0.0032195651, 0.9495161), (0.3347004, 0.025062356, 0.9419912), (0.35683545, 0.0253381, 0.9338235), (0.409958, 0.013960015, 0.91199756), (0.55510867, 0.03394424, 0.83108497), (0.50448525, 0.09559943, 0.8581115), (0.44596502, 0.10672185, 0.8886651), (0.39678633, 0.13156223, 0.9084338), (0.38575244, 0.14322895, 0.91141677), (0.4065231, 0.13459021, 0.9036727), (0.33495873, 0.21601202, 0.91713774), (0.3770335, 0.3198496, 0.8692192), (0.41581106, 0.2980093, 0.8592389), (0.18199702, 0.27293634, 0.94466025), (0.17390113, 0.24973455, 0.95257074), (0.16856655, 0.33901694, 0.9255554), (0.25192422, 0.34444275, 0.90437454), (0.36029094, 0.45563474, 0.81399477), (0.1090172, 0.16396715, 0.98042345), (0.05668676, 0.2607789, 0.96373284), (0.081408225, 0.27312502, 0.95852774), (0.01817233, 0.2703926, 0.9625786), (-0.024877762, 0.36004576, 0.9326029), (0.14707604, 0.33348227, 0.9312133), (0.13851626, 0.44316044, 0.8856761), (0.23771122, 0.4604654, 0.8552573), (-0.08434712, 0.17604488, 0.9807619), (-0.037614647, 0.3312998, 0.9427754), (-0.15176256, 0.25483018, 0.95500255), (-0.14991614, 0.4257228, 0.8923482), (-0.2706691, 0.51258725, 0.81485736), (-0.3780817, 0.5708168, 0.72885007), (-0.20995393, 0.5596812, 0.8016711), (-0.44830117, 0.5127727, 0.7321818), (-0.4968463, 0.5465947, 0.6740757), (-0.5530391, 0.5765485, 0.60144794), (-0.626104, 0.62097806, 0.4715719), (-0.65710235, 0.65286326, 0.3768103), (-0.6848918, 0.67778414, 0.26745442), (-0.6376482, 0.7608506, 0.12046226), (-0.6201032, 0.7408609, 0.25806427), (-0.60582095, 0.7072092, 0.36446682), (-0.5409197, 0.8071399, 0.23649792), (-0.55534494, 0.82389235, 0.11310763), (-0.429559, 0.8969525, 0.104667574), (-0.4188734, 0.88552237, 0.20098531), (-0.28919038, 0.9425945, 0.16698632), (-0.41046244, 0.86042213, 0.30198383), (-0.25326094, 0.92558706, 0.28133148), (-0.100505725, 0.9579424, 0.268784), (-0.20404583, 0.886987, 0.41426978), (-0.08654688, 0.92008257, 0.38204417), (0.01998733, 0.9297118, 0.367745), (0.030575706, 0.8782377, 0.47724578), (0.15643196, 0.8846466, 0.43923736), (0.03934046, 0.82186127, 0.56832767), (0.18631831, 0.8124861, 0.55240536), (0.3100965, 0.8111541, 0.49585193), (-0.06319631, 0.8657808, 0.49641693), (0.18235654, 0.7571388, 0.6272854), (0.31066442, 0.75933355, 0.57175183), (0.44667408, 0.7261635, 0.5226555), (0.45490927, 0.6227145, 0.6366194), (0.32548445, 0.6619247, 0.6752151), (0.19514532, 0.67720294, 0.7094466), (0.07029823, 0.68575764, 0.72442716), (0.06853103, 0.7478327, 0.6603406), (-0.025978696, 0.73889077, 0.6733243), (-0.04925769, 0.8102351, 0.5840315), (-0.12279407, 0.784593, 0.60772973), (-0.17802599, 0.83889675, 0.5143529), (-0.32935768, 0.77583015, 0.53815514), (-0.36942875, 0.8187163, 0.43957493), (-0.49406657, 0.7342064, 0.46565998), (-0.53555536, 0.7715301, 0.34339735), (-0.56410927, 0.6833062, 0.46354422), (-0.4980803, 0.6493388, 0.5746958), (-0.44749606, 0.601531, 0.66174597), (-0.43939972, 0.7012617, 0.56139094), (-0.2763245, 0.72681546, 0.6287958), (-0.10061704, 0.7245708, 0.6818162), (0.021780938, 0.67129064, 0.7408741), (0.110758685, 0.5796636, 0.8072934), (0.22867261, 0.5838545, 0.7789883), (0.3403463, 0.56702226, 0.75010014), (0.4519122, 0.5323526, 0.71580446), (0.54105175, 0.5052356, 0.6723094), (0.43591174, 0.43091044, 0.7901248), (0.51025575, 0.41790557, 0.7516608), (0.45257053, 0.28028825, 0.8465332), (0.5472909, 0.20016837, 0.81265324), (0.61890507, 0.14662892, 0.7716582), (0.65220016, 0.077736676, 0.7540504), (0.66710657, -0.0045515364, 0.74494827), (0.67720306, -0.06899554, 0.73255414), (0.7340469, 0.13875537, 0.6647722), (0.70414406, 0.22721152, 0.6727229), (0.6226006, 0.33118656, 0.709002), (-0.8810234, -0.12850957, -0.4552834), (-0.8709496, 0.07740682, -0.48523712), (-0.8245521, -0.022677688, -0.56533134), (-0.7733121, 0.11122182, -0.62419397), (-0.8555366, 0.1637721, -0.4911578), (-0.7374511, 0.19626154, -0.64625627), (-0.63896567, 0.15078129, -0.7543128), (-0.50488573, 0.0667361, -0.86060244), (-0.33161327, -0.01676096, -0.9432665), (-0.46631894, -0.1783342, -0.86645454), (-0.5704816, -0.29749084, -0.765539), (-0.568984, -0.08952306, -0.81746125), (-0.5183406, -0.34145465, -0.78404826), (-0.59216595, -0.46952817, -0.65489143), (-0.68016106, -0.39143237, -0.6198077), (-0.7318881, -0.34211445, -0.58931947), (-0.746618, -0.11998593, -0.6543431), (-0.65188986, -0.2252919, -0.7240741), (-0.6887906, 0.022774698, -0.72460246), (-0.39689726, 0.6591369, 0.6387574), (-0.30527312, 0.6248604, 0.7185804), (-0.19977997, 0.6728479, 0.7122945), (-0.14255711, 0.6118938, 0.7779868), (-0.037889224, 0.66431785, 0.7464892), (-0.06705211, 0.5091747, 0.8580473), (0.0020245272, 0.5521478, 0.8337438), (0.047003902, 0.57802737, 0.81466246), (0.106709994, 0.4443891, 0.88945556), (0.071940176, 0.4362319, 0.89695394), (0.090740204, 0.31955162, 0.94321424), (-0.009742412, 0.3893711, 0.92102945), (-0.090635814, 0.46344218, 0.88147974), (0.14984453, -0.18495715, -0.9712556), (0.053608764, -0.094622314, -0.9940688), (0.048659418, -0.04933127, -0.9975965), (-0.07217902, 0.04945201, -0.99616504), (0.18782124, -0.11837887, -0.97504336)] (
                    interpolation = "vertex"
                )
                texCoord2f[] primvars:st = [(0.118935, 0.019950986), (0.288936, 0.07576901), (0.257928, 0.16004401), (0.18983, 0.16332698), (0.699225, 0.867924), (0.943525, 0.638814), (0.244794, 0.395355), (0.492013, 0.662771), (0.448966, 0.595887), (0.662987, 0.395477), (0.919083, 0.834968), (0.229108, 0.07467502), (0.196032, 0.24225098), (0.315567, 0.341604), (0.653137, 0.849196), (0.266075, 0.472211), (0.405432, 0.096198976), (0.009128, 0.28201604), (0.405554, 0.444242), (0.643896, 0.984546), (0.136933, 0.09777999), (0.166117, 0.495439), (0.230445, 0.32506597), (0.592944, 0.695727), (0.536763, 0.915594), (0.995815, 0.759085), (0.485082, 0.801039), (0.451033, 0.37674904), (0.087805, 0.405084), (0.60936, 0.905501), (0.700927, 0.427338), (0.787752, 0.498114), (0.549775, 0.667392), (0.551599, 0.39085603), (0.3332, 0.423325), (0.65484, 0.758841), (0.156632, 0.373587), (0.433279, 0.11784601), (0.223879, 0.49872196), (0.767809, 0.913527), (0.471098, 0.736222), (0.681349, 0.42393303), (0.489946, 0.350968), (0.714182, 0.809552), (0.634654, 0.17269099), (0.570934, 0.796175), (0.60024, 0.656691), (0.116625, 0.053393006), (0.533237, 0.519274), (0.449088, 0.45263302), (0.391569, 0.536664), (0.392056, 0.677364), (0.762823, 0.47026598), (0.577135, 0.32907903), (0.102397, 0.324701), (0.199558, 0.033936024), (0.968211, 0.579105), (0.538831, 0.13584399), (0.021045, 0.24602103), (0.201139, 0.491912), (0.440575, 0.767719), (0.717222, 0.44083703), (0.369194, 0.16442204), (0.773889, 0.856493), (0.459545, 0.11796701), (0.168185, 0.08963299), (0.636478, 0.605737), (0.648638, 0.783528), (0.498458, 0.255628), (0.652529, 0.667757), (0.730355, 0.680404), (0.996787, 0.688674), (0.257928, 0.30658102), (0.291612, 0.35948098), (0.402635, 0.721265), (0.602915, 0.63845), (0.864848, 0.902582), (0.675147, 0.44618702), (0.482042, 0.20807898), (0.385003, 0.118819), (0.459181, 0.209903), (0.906072, 0.578497), (0.474624, 0.277031), (0.522779, 0.73525), (0.818274, 0.591387), (0.05181, 0.320809), (0.103249, 0.34999502), (0.749447, 0.709712), (0.740448, 0.941983), (0.65715, 0.502005), (0.944863, 0.754464), (0.10945, 0.27484202), (0.872631, 0.695362), (0.676242, 0.46868503), (0.204422, 0.220361), (0.430604, 0.20978099), (0.647908, 0.45178103), (0.358493, 0.44035), (0.942309, 0.583118), (0.246619, 0.18035197), (0.582, 0.16344899), (0.507214, 0.303298), (0.143134, 0.079539), (0.574339, 0.652191), (0.611914, 0.45579398), (0.92115, 0.725521), (0.07905, 0.294542), (0.12307, 0.0019530058), (0.70567, 0.838738), (0.71479, 0.524016), (0.236525, 0.20139003), (0.033327, 0.285178), (0.385489, 0.749113), (0.282856, 0.086106), (0.226797, 0.34731996), (0.204057, 0.37139797), (0.150187, 0.508207), (0.499796, 0.584212), (0.076496, 0.32263398), (0.145931, 0.04427302), (0.965414, 0.634801), (0.310946, 0.38307297), (0.162712, 0.21002501), (0.244186, 0.42016304), (0.573366, 0.861235), (0.580297, 0.50006), (0.237985, 0.15445), (0.245159, 0.472333), (0.129758, 0.35023904), (0.490189, 0.47038698), (0.399838, 0.208444), (0.541871, 0.232036), (0.627114, 0.542987), (0.512929, 0.444485), (0.335146, 0.44533598), (0.784225, 0.666784), (0.247105, 0.244075), (0.861565, 0.601724), (0.02676, 0.46369898), (0.633438, 0.521341), (0.418565, 0.773799), (0.507214, 0.14387), (0.851107, 0.852601), (0.318607, 0.58482), (0.550018, 0.54469), (0.514145, 0.556486), (0.05631, 0.288948), (0.455532, 0.47379196), (0.716614, 0.610358), (0.993018, 0.656326), (0.82253, 0.708496), (0.143378, 0.12842602), (0.691564, 0.898569), (0.126475, 0.582631), (0.036489, 0.21209198), (0.410783, 0.498357), (0.665906, 0.44071496), (0.675391, 0.859168), (0.268872, 0.52961), (0.408715, 0.66265), (0.744826, 0.791068), (0.398136, 0.18704098), (0.964076, 0.788635), (0.459789, 0.32494402), (0.322499, 0.25526297), (0.865335, 0.572295), (0.485325, 0.839711), (0.720384, 0.569741), (0.797115, 0.781096), (0.577257, 0.29490697), (0.751149, 0.851872), (0.408715, 0.588347), (0.682687, 0.93189), (0.904612, 0.859654), (0.27483, 0.099117994), (0.252577, 0.22473902), (0.14435, 0.199566), (0.960307, 0.608777), (0.075037, 0.19080997), (0.812316, 0.530826), (0.282978, 0.122832), (0.438022, 0.40557003), (0.486906, 0.11954802), (0.493716, 0.10228002), (0.338794, 0.491669), (0.387435, 0.479021), (0.526305, 0.41444802), (0.588445, 0.717738), (0.76635, 0.798972), (0.268142, 0.18509501), (0.432914, 0.487777), (0.438386, 0.867681), (0.391934, 0.321782), (0.59489, 0.23276502), (0.273371, 0.24748003), (0.383665, 0.09595597), (0.462829, 0.654867), (0.555733, 0.32761896), (0.793954, 0.617898), (0.326147, 0.15663898), (0.219623, 0.14861298), (0.316175, 0.521463), (0.471098, 0.37419498), (0.420389, 0.41213703), (0.408715, 0.47026598), (0.596835, 0.67554), (0.738746, 0.45396996), (0.177305, 0.528151), (0.636721, 0.728926), (0.611306, 0.975669), (0.370654, 0.36714196), (0.110302, 0.458835), (0.371383, 0.573511), (0.872144, 0.542379), (0.088291, 0.509788), (0.129028, 0.32676804), (0.901207, 0.941132), (0.609482, 0.602332), (0.252699, 0.32786298), (0.331376, 0.10908997), (0.746042, 0.56889), (0.274587, 0.33309197), (0.25963, 0.20491701), (0.347184, 0.637477), (0.150066, 0.23410296), (0.093277, 0.20102596), (0.320432, 0.320688), (0.757838, 0.824753), (0.044758, 0.495803), (0.495418, 0.399247), (0.557436, 0.20370102), (0.281275, 0.613033), (0.388651, 0.506505), (0.427321, 0.548338), (0.460397, 0.892245), (0.941336, 0.846886), (0.557801, 0.893097), (0.132068, 0.522071), (0.577865, 0.768448), (0.212205, 0.283962), (0.471341, 0.18424404), (0.568866, 0.710077), (0.677458, 0.370304), (0.59647, 0.559283), (0.485082, 0.32616), (0.503201, 0.27921999), (0.286261, 0.423568), (0.416011, 0.526084), (0.226068, 0.17597401), (0.377342, 0.409218), (0.199923, 0.620816), (0.277749, 0.228387), (0.585283, 0.830833), (0.624439, 0.777569), (0.469638, 0.44095802), (0.465504, 0.23154902), (0.684146, 0.44120097), (0.302556, 0.126966), (0.290396, 0.19044602), (0.17621, 0.186311), (0.572515, 0.553446), (0.812437, 0.647449), (0.229108, 0.06154102), (0.264859, 0.44606602), (0.386948, 0.35486), (0.35898, 0.287975), (0.145323, 0.474279), (0.647665, 0.428433), (0.318607, 0.551986), (0.470246, 0.676878), (0.826178, 0.898812), (0.394123, 0.776353), (0.327484, 0.29965), (0.397528, 0.705577), (0.308393, 0.15165299), (0.409445, 0.365561), (0.159064, 0.14119399), (0.05631, 0.3821), (0.116868, 0.03673303), (0.735463, 0.817457), (0.735098, 0.657542), (0.629546, 0.643922), (0.666514, 0.45834804), (0.725126, 0.703388), (0.568745, 0.18168998), (0.614346, 0.583361), (0.264494, 0.42137897), (0.772673, 0.508451), (0.204422, 0.348171), (0.605226, 0.538609), (0.244308, 0.530218), (0.702022, 0.774164), (0.692172, 0.588833), (0.24443, 0.445701), (0.224852, 0.39474702), (0.114679, 0.08780897), (0.205517, 0.418217), (0.443129, 0.16417801), (0.224852, 0.41919), (0.729504, 0.46491504), (0.94766, 0.888597), (0.693874, 0.71944), (0.870442, 0.962048), (0.85512, 0.771124), (0.191289, 0.101671994), (0.745191, 0.88203), (0.516942, 0.63468), (0.125988, 0.117115974), (0.265102, 0.39766598), (0.674175, 0.525962), (0.686578, 0.629329), (0.067619, 0.480116), (0.283464, 0.20966), (0.308028, 0.21428096), (0.853174, 0.94101), (0.378679, 0.628964), (0.954348, 0.818551), (0.979763, 0.827793), (0.874212, 0.797634), (0.922123, 0.609628), (0.221325, 0.09036201), (0.014114, 0.429892), (0.644747, 0.566336), (0.616292, 0.701929), (0.917259, 0.752396), (0.497242, 0.741816), (0.624561, 0.49385798), (0.644139, 0.387451), (0.31958, 0.17621803), (0.157484, 0.30670297), (0.680012, 0.992694), (0.510497, 0.328349), (0.263278, 0.286151), (0.718438, 0.998044), (0.156754, 0.108482), (0.46672, 0.816484), (0.785806, 0.964967), (0.131217, 0.30402803), (0.373694, 0.387937), (0.081482, 0.37796497), (0.514145, 0.933957), (0.347671, 0.304757), (0.987546, 0.627018), (0.346211, 0.343185), (0.027125, 0.353765), (0.596714, 0.37127697), (0.787873, 0.535326), (0.79371, 0.563296), (0.245402, 0.083186984), (0.451155, 0.187527), (0.683903, 0.829861), (0.640491, 0.810525), (0.842108, 0.565485), (0.583945, 0.464185), (0.462221, 0.854304), (0.182534, 0.21695602), (0.361655, 0.462726), (0.605712, 0.620573), (0.332592, 0.401922), (0.312649, 0.36239898), (0.570447, 0.39766598), (0.500282, 0.43354), (0.492986, 0.526449), (0.443251, 0.42952704), (0.583459, 0.899299), (0.332105, 0.38076198), (0.713817, 0.969588), (0.948268, 0.725521), (0.845392, 0.792648), (0.710899, 0.500789), (0.408229, 0.11906201), (0.511713, 0.22486103), (0.746893, 0.591509), (0.683173, 0.650002), (0.910936, 0.777812), (0.998003, 0.72321), (0.829097, 0.682715), (0.500404, 0.783528), (0.436806, 0.14070797), (0.311433, 0.088781), (0.359101, 0.24346697), (0.624804, 0.40861), (0.672472, 0.547487), (0.204544, 0.39474702), (0.922731, 0.640152), (0.621034, 0.68235), (0.175481, 0.050231993), (0.567042, 0.930066), (0.707372, 0.404962), (0.553909, 0.594549), (0.369802, 0.184973), (0.628209, 0.22328001), (0.267534, 0.499695), (0.171225, 0.45445704), (0.437657, 0.32774103), (0.312284, 0.47002196), (0.456384, 0.40021896), (0.973683, 0.724548), (0.548316, 0.507964), (0.21561, 0.26353204), (0.487028, 0.616074), (0.789211, 0.642827), (0.48496, 0.760422), (0.231783, 0.12672299), (0.175602, 0.12064302), (0.231661, 0.098874986), (0.174508, 0.07041901), (0.923218, 0.698037), (0.523995, 0.10933298), (0.310095, 0.40386796), (0.513051, 0.19093204), (0.479002, 0.45676696), (0.097533, 0.238967), (0.342806, 0.18108201), (0.18983, 0.263897), (0.63818, 0.445822), (0.45991, 0.13912702), (0.82934, 0.7648), (0.295989, 0.339172), (0.162834, 0.417001), (0.620791, 0.19239098), (0.14581, 0.028221011), (0.424645, 0.436459), (0.206368, 0.325917), (0.936716, 0.556607), (0.194694, 0.19360697), (0.882237, 0.775137), (0.268629, 0.266572), (0.238958, 0.632491), (0.979641, 0.601602), (0.709804, 0.939916), (0.399109, 0.564512), (0.34305, 0.54773), (0.557071, 0.485223), (0.277992, 0.638693), (0.355332, 0.418339), (0.710291, 0.749599), (0.93854, 0.782433), (0.172197, 0.23969698), (0.898897, 0.670676), (0.56303, 0.734641), (0.788238, 0.805661), (0.377707, 0.302082), (0.113463, 0.536907), (0.658001, 0.43585098), (0.155416, 0.350968), (0.503201, 0.16271901), (0.076861, 0.15432799), (0.743002, 0.49106097), (0.957753, 0.593211), (0.625533, 0.663136), (0.895857, 0.546514), (0.521563, 0.670676), (0.300853, 0.31837702), (0.674783, 0.691957), (0.948511, 0.696335), (0.705791, 0.418096), (0.53652, 0.567066), (0.250023, 0.13414097), (0.716492, 0.474644), (0.667365, 0.41237998), (0.679525, 0.670797), (0.845392, 0.538245), (0.131825, 0.37383103), (0.697158, 0.456524), (0.575798, 0.13195199), (0.965535, 0.85929), (0.970035, 0.662163), (0.288693, 0.38003302), (0.442035, 0.66873), (0.754919, 0.686242), (0.440454, 0.510032), (0.718317, 0.726372), (0.668946, 0.71336), (0.200896, 0.08184999), (0.606199, 0.747167), (0.45687, 0.752396), (0.365911, 0.31631), (0.47049, 0.776353), (0.631492, 0.841535), (0.616778, 0.159679), (0.518401, 0.613033), (0.529467, 0.77842), (0.696063, 0.54846), (0.508795, 0.548703), (0.613373, 0.424541), (0.3135, 0.195432), (0.795778, 0.591387), (0.903518, 0.802256), (0.560111, 0.43317497), (0.537858, 0.750694), (0.857674, 0.632248), (0.063971, 0.411286), (0.512443, 0.762246), (0.181196, 0.328592), (0.086589, 0.266451), (0.057647, 0.22011799), (0.705427, 0.675054), (0.686943, 0.41444802), (0.541263, 0.46880603), (0.337213, 0.468077), (0.693145, 0.801161), (0.452128, 0.299406), (0.930149, 0.808944), (0.445439, 0.35254896), (0.697522, 0.391585), (0.488244, 0.18059498), (0.646449, 0.407638), (0.648395, 0.687701), (0.803925, 0.833387), (0.794805, 0.88349), (0.502593, 0.701929), (0.759783, 0.662893), (0.527035, 0.842751), (0.649611, 0.545663), (0.608874, 0.836063), (0.286991, 0.401192), (0.473773, 0.413961), (0.203814, 0.14107299), (0.23458, 0.30366302), (0.528737, 0.27399004), (0.452614, 0.792648), (0.581635, 0.598441), (0.365303, 0.117115974), (0.207219, 0.17062402), (0.923218, 0.66946), (0.329673, 0.23653501), (0.127326, 0.15031499), (0.676607, 0.481454), (0.648152, 0.475981), (0.243214, 0.10641503), (0.051567, 0.450687), (0.439846, 0.570227), (0.895614, 0.825118), (0.251361, 0.07236397), (0.652408, 0.18387902), (0.661406, 0.479994), (0.653502, 0.524138), (0.739962, 0.912919), (0.309609, 0.42527103), (0.185817, 0.28530002), (0.267777, 0.558796), (0.466477, 0.34999502), (0.530075, 0.696457), (0.574582, 0.36337197), (0.727315, 0.42137897), (0.345968, 0.16077298), (0.659582, 0.627991), (0.074915, 0.440107), (0.209165, 0.304636), (0.039164, 0.42004204), (0.886737, 0.88203), (0.172927, 0.034300983), (0.242849, 0.26328897), (0.532021, 0.72321), (0.917259, 0.550284), (0.655205, 0.38319397), (0.877738, 0.638693), (0.599997, 0.44339), (0.187398, 0.43816102), (0.097412, 0.43208098), (0.579932, 0.965089), (0.616656, 0.24225098), (0.660677, 0.38064098), (0.444831, 0.729047), (0.190073, 0.561472), (0.574703, 0.22133398), (0.693753, 0.503221), (0.630033, 0.75191), (0.719168, 0.590171), (0.142526, 0.16356999), (0.307177, 0.297096), (0.296719, 0.09303802), (0.587837, 0.19725597), (0.547343, 0.650975), (0.38476, 0.45396996), (0.583337, 0.741938), (0.896951, 0.698037), (0.116625, 0.07041901), (0.662136, 0.819889), (0.148728, 0.443025), (0.245646, 0.501276), (0.460761, 0.713847), (0.625777, 0.43658), (0.866794, 0.817821), (0.413701, 0.14204597), (0.419538, 0.839103), (0.394488, 0.16539401), (0.332835, 0.360332), (0.486298, 0.720048), (0.723667, 0.782312), (0.673323, 0.430135), (0.346211, 0.608899), (0.480461, 0.573754), (0.940972, 0.610966), (0.561205, 0.14873397), (0.094372, 0.16417801), (0.256955, 0.05764997), (0.483501, 0.15955698), (0.453708, 0.528881), (0.884669, 0.846399), (0.597443, 0.14581597), (0.566434, 0.48571002), (0.16101, 0.46333396), (0.435833, 0.704361), (0.66323, 0.42296004), (0.770363, 0.566093), (0.686335, 0.742181), (0.837731, 0.626046), (0.821801, 0.875828), (0.401419, 0.420285), (0.159916, 0.543717), (0.522657, 0.249426), (0.743488, 0.61352), (0.661893, 0.735736), (0.278235, 0.16539401), (0.237012, 0.554175), (0.609725, 0.48716903), (0.742151, 0.733182), (0.319459, 0.13110101), (0.538831, 0.816119), (0.366033, 0.224253), (0.478637, 0.508207), (0.488365, 0.640517), (0.413579, 0.28019202), (0.402392, 0.34342897), (0.743488, 0.44472802), (0.723059, 0.43147302), (0.739232, 0.635409), (0.881386, 0.921431), (0.834204, 0.655231), (0.111396, 0.105198026), (0.35144, 0.356076), (0.970764, 0.757139), (0.517307, 0.803715), (0.989126, 0.794229), (0.140459, 0.420771), (0.533966, 0.328471), (0.310946, 0.44716), (0.337091, 0.279584), (0.548802, 0.788757), (0.089264, 0.46844196), (0.665784, 0.588225), (0.749569, 0.970561), (0.425983, 0.18764901), (0.727194, 0.496898), (0.635383, 0.39572), (0.267048, 0.078930974), (0.224973, 0.370669), (0.522657, 0.173056), (0.532629, 0.300866), (0.332227, 0.13511401), (0.54941, 0.16685402), (0.525576, 0.59005), (0.692901, 0.435364), (0.518523, 0.654015), (0.419903, 0.165151), (0.056553, 0.182055), (0.588323, 0.579348), (0.03126, 0.387815), (0.550018, 0.853939), (0.183142, 0.30694604), (0.779118, 0.690741), (0.31423, 0.10690099), (0.595984, 0.937119), (0.905099, 0.898812), (0.189952, 0.132074), (0.180588, 0.350482), (0.973683, 0.692687), (0.1739, 0.15347701), (0.335024, 0.34087503), (0.294408, 0.556729), (0.370289, 0.094132006), (0.657758, 0.401192), (0.159186, 0.39584196), (0.925285, 0.874004), (0.694726, 0.569011), (0.62298, 0.94478), (0.706886, 0.451052), (0.415039, 0.38830197), (0.314473, 0.275693), (0.365303, 0.513193), (0.427199, 0.303298), (0.534331, 0.35717), (0.902059, 0.611088), (0.635991, 0.47148204), (0.288328, 0.470995), (0.719533, 0.54773), (0.140702, 0.25781596), (0.623953, 0.465158), (0.145931, 0.06178403), (0.600726, 0.773556), (0.870928, 0.865613), (0.773038, 0.715063), (0.147147, 0.012046993), (0.829705, 0.833874), (0.227162, 0.04865098), (0.269966, 0.353765), (0.559746, 0.255871), (0.027612, 0.31947196), (0.065065, 0.25781596), (0.160524, 0.284692), (0.130001, 0.45056498), (0.655813, 0.647692), (0.733152, 0.757261), (0.453587, 0.633464), (0.54029, 0.18777001), (0.582972, 0.262438), (0.577257, 0.616925), (0.468179, 0.549432), (0.286139, 0.292475), (0.590025, 0.409218), (0.526792, 0.45579398), (0.793954, 0.723089), (0.248199, 0.349387), (0.798088, 0.990505), (0.83542, 0.979317), (0.498945, 0.201877), (0.503201, 0.48473704), (0.772187, 0.592238), (0.483501, 0.13888401), (0.433644, 0.09753698), (0.178886, 0.48023796), (0.551842, 0.682958), (0.347427, 0.139005), (0.51074, 0.406421), (0.548072, 0.614371), (0.181196, 0.372858), (0.797845, 0.857466), (0.504052, 0.824388), (0.409202, 0.747045), (0.353629, 0.396936), (0.69278, 0.480967), (0.713088, 0.631518), (0.597443, 0.867437), (0.218528, 0.523408), (0.110058, 0.17488003), (0.946565, 0.667635), (0.501985, 0.17816299), (0.862781, 0.747289), (0.1193, 0.425636), (0.575068, 0.63468), (0.953132, 0.563417), (0.694969, 0.526205), (0.367492, 0.542501), (0.429145, 0.741208), (0.334173, 0.08963299), (0.224852, 0.47135997), (0.640369, 0.49872196), (0.341347, 0.11164403), (0.381476, 0.698524), (0.806235, 0.932011), (0.436806, 0.253317), (0.005237, 0.394382), (0.463801, 0.161381), (0.852566, 0.882638), (0.118327, 0.25015497), (0.754676, 0.765408), (0.485447, 0.913405), (0.280059, 0.312662), (0.106653, 0.37504697), (0.67308, 0.402165), (0.108234, 0.495925), (0.60705, 0.265235), (0.492013, 0.23191398), (0.340618, 0.517814), (0.561692, 0.82451), (0.352048, 0.376141), (0.165266, 0.26219404), (0.594038, 0.801769), (0.206733, 0.112372994), (0.687186, 0.381005), (0.806235, 0.757139), (0.764282, 0.540433), (0.289301, 0.586645), (0.620913, 0.873153), (0.245767, 0.371885), (0.043177, 0.25125003), (0.142283, 0.561107), (0.819977, 0.787663), (0.769633, 0.616439), (0.671256, 0.38805902), (0.18302, 0.39486897), (0.292584, 0.525841), (0.220717, 0.24334502), (0.271669, 0.067499995), (0.158943, 0.17609602), (0.451884, 0.691349), (0.54637, 0.951104), (0.614346, 0.516842), (0.837852, 0.74206), (0.617629, 0.805661), (0.111761, 0.139005), (0.191776, 0.511126), (0.546127, 0.63322), (0.844784, 0.717616), (0.361533, 0.092307985), (0.127569, 0.48473704), (0.925285, 0.580443), (0.816207, 0.620573), (0.185087, 0.416758), (0.162104, 0.603913), (0.174022, 0.581415), (0.551477, 0.11954802), (0.42878, 0.46187496), (0.662744, 0.608048), (0.658609, 0.921431), (0.217677, 0.119183004), (0.527886, 0.209903), (0.262305, 0.11565697), (0.837366, 0.919486), (0.65484, 0.414326), (0.525454, 0.684539), (0.186668, 0.460051), (0.555125, 0.29600096), (0.894154, 0.724791), (0.669067, 0.56816), (0.256833, 0.583361), (0.551964, 0.699497), (0.801615, 0.697673), (0.418565, 0.33418596), (0.266926, 0.37516797), (0.707129, 0.47817004), (0.823625, 0.853817), (0.398501, 0.25283098), (0.470368, 0.253803), (0.443615, 0.829861), (0.476448, 0.39657104), (0.8111, 0.810525), (0.693388, 0.40313804), (0.620426, 0.563539), (0.764404, 0.740114), (0.881751, 0.608899), (0.413336, 0.614614), (0.350467, 0.114683986), (0.214759, 0.19835001), (0.001953, 0.35790002), (0.600362, 0.295515), (0.376612, 0.601359), (0.228013, 0.22267199), (0.052175, 0.351941), (0.270209, 0.14095098), (0.380625, 0.430865), (0.07759, 0.350725), (0.814869, 0.732939), (0.634167, 0.912311), (0.517793, 0.500668), (0.529345, 0.15372002), (0.104343, 0.299771), (0.675512, 0.503829), (0.513172, 0.35425198), (0.29222, 0.27204502), (0.407499, 0.31083798), (0.373329, 0.27265298), (0.095466, 0.555878), (0.410539, 0.690498), (0.836758, 0.813322), (0.546492, 0.722967), (0.769147, 0.885071), (0.542965, 0.422839), (0.314595, 0.640395), (0.642923, 0.707766), (0.429509, 0.802377), (0.379166, 0.334673), (0.840892, 0.873396), (0.668338, 0.376871), (0.773038, 0.940037), (0.208922, 0.596495), (0.72841, 0.845183), (0.203936, 0.06409502), (0.16782, 0.43706703), (0.202477, 0.047312975), (0.679039, 0.964116), (0.392421, 0.288827), (0.633194, 0.624708), (0.111639, 0.40021896), (0.257198, 0.090241015), (0.508187, 0.861357), (0.868618, 0.722116), (0.111153, 0.212457), (0.577622, 0.447403), (0.671621, 0.79204), (0.734247, 0.520247), (0.36737, 0.14216697), (0.572515, 0.68916), (0.39011, 0.14301902), (0.493108, 0.375655), (0.432793, 0.38173497), (0.428901, 0.649151), (0.689618, 0.60902), (0.679282, 0.766138), (0.755527, 0.48181796), (0.077347, 0.22850901), (0.357399, 0.33041596), (0.392421, 0.375898), (0.53275, 0.879841), (0.303164, 0.23300803), (0.313987, 0.494709), (0.339523, 0.32251203), (0.290152, 0.14605904), (0.785077, 0.748505), (0.6822, 0.38963997), (0.780577, 0.830469), (0.224852, 0.444606), (0.222784, 0.575457), (0.380625, 0.723454), (0.601578, 0.17852801), (0.75881, 0.996828), (0.130123, 0.224374), (0.640004, 0.20418704), (0.293314, 0.10483402), (0.298057, 0.252101), (0.667608, 0.889205), (0.820706, 0.955117), (0.79748, 0.909149), (0.290152, 0.496898), (0.51074, 0.719562), (0.655691, 0.454821), (0.462829, 0.09851003), (0.643774, 0.880936), (0.611306, 0.723089), (0.700562, 0.697186), (0.859619, 0.835576), (0.424888, 0.680526), (0.48946, 0.42247403), (0.398622, 0.23069799), (0.850013, 0.691592), (0.562422, 0.574241), (0.369073, 0.204674), (0.886007, 0.576429), (0.484596, 0.87595), (0.09729, 0.12793899), (0.649124, 0.954995), (0.426591, 0.35790002), (0.775592, 0.773556), (0.298421, 0.17135298), (0.068227, 0.526084), (0.59647, 0.510032), (0.875306, 0.667514), (0.926866, 0.916689), (0.496634, 0.683201), (0.405432, 0.806512), (0.807573, 0.672743), (0.840406, 0.595887), (0.649246, 0.39778697), (0.741908, 0.544568), (0.172441, 0.022747993), (0.574095, 0.670311), (0.126961, 0.18740499), (0.135109, 0.39754403), (0.686092, 0.45932102), (0.564732, 0.522435), (0.530318, 0.531313), (0.554396, 0.35923803), (0.753825, 0.515504), (0.444223, 0.27520597), (0.509281, 0.897353), (0.344995, 0.579226), (0.462585, 0.421866), (0.134865, 0.281408), (0.155538, 0.328714), (0.245402, 0.607075), (0.477664, 0.698402), (0.532386, 0.38574803), (0.764647, 0.639422), (0.002561, 0.31995797), (0.714912, 0.90769), (0.205152, 0.46758997), (0.899991, 0.642219), (0.70944, 0.653164), (0.817788, 0.562323), (0.348643, 0.26061296), (0.607536, 0.21160501), (0.596106, 0.477562), (0.556585, 0.76103), (0.205882, 0.44241703), (0.465017, 0.49203396), (0.238714, 0.28311098), (0.479488, 0.30159497), (0.397285, 0.39766598), (0.889047, 0.75045), (0.513294, 0.38027596), (0.367005, 0.34731996), (0.640126, 0.586401), (0.350467, 0.09096998), (0.206125, 0.542866), (0.722329, 0.875342), (0.334902, 0.21829402), (0.363722, 0.48644), (0.420511, 0.714819), (0.286747, 0.446795), (0.598051, 0.3337), (0.433887, 0.231184), (0.315081, 0.613155), (0.854147, 0.663136), (0.637086, 0.42004204), (0.33928, 0.19993103), (0.584067, 0.532164), (0.51378, 0.12575), (0.650462, 0.38416696)] (
                    interpolation = "faceVarying"
                )
                texCoord2f[] primvars:st1 = [(0.118935, 0.019950986), (0.288936, 0.07576901), (0.257928, 0.16004401), (0.18983, 0.16332698), (0.699225, 0.867924), (0.943525, 0.638814), (0.244794, 0.395355), (0.492013, 0.662771), (0.448966, 0.595887), (0.662987, 0.395477), (0.919083, 0.834968), (0.229108, 0.07467502), (0.196032, 0.24225098), (0.315567, 0.341604), (0.653137, 0.849196), (0.266075, 0.472211), (0.405432, 0.096198976), (0.009128, 0.28201604), (0.405554, 0.444242), (0.643896, 0.984546), (0.136933, 0.09777999), (0.166117, 0.495439), (0.230445, 0.32506597), (0.592944, 0.695727), (0.536763, 0.915594), (0.995815, 0.759085), (0.485082, 0.801039), (0.451033, 0.37674904), (0.087805, 0.405084), (0.60936, 0.905501), (0.700927, 0.427338), (0.787752, 0.498114), (0.549775, 0.667392), (0.551599, 0.39085603), (0.3332, 0.423325), (0.65484, 0.758841), (0.156632, 0.373587), (0.433279, 0.11784601), (0.223879, 0.49872196), (0.767809, 0.913527), (0.471098, 0.736222), (0.681349, 0.42393303), (0.489946, 0.350968), (0.714182, 0.809552), (0.634654, 0.17269099), (0.570934, 0.796175), (0.60024, 0.656691), (0.116625, 0.053393006), (0.533237, 0.519274), (0.449088, 0.45263302), (0.391569, 0.536664), (0.392056, 0.677364), (0.762823, 0.47026598), (0.577135, 0.32907903), (0.102397, 0.324701), (0.199558, 0.033936024), (0.968211, 0.579105), (0.538831, 0.13584399), (0.021045, 0.24602103), (0.201139, 0.491912), (0.440575, 0.767719), (0.717222, 0.44083703), (0.369194, 0.16442204), (0.773889, 0.856493), (0.459545, 0.11796701), (0.168185, 0.08963299), (0.636478, 0.605737), (0.648638, 0.783528), (0.498458, 0.255628), (0.652529, 0.667757), (0.730355, 0.680404), (0.996787, 0.688674), (0.257928, 0.30658102), (0.291612, 0.35948098), (0.402635, 0.721265), (0.602915, 0.63845), (0.864848, 0.902582), (0.675147, 0.44618702), (0.482042, 0.20807898), (0.385003, 0.118819), (0.459181, 0.209903), (0.906072, 0.578497), (0.474624, 0.277031), (0.522779, 0.73525), (0.818274, 0.591387), (0.05181, 0.320809), (0.103249, 0.34999502), (0.749447, 0.709712), (0.740448, 0.941983), (0.65715, 0.502005), (0.944863, 0.754464), (0.10945, 0.27484202), (0.872631, 0.695362), (0.676242, 0.46868503), (0.204422, 0.220361), (0.430604, 0.20978099), (0.647908, 0.45178103), (0.358493, 0.44035), (0.942309, 0.583118), (0.246619, 0.18035197), (0.582, 0.16344899), (0.507214, 0.303298), (0.143134, 0.079539), (0.574339, 0.652191), (0.611914, 0.45579398), (0.92115, 0.725521), (0.07905, 0.294542), (0.12307, 0.0019530058), (0.70567, 0.838738), (0.71479, 0.524016), (0.236525, 0.20139003), (0.033327, 0.285178), (0.385489, 0.749113), (0.282856, 0.086106), (0.226797, 0.34731996), (0.204057, 0.37139797), (0.150187, 0.508207), (0.499796, 0.584212), (0.076496, 0.32263398), (0.145931, 0.04427302), (0.965414, 0.634801), (0.310946, 0.38307297), (0.162712, 0.21002501), (0.244186, 0.42016304), (0.573366, 0.861235), (0.580297, 0.50006), (0.237985, 0.15445), (0.245159, 0.472333), (0.129758, 0.35023904), (0.490189, 0.47038698), (0.399838, 0.208444), (0.541871, 0.232036), (0.627114, 0.542987), (0.512929, 0.444485), (0.335146, 0.44533598), (0.784225, 0.666784), (0.247105, 0.244075), (0.861565, 0.601724), (0.02676, 0.46369898), (0.633438, 0.521341), (0.418565, 0.773799), (0.507214, 0.14387), (0.851107, 0.852601), (0.318607, 0.58482), (0.550018, 0.54469), (0.514145, 0.556486), (0.05631, 0.288948), (0.455532, 0.47379196), (0.716614, 0.610358), (0.993018, 0.656326), (0.82253, 0.708496), (0.143378, 0.12842602), (0.691564, 0.898569), (0.126475, 0.582631), (0.036489, 0.21209198), (0.410783, 0.498357), (0.665906, 0.44071496), (0.675391, 0.859168), (0.268872, 0.52961), (0.408715, 0.66265), (0.744826, 0.791068), (0.398136, 0.18704098), (0.964076, 0.788635), (0.459789, 0.32494402), (0.322499, 0.25526297), (0.865335, 0.572295), (0.485325, 0.839711), (0.720384, 0.569741), (0.797115, 0.781096), (0.577257, 0.29490697), (0.751149, 0.851872), (0.408715, 0.588347), (0.682687, 0.93189), (0.904612, 0.859654), (0.27483, 0.099117994), (0.252577, 0.22473902), (0.14435, 0.199566), (0.960307, 0.608777), (0.075037, 0.19080997), (0.812316, 0.530826), (0.282978, 0.122832), (0.438022, 0.40557003), (0.486906, 0.11954802), (0.493716, 0.10228002), (0.338794, 0.491669), (0.387435, 0.479021), (0.526305, 0.41444802), (0.588445, 0.717738), (0.76635, 0.798972), (0.268142, 0.18509501), (0.432914, 0.487777), (0.438386, 0.867681), (0.391934, 0.321782), (0.59489, 0.23276502), (0.273371, 0.24748003), (0.383665, 0.09595597), (0.462829, 0.654867), (0.555733, 0.32761896), (0.793954, 0.617898), (0.326147, 0.15663898), (0.219623, 0.14861298), (0.316175, 0.521463), (0.471098, 0.37419498), (0.420389, 0.41213703), (0.408715, 0.47026598), (0.596835, 0.67554), (0.738746, 0.45396996), (0.177305, 0.528151), (0.636721, 0.728926), (0.611306, 0.975669), (0.370654, 0.36714196), (0.110302, 0.458835), (0.371383, 0.573511), (0.872144, 0.542379), (0.088291, 0.509788), (0.129028, 0.32676804), (0.901207, 0.941132), (0.609482, 0.602332), (0.252699, 0.32786298), (0.331376, 0.10908997), (0.746042, 0.56889), (0.274587, 0.33309197), (0.25963, 0.20491701), (0.347184, 0.637477), (0.150066, 0.23410296), (0.093277, 0.20102596), (0.320432, 0.320688), (0.757838, 0.824753), (0.044758, 0.495803), (0.495418, 0.399247), (0.557436, 0.20370102), (0.281275, 0.613033), (0.388651, 0.506505), (0.427321, 0.548338), (0.460397, 0.892245), (0.941336, 0.846886), (0.557801, 0.893097), (0.132068, 0.522071), (0.577865, 0.768448), (0.212205, 0.283962), (0.471341, 0.18424404), (0.568866, 0.710077), (0.677458, 0.370304), (0.59647, 0.559283), (0.485082, 0.32616), (0.503201, 0.27921999), (0.286261, 0.423568), (0.416011, 0.526084), (0.226068, 0.17597401), (0.377342, 0.409218), (0.199923, 0.620816), (0.277749, 0.228387), (0.585283, 0.830833), (0.624439, 0.777569), (0.469638, 0.44095802), (0.465504, 0.23154902), (0.684146, 0.44120097), (0.302556, 0.126966), (0.290396, 0.19044602), (0.17621, 0.186311), (0.572515, 0.553446), (0.812437, 0.647449), (0.229108, 0.06154102), (0.264859, 0.44606602), (0.386948, 0.35486), (0.35898, 0.287975), (0.145323, 0.474279), (0.647665, 0.428433), (0.318607, 0.551986), (0.470246, 0.676878), (0.826178, 0.898812), (0.394123, 0.776353), (0.327484, 0.29965), (0.397528, 0.705577), (0.308393, 0.15165299), (0.409445, 0.365561), (0.159064, 0.14119399), (0.05631, 0.3821), (0.116868, 0.03673303), (0.735463, 0.817457), (0.735098, 0.657542), (0.629546, 0.643922), (0.666514, 0.45834804), (0.725126, 0.703388), (0.568745, 0.18168998), (0.614346, 0.583361), (0.264494, 0.42137897), (0.772673, 0.508451), (0.204422, 0.348171), (0.605226, 0.538609), (0.244308, 0.530218), (0.702022, 0.774164), (0.692172, 0.588833), (0.24443, 0.445701), (0.224852, 0.39474702), (0.114679, 0.08780897), (0.205517, 0.418217), (0.443129, 0.16417801), (0.224852, 0.41919), (0.729504, 0.46491504), (0.94766, 0.888597), (0.693874, 0.71944), (0.870442, 0.962048), (0.85512, 0.771124), (0.191289, 0.101671994), (0.745191, 0.88203), (0.516942, 0.63468), (0.125988, 0.117115974), (0.265102, 0.39766598), (0.674175, 0.525962), (0.686578, 0.629329), (0.067619, 0.480116), (0.283464, 0.20966), (0.308028, 0.21428096), (0.853174, 0.94101), (0.378679, 0.628964), (0.954348, 0.818551), (0.979763, 0.827793), (0.874212, 0.797634), (0.922123, 0.609628), (0.221325, 0.09036201), (0.014114, 0.429892), (0.644747, 0.566336), (0.616292, 0.701929), (0.917259, 0.752396), (0.497242, 0.741816), (0.624561, 0.49385798), (0.644139, 0.387451), (0.31958, 0.17621803), (0.157484, 0.30670297), (0.680012, 0.992694), (0.510497, 0.328349), (0.263278, 0.286151), (0.718438, 0.998044), (0.156754, 0.108482), (0.46672, 0.816484), (0.785806, 0.964967), (0.131217, 0.30402803), (0.373694, 0.387937), (0.081482, 0.37796497), (0.514145, 0.933957), (0.347671, 0.304757), (0.987546, 0.627018), (0.346211, 0.343185), (0.027125, 0.353765), (0.596714, 0.37127697), (0.787873, 0.535326), (0.79371, 0.563296), (0.245402, 0.083186984), (0.451155, 0.187527), (0.683903, 0.829861), (0.640491, 0.810525), (0.842108, 0.565485), (0.583945, 0.464185), (0.462221, 0.854304), (0.182534, 0.21695602), (0.361655, 0.462726), (0.605712, 0.620573), (0.332592, 0.401922), (0.312649, 0.36239898), (0.570447, 0.39766598), (0.500282, 0.43354), (0.492986, 0.526449), (0.443251, 0.42952704), (0.583459, 0.899299), (0.332105, 0.38076198), (0.713817, 0.969588), (0.948268, 0.725521), (0.845392, 0.792648), (0.710899, 0.500789), (0.408229, 0.11906201), (0.511713, 0.22486103), (0.746893, 0.591509), (0.683173, 0.650002), (0.910936, 0.777812), (0.998003, 0.72321), (0.829097, 0.682715), (0.500404, 0.783528), (0.436806, 0.14070797), (0.311433, 0.088781), (0.359101, 0.24346697), (0.624804, 0.40861), (0.672472, 0.547487), (0.204544, 0.39474702), (0.922731, 0.640152), (0.621034, 0.68235), (0.175481, 0.050231993), (0.567042, 0.930066), (0.707372, 0.404962), (0.553909, 0.594549), (0.369802, 0.184973), (0.628209, 0.22328001), (0.267534, 0.499695), (0.171225, 0.45445704), (0.437657, 0.32774103), (0.312284, 0.47002196), (0.456384, 0.40021896), (0.973683, 0.724548), (0.548316, 0.507964), (0.21561, 0.26353204), (0.487028, 0.616074), (0.789211, 0.642827), (0.48496, 0.760422), (0.231783, 0.12672299), (0.175602, 0.12064302), (0.231661, 0.098874986), (0.174508, 0.07041901), (0.923218, 0.698037), (0.523995, 0.10933298), (0.310095, 0.40386796), (0.513051, 0.19093204), (0.479002, 0.45676696), (0.097533, 0.238967), (0.342806, 0.18108201), (0.18983, 0.263897), (0.63818, 0.445822), (0.45991, 0.13912702), (0.82934, 0.7648), (0.295989, 0.339172), (0.162834, 0.417001), (0.620791, 0.19239098), (0.14581, 0.028221011), (0.424645, 0.436459), (0.206368, 0.325917), (0.936716, 0.556607), (0.194694, 0.19360697), (0.882237, 0.775137), (0.268629, 0.266572), (0.238958, 0.632491), (0.979641, 0.601602), (0.709804, 0.939916), (0.399109, 0.564512), (0.34305, 0.54773), (0.557071, 0.485223), (0.277992, 0.638693), (0.355332, 0.418339), (0.710291, 0.749599), (0.93854, 0.782433), (0.172197, 0.23969698), (0.898897, 0.670676), (0.56303, 0.734641), (0.788238, 0.805661), (0.377707, 0.302082), (0.113463, 0.536907), (0.658001, 0.43585098), (0.155416, 0.350968), (0.503201, 0.16271901), (0.076861, 0.15432799), (0.743002, 0.49106097), (0.957753, 0.593211), (0.625533, 0.663136), (0.895857, 0.546514), (0.521563, 0.670676), (0.300853, 0.31837702), (0.674783, 0.691957), (0.948511, 0.696335), (0.705791, 0.418096), (0.53652, 0.567066), (0.250023, 0.13414097), (0.716492, 0.474644), (0.667365, 0.41237998), (0.679525, 0.670797), (0.845392, 0.538245), (0.131825, 0.37383103), (0.697158, 0.456524), (0.575798, 0.13195199), (0.965535, 0.85929), (0.970035, 0.662163), (0.288693, 0.38003302), (0.442035, 0.66873), (0.754919, 0.686242), (0.440454, 0.510032), (0.718317, 0.726372), (0.668946, 0.71336), (0.200896, 0.08184999), (0.606199, 0.747167), (0.45687, 0.752396), (0.365911, 0.31631), (0.47049, 0.776353), (0.631492, 0.841535), (0.616778, 0.159679), (0.518401, 0.613033), (0.529467, 0.77842), (0.696063, 0.54846), (0.508795, 0.548703), (0.613373, 0.424541), (0.3135, 0.195432), (0.795778, 0.591387), (0.903518, 0.802256), (0.560111, 0.43317497), (0.537858, 0.750694), (0.857674, 0.632248), (0.063971, 0.411286), (0.512443, 0.762246), (0.181196, 0.328592), (0.086589, 0.266451), (0.057647, 0.22011799), (0.705427, 0.675054), (0.686943, 0.41444802), (0.541263, 0.46880603), (0.337213, 0.468077), (0.693145, 0.801161), (0.452128, 0.299406), (0.930149, 0.808944), (0.445439, 0.35254896), (0.697522, 0.391585), (0.488244, 0.18059498), (0.646449, 0.407638), (0.648395, 0.687701), (0.803925, 0.833387), (0.794805, 0.88349), (0.502593, 0.701929), (0.759783, 0.662893), (0.527035, 0.842751), (0.649611, 0.545663), (0.608874, 0.836063), (0.286991, 0.401192), (0.473773, 0.413961), (0.203814, 0.14107299), (0.23458, 0.30366302), (0.528737, 0.27399004), (0.452614, 0.792648), (0.581635, 0.598441), (0.365303, 0.117115974), (0.207219, 0.17062402), (0.923218, 0.66946), (0.329673, 0.23653501), (0.127326, 0.15031499), (0.676607, 0.481454), (0.648152, 0.475981), (0.243214, 0.10641503), (0.051567, 0.450687), (0.439846, 0.570227), (0.895614, 0.825118), (0.251361, 0.07236397), (0.652408, 0.18387902), (0.661406, 0.479994), (0.653502, 0.524138), (0.739962, 0.912919), (0.309609, 0.42527103), (0.185817, 0.28530002), (0.267777, 0.558796), (0.466477, 0.34999502), (0.530075, 0.696457), (0.574582, 0.36337197), (0.727315, 0.42137897), (0.345968, 0.16077298), (0.659582, 0.627991), (0.074915, 0.440107), (0.209165, 0.304636), (0.039164, 0.42004204), (0.886737, 0.88203), (0.172927, 0.034300983), (0.242849, 0.26328897), (0.532021, 0.72321), (0.917259, 0.550284), (0.655205, 0.38319397), (0.877738, 0.638693), (0.599997, 0.44339), (0.187398, 0.43816102), (0.097412, 0.43208098), (0.579932, 0.965089), (0.616656, 0.24225098), (0.660677, 0.38064098), (0.444831, 0.729047), (0.190073, 0.561472), (0.574703, 0.22133398), (0.693753, 0.503221), (0.630033, 0.75191), (0.719168, 0.590171), (0.142526, 0.16356999), (0.307177, 0.297096), (0.296719, 0.09303802), (0.587837, 0.19725597), (0.547343, 0.650975), (0.38476, 0.45396996), (0.583337, 0.741938), (0.896951, 0.698037), (0.116625, 0.07041901), (0.662136, 0.819889), (0.148728, 0.443025), (0.245646, 0.501276), (0.460761, 0.713847), (0.625777, 0.43658), (0.866794, 0.817821), (0.413701, 0.14204597), (0.419538, 0.839103), (0.394488, 0.16539401), (0.332835, 0.360332), (0.486298, 0.720048), (0.723667, 0.782312), (0.673323, 0.430135), (0.346211, 0.608899), (0.480461, 0.573754), (0.940972, 0.610966), (0.561205, 0.14873397), (0.094372, 0.16417801), (0.256955, 0.05764997), (0.483501, 0.15955698), (0.453708, 0.528881), (0.884669, 0.846399), (0.597443, 0.14581597), (0.566434, 0.48571002), (0.16101, 0.46333396), (0.435833, 0.704361), (0.66323, 0.42296004), (0.770363, 0.566093), (0.686335, 0.742181), (0.837731, 0.626046), (0.821801, 0.875828), (0.401419, 0.420285), (0.159916, 0.543717), (0.522657, 0.249426), (0.743488, 0.61352), (0.661893, 0.735736), (0.278235, 0.16539401), (0.237012, 0.554175), (0.609725, 0.48716903), (0.742151, 0.733182), (0.319459, 0.13110101), (0.538831, 0.816119), (0.366033, 0.224253), (0.478637, 0.508207), (0.488365, 0.640517), (0.413579, 0.28019202), (0.402392, 0.34342897), (0.743488, 0.44472802), (0.723059, 0.43147302), (0.739232, 0.635409), (0.881386, 0.921431), (0.834204, 0.655231), (0.111396, 0.105198026), (0.35144, 0.356076), (0.970764, 0.757139), (0.517307, 0.803715), (0.989126, 0.794229), (0.140459, 0.420771), (0.533966, 0.328471), (0.310946, 0.44716), (0.337091, 0.279584), (0.548802, 0.788757), (0.089264, 0.46844196), (0.665784, 0.588225), (0.749569, 0.970561), (0.425983, 0.18764901), (0.727194, 0.496898), (0.635383, 0.39572), (0.267048, 0.078930974), (0.224973, 0.370669), (0.522657, 0.173056), (0.532629, 0.300866), (0.332227, 0.13511401), (0.54941, 0.16685402), (0.525576, 0.59005), (0.692901, 0.435364), (0.518523, 0.654015), (0.419903, 0.165151), (0.056553, 0.182055), (0.588323, 0.579348), (0.03126, 0.387815), (0.550018, 0.853939), (0.183142, 0.30694604), (0.779118, 0.690741), (0.31423, 0.10690099), (0.595984, 0.937119), (0.905099, 0.898812), (0.189952, 0.132074), (0.180588, 0.350482), (0.973683, 0.692687), (0.1739, 0.15347701), (0.335024, 0.34087503), (0.294408, 0.556729), (0.370289, 0.094132006), (0.657758, 0.401192), (0.159186, 0.39584196), (0.925285, 0.874004), (0.694726, 0.569011), (0.62298, 0.94478), (0.706886, 0.451052), (0.415039, 0.38830197), (0.314473, 0.275693), (0.365303, 0.513193), (0.427199, 0.303298), (0.534331, 0.35717), (0.902059, 0.611088), (0.635991, 0.47148204), (0.288328, 0.470995), (0.719533, 0.54773), (0.140702, 0.25781596), (0.623953, 0.465158), (0.145931, 0.06178403), (0.600726, 0.773556), (0.870928, 0.865613), (0.773038, 0.715063), (0.147147, 0.012046993), (0.829705, 0.833874), (0.227162, 0.04865098), (0.269966, 0.353765), (0.559746, 0.255871), (0.027612, 0.31947196), (0.065065, 0.25781596), (0.160524, 0.284692), (0.130001, 0.45056498), (0.655813, 0.647692), (0.733152, 0.757261), (0.453587, 0.633464), (0.54029, 0.18777001), (0.582972, 0.262438), (0.577257, 0.616925), (0.468179, 0.549432), (0.286139, 0.292475), (0.590025, 0.409218), (0.526792, 0.45579398), (0.793954, 0.723089), (0.248199, 0.349387), (0.798088, 0.990505), (0.83542, 0.979317), (0.498945, 0.201877), (0.503201, 0.48473704), (0.772187, 0.592238), (0.483501, 0.13888401), (0.433644, 0.09753698), (0.178886, 0.48023796), (0.551842, 0.682958), (0.347427, 0.139005), (0.51074, 0.406421), (0.548072, 0.614371), (0.181196, 0.372858), (0.797845, 0.857466), (0.504052, 0.824388), (0.409202, 0.747045), (0.353629, 0.396936), (0.69278, 0.480967), (0.713088, 0.631518), (0.597443, 0.867437), (0.218528, 0.523408), (0.110058, 0.17488003), (0.946565, 0.667635), (0.501985, 0.17816299), (0.862781, 0.747289), (0.1193, 0.425636), (0.575068, 0.63468), (0.953132, 0.563417), (0.694969, 0.526205), (0.367492, 0.542501), (0.429145, 0.741208), (0.334173, 0.08963299), (0.224852, 0.47135997), (0.640369, 0.49872196), (0.341347, 0.11164403), (0.381476, 0.698524), (0.806235, 0.932011), (0.436806, 0.253317), (0.005237, 0.394382), (0.463801, 0.161381), (0.852566, 0.882638), (0.118327, 0.25015497), (0.754676, 0.765408), (0.485447, 0.913405), (0.280059, 0.312662), (0.106653, 0.37504697), (0.67308, 0.402165), (0.108234, 0.495925), (0.60705, 0.265235), (0.492013, 0.23191398), (0.340618, 0.517814), (0.561692, 0.82451), (0.352048, 0.376141), (0.165266, 0.26219404), (0.594038, 0.801769), (0.206733, 0.112372994), (0.687186, 0.381005), (0.806235, 0.757139), (0.764282, 0.540433), (0.289301, 0.586645), (0.620913, 0.873153), (0.245767, 0.371885), (0.043177, 0.25125003), (0.142283, 0.561107), (0.819977, 0.787663), (0.769633, 0.616439), (0.671256, 0.38805902), (0.18302, 0.39486897), (0.292584, 0.525841), (0.220717, 0.24334502), (0.271669, 0.067499995), (0.158943, 0.17609602), (0.451884, 0.691349), (0.54637, 0.951104), (0.614346, 0.516842), (0.837852, 0.74206), (0.617629, 0.805661), (0.111761, 0.139005), (0.191776, 0.511126), (0.546127, 0.63322), (0.844784, 0.717616), (0.361533, 0.092307985), (0.127569, 0.48473704), (0.925285, 0.580443), (0.816207, 0.620573), (0.185087, 0.416758), (0.162104, 0.603913), (0.174022, 0.581415), (0.551477, 0.11954802), (0.42878, 0.46187496), (0.662744, 0.608048), (0.658609, 0.921431), (0.217677, 0.119183004), (0.527886, 0.209903), (0.262305, 0.11565697), (0.837366, 0.919486), (0.65484, 0.414326), (0.525454, 0.684539), (0.186668, 0.460051), (0.555125, 0.29600096), (0.894154, 0.724791), (0.669067, 0.56816), (0.256833, 0.583361), (0.551964, 0.699497), (0.801615, 0.697673), (0.418565, 0.33418596), (0.266926, 0.37516797), (0.707129, 0.47817004), (0.823625, 0.853817), (0.398501, 0.25283098), (0.470368, 0.253803), (0.443615, 0.829861), (0.476448, 0.39657104), (0.8111, 0.810525), (0.693388, 0.40313804), (0.620426, 0.563539), (0.764404, 0.740114), (0.881751, 0.608899), (0.413336, 0.614614), (0.350467, 0.114683986), (0.214759, 0.19835001), (0.001953, 0.35790002), (0.600362, 0.295515), (0.376612, 0.601359), (0.228013, 0.22267199), (0.052175, 0.351941), (0.270209, 0.14095098), (0.380625, 0.430865), (0.07759, 0.350725), (0.814869, 0.732939), (0.634167, 0.912311), (0.517793, 0.500668), (0.529345, 0.15372002), (0.104343, 0.299771), (0.675512, 0.503829), (0.513172, 0.35425198), (0.29222, 0.27204502), (0.407499, 0.31083798), (0.373329, 0.27265298), (0.095466, 0.555878), (0.410539, 0.690498), (0.836758, 0.813322), (0.546492, 0.722967), (0.769147, 0.885071), (0.542965, 0.422839), (0.314595, 0.640395), (0.642923, 0.707766), (0.429509, 0.802377), (0.379166, 0.334673), (0.840892, 0.873396), (0.668338, 0.376871), (0.773038, 0.940037), (0.208922, 0.596495), (0.72841, 0.845183), (0.203936, 0.06409502), (0.16782, 0.43706703), (0.202477, 0.047312975), (0.679039, 0.964116), (0.392421, 0.288827), (0.633194, 0.624708), (0.111639, 0.40021896), (0.257198, 0.090241015), (0.508187, 0.861357), (0.868618, 0.722116), (0.111153, 0.212457), (0.577622, 0.447403), (0.671621, 0.79204), (0.734247, 0.520247), (0.36737, 0.14216697), (0.572515, 0.68916), (0.39011, 0.14301902), (0.493108, 0.375655), (0.432793, 0.38173497), (0.428901, 0.649151), (0.689618, 0.60902), (0.679282, 0.766138), (0.755527, 0.48181796), (0.077347, 0.22850901), (0.357399, 0.33041596), (0.392421, 0.375898), (0.53275, 0.879841), (0.303164, 0.23300803), (0.313987, 0.494709), (0.339523, 0.32251203), (0.290152, 0.14605904), (0.785077, 0.748505), (0.6822, 0.38963997), (0.780577, 0.830469), (0.224852, 0.444606), (0.222784, 0.575457), (0.380625, 0.723454), (0.601578, 0.17852801), (0.75881, 0.996828), (0.130123, 0.224374), (0.640004, 0.20418704), (0.293314, 0.10483402), (0.298057, 0.252101), (0.667608, 0.889205), (0.820706, 0.955117), (0.79748, 0.909149), (0.290152, 0.496898), (0.51074, 0.719562), (0.655691, 0.454821), (0.462829, 0.09851003), (0.643774, 0.880936), (0.611306, 0.723089), (0.700562, 0.697186), (0.859619, 0.835576), (0.424888, 0.680526), (0.48946, 0.42247403), (0.398622, 0.23069799), (0.850013, 0.691592), (0.562422, 0.574241), (0.369073, 0.204674), (0.886007, 0.576429), (0.484596, 0.87595), (0.09729, 0.12793899), (0.649124, 0.954995), (0.426591, 0.35790002), (0.775592, 0.773556), (0.298421, 0.17135298), (0.068227, 0.526084), (0.59647, 0.510032), (0.875306, 0.667514), (0.926866, 0.916689), (0.496634, 0.683201), (0.405432, 0.806512), (0.807573, 0.672743), (0.840406, 0.595887), (0.649246, 0.39778697), (0.741908, 0.544568), (0.172441, 0.022747993), (0.574095, 0.670311), (0.126961, 0.18740499), (0.135109, 0.39754403), (0.686092, 0.45932102), (0.564732, 0.522435), (0.530318, 0.531313), (0.554396, 0.35923803), (0.753825, 0.515504), (0.444223, 0.27520597), (0.509281, 0.897353), (0.344995, 0.579226), (0.462585, 0.421866), (0.134865, 0.281408), (0.155538, 0.328714), (0.245402, 0.607075), (0.477664, 0.698402), (0.532386, 0.38574803), (0.764647, 0.639422), (0.002561, 0.31995797), (0.714912, 0.90769), (0.205152, 0.46758997), (0.899991, 0.642219), (0.70944, 0.653164), (0.817788, 0.562323), (0.348643, 0.26061296), (0.607536, 0.21160501), (0.596106, 0.477562), (0.556585, 0.76103), (0.205882, 0.44241703), (0.465017, 0.49203396), (0.238714, 0.28311098), (0.479488, 0.30159497), (0.397285, 0.39766598), (0.889047, 0.75045), (0.513294, 0.38027596), (0.367005, 0.34731996), (0.640126, 0.586401), (0.350467, 0.09096998), (0.206125, 0.542866), (0.722329, 0.875342), (0.334902, 0.21829402), (0.363722, 0.48644), (0.420511, 0.714819), (0.286747, 0.446795), (0.598051, 0.3337), (0.433887, 0.231184), (0.315081, 0.613155), (0.854147, 0.663136), (0.637086, 0.42004204), (0.33928, 0.19993103), (0.584067, 0.532164), (0.51378, 0.12575), (0.650462, 0.38416696)] (
                    interpolation = "faceVarying"
                )
                int[] primvars:st1:indices = [624, 873, 824, 873, 853, 824, 824, 853, 971, 971, 853, 265, 265, 853, 442, 853, 873, 442, 442, 873, 852, 873, 624, 852, 971, 380, 824, 380, 621, 824, 824, 621, 925, 621, 380, 526, 526, 380, 164, 380, 971, 164, 164, 971, 639, 971, 265, 639, 639, 265, 272, 265, 341, 272, 272, 341, 898, 341, 893, 898, 898, 893, 343, 343, 893, 982, 893, 477, 982, 982, 477, 863, 477, 442, 863, 863, 442, 192, 442, 852, 192, 192, 852, 625, 852, 820, 625, 820, 933, 625, 625, 933, 275, 265, 442, 341, 442, 477, 341, 341, 477, 893, 625, 863, 192, 164, 639, 680, 639, 272, 680, 933, 820, 504, 504, 820, 394, 820, 852, 394, 394, 852, 682, 852, 624, 682, 682, 624, 955, 624, 824, 955, 955, 502, 682, 682, 502, 394, 502, 163, 394, 394, 163, 504, 163, 542, 504, 542, 202, 504, 202, 27, 504, 27, 887, 504, 504, 887, 933, 933, 887, 275, 887, 679, 275, 679, 894, 275, 275, 894, 625, 894, 264, 625, 625, 264, 863, 264, 210, 863, 863, 210, 982, 210, 767, 982, 982, 767, 632, 767, 588, 632, 632, 588, 343, 588, 670, 343, 343, 670, 898, 670, 13, 898, 898, 13, 226, 13, 453, 226, 226, 453, 272, 453, 571, 272, 272, 571, 680, 571, 851, 680, 680, 851, 164, 264, 894, 210, 894, 338, 210, 210, 338, 767, 343, 982, 632, 272, 898, 226, 851, 571, 710, 571, 453, 710, 710, 453, 759, 453, 221, 759, 221, 72, 759, 72, 332, 759, 759, 332, 710, 332, 851, 710, 221, 453, 418, 453, 13, 418, 418, 13, 359, 13, 670, 359, 670, 588, 359, 359, 588, 365, 588, 767, 365, 365, 767, 358, 767, 731, 358, 358, 731, 435, 435, 731, 249, 731, 338, 249, 249, 338, 894, 767, 338, 731, 359, 365, 121, 365, 358, 121, 358, 435, 34, 435, 97, 34, 97, 134, 34, 134, 539, 34, 34, 539, 358, 539, 409, 358, 358, 409, 121, 409, 468, 121, 121, 468, 359, 97, 435, 249, 468, 409, 516, 409, 539, 516, 516, 539, 246, 539, 990, 246, 990, 286, 246, 286, 308, 246, 246, 308, 516, 308, 468, 516, 990, 539, 638, 539, 134, 638, 638, 134, 500, 134, 97, 500, 500, 395, 638, 638, 395, 990, 395, 686, 990, 990, 686, 15, 15, 686, 915, 915, 686, 897, 686, 395, 897, 897, 395, 500, 15, 263, 990, 990, 263, 286, 263, 123, 286, 286, 123, 308, 123, 263, 293, 263, 15, 293, 293, 15, 127, 15, 581, 127, 581, 747, 127, 127, 747, 293, 747, 903, 293, 293, 903, 123, 581, 15, 392, 15, 915, 392, 392, 915, 783, 915, 897, 783, 783, 158, 392, 392, 158, 581, 158, 290, 581, 581, 290, 735, 735, 290, 616, 616, 290, 541, 290, 158, 541, 541, 158, 783, 735, 38, 581, 581, 38, 747, 38, 967, 747, 967, 975, 747, 747, 975, 903, 975, 298, 903, 903, 298, 123, 298, 294, 123, 294, 6, 123, 123, 6, 308, 6, 776, 308, 776, 821, 308, 308, 821, 468, 821, 697, 468, 468, 697, 73, 697, 221, 73, 221, 418, 73, 418, 359, 73, 73, 359, 468, 735, 59, 38, 38, 59, 967, 221, 697, 714, 697, 821, 714, 821, 776, 714, 714, 776, 648, 776, 6, 648, 6, 294, 648, 648, 294, 383, 294, 298, 383, 383, 298, 296, 298, 975, 296, 296, 975, 800, 800, 975, 559, 975, 813, 559, 559, 813, 393, 393, 813, 722, 813, 967, 722, 722, 967, 59, 296, 800, 383, 383, 800, 782, 782, 800, 674, 674, 800, 419, 419, 800, 870, 800, 559, 870, 870, 559, 393, 975, 967, 813, 782, 727, 383, 727, 115, 383, 383, 115, 648, 115, 288, 648, 288, 114, 648, 648, 114, 714, 114, 22, 714, 714, 22, 218, 22, 519, 218, 218, 519, 72, 519, 332, 72, 714, 218, 221, 218, 72, 221, 519, 22, 423, 22, 114, 423, 114, 288, 423, 423, 288, 667, 288, 115, 667, 115, 727, 667, 667, 727, 36, 727, 782, 36, 782, 674, 36, 36, 674, 949, 949, 674, 636, 674, 419, 636, 419, 870, 636, 636, 870, 580, 870, 393, 580, 580, 393, 603, 393, 722, 603, 603, 722, 21, 722, 59, 21, 21, 59, 793, 59, 735, 793, 793, 735, 207, 735, 985, 207, 207, 985, 565, 985, 904, 565, 904, 802, 565, 565, 802, 611, 802, 778, 611, 778, 237, 611, 611, 237, 207, 237, 116, 207, 207, 116, 21, 116, 797, 21, 797, 266, 21, 21, 266, 603, 603, 266, 580, 266, 702, 580, 580, 702, 636, 21, 793, 207, 735, 616, 985, 985, 616, 904, 616, 541, 904, 207, 565, 611, 116, 237, 797, 237, 762, 797, 797, 762, 211, 762, 641, 211, 641, 560, 211, 211, 560, 702, 560, 740, 702, 702, 740, 636, 740, 875, 636, 636, 875, 949, 702, 266, 211, 211, 266, 797, 875, 740, 28, 740, 560, 28, 28, 560, 548, 560, 641, 548, 548, 641, 531, 531, 641, 311, 311, 641, 214, 641, 762, 214, 762, 237, 214, 214, 237, 443, 237, 778, 443, 443, 778, 153, 778, 802, 153, 153, 854, 443, 443, 854, 214, 854, 936, 214, 936, 228, 214, 214, 228, 311, 311, 228, 531, 228, 138, 531, 531, 138, 550, 138, 321, 550, 321, 753, 550, 550, 753, 659, 659, 753, 344, 753, 836, 344, 836, 965, 344, 344, 965, 699, 965, 17, 699, 699, 17, 111, 111, 17, 777, 17, 58, 777, 58, 154, 777, 777, 154, 496, 496, 154, 178, 154, 657, 178, 657, 447, 178, 178, 447, 596, 596, 447, 792, 447, 931, 792, 531, 550, 548, 550, 492, 548, 548, 492, 28, 28, 492, 277, 277, 492, 659, 492, 550, 659, 792, 736, 596, 736, 178, 596, 931, 307, 792, 307, 527, 792, 792, 527, 736, 931, 631, 307, 631, 295, 307, 307, 295, 20, 20, 295, 102, 295, 578, 102, 102, 578, 690, 578, 47, 690, 47, 278, 690, 690, 278, 119, 278, 421, 119, 119, 421, 552, 552, 421, 946, 946, 421, 694, 694, 421, 107, 107, 421, 0, 421, 278, 0, 552, 386, 119, 386, 690, 119, 386, 552, 871, 552, 946, 871, 946, 55, 871, 55, 696, 871, 871, 696, 262, 696, 597, 262, 262, 597, 534, 534, 597, 647, 597, 785, 647, 647, 785, 113, 785, 1, 113, 113, 1, 572, 1, 379, 572, 572, 379, 663, 663, 379, 219, 379, 746, 219, 219, 746, 749, 746, 984, 749, 984, 796, 749, 749, 796, 834, 796, 672, 834, 834, 672, 523, 672, 195, 523, 523, 195, 79, 195, 16, 79, 79, 16, 370, 370, 16, 37, 16, 721, 37, 721, 918, 37, 37, 918, 64, 64, 918, 182, 918, 183, 182, 182, 183, 998, 183, 408, 998, 998, 408, 57, 408, 803, 57, 57, 803, 595, 803, 465, 595, 595, 465, 100, 465, 601, 100, 601, 480, 100, 100, 480, 906, 480, 44, 906, 906, 44, 420, 44, 535, 420, 535, 909, 420, 909, 391, 420, 391, 972, 420, 420, 972, 906, 972, 573, 906, 906, 573, 100, 573, 284, 100, 284, 652, 100, 100, 652, 595, 652, 847, 595, 595, 847, 57, 847, 141, 57, 57, 141, 998, 141, 720, 998, 998, 720, 182, 182, 720, 64, 720, 416, 64, 64, 416, 37, 37, 416, 378, 416, 754, 378, 378, 754, 297, 416, 720, 754, 754, 720, 598, 598, 720, 446, 720, 141, 446, 446, 141, 649, 141, 847, 649, 649, 847, 706, 847, 652, 706, 652, 284, 706, 706, 284, 230, 284, 573, 230, 230, 573, 566, 573, 972, 566, 566, 972, 193, 972, 391, 193, 391, 562, 193, 562, 763, 193, 193, 763, 707, 763, 169, 707, 169, 698, 707, 707, 698, 566, 566, 698, 230, 698, 131, 230, 230, 131, 706, 131, 808, 706, 808, 410, 706, 706, 410, 649, 410, 738, 649, 649, 738, 446, 446, 738, 598, 598, 738, 506, 506, 738, 717, 738, 410, 717, 717, 410, 371, 410, 808, 371, 808, 131, 371, 371, 131, 612, 131, 698, 612, 612, 698, 520, 520, 698, 650, 650, 698, 814, 698, 169, 814, 814, 169, 53, 169, 837, 53, 837, 991, 53, 991, 345, 53, 53, 345, 544, 544, 345, 360, 345, 711, 360, 711, 880, 360, 360, 880, 489, 489, 880, 499, 880, 433, 499, 499, 433, 846, 433, 48, 846, 48, 484, 846, 846, 484, 362, 362, 484, 709, 484, 593, 709, 593, 8, 709, 709, 8, 532, 532, 8, 171, 8, 833, 171, 171, 833, 838, 833, 315, 838, 315, 223, 838, 838, 223, 592, 592, 223, 993, 223, 860, 993, 993, 860, 231, 860, 434, 231, 434, 428, 231, 231, 428, 961, 961, 428, 867, 428, 250, 867, 867, 250, 802, 250, 801, 802, 802, 801, 153, 566, 193, 707, 169, 763, 837, 802, 904, 867, 867, 904, 961, 904, 817, 961, 961, 817, 231, 817, 774, 231, 231, 774, 143, 143, 774, 671, 774, 541, 671, 671, 541, 783, 904, 541, 817, 817, 541, 774, 231, 143, 993, 993, 143, 592, 143, 957, 592, 592, 957, 838, 838, 957, 212, 212, 957, 432, 957, 143, 432, 432, 143, 268, 143, 671, 268, 671, 783, 268, 268, 783, 201, 783, 897, 201, 201, 897, 765, 897, 184, 765, 765, 184, 681, 681, 184, 988, 184, 500, 988, 988, 500, 356, 500, 97, 356, 268, 201, 432, 201, 765, 432, 432, 765, 681, 897, 500, 184, 356, 185, 988, 185, 681, 988, 185, 356, 575, 356, 97, 575, 575, 97, 842, 97, 249, 842, 842, 249, 610, 249, 979, 610, 610, 979, 203, 203, 979, 679, 679, 979, 894, 979, 249, 894, 842, 18, 575, 575, 18, 185, 18, 204, 185, 204, 155, 185, 155, 232, 185, 185, 232, 681, 232, 50, 681, 50, 744, 681, 681, 744, 432, 432, 744, 212, 744, 431, 212, 212, 431, 838, 838, 431, 171, 171, 431, 532, 431, 233, 532, 532, 233, 709, 842, 610, 18, 610, 203, 18, 203, 422, 18, 422, 804, 18, 18, 804, 204, 744, 50, 431, 431, 50, 247, 50, 232, 247, 232, 155, 247, 247, 155, 190, 155, 204, 190, 204, 804, 190, 190, 804, 49, 804, 422, 49, 49, 422, 363, 422, 203, 363, 363, 203, 181, 203, 887, 181, 887, 396, 181, 181, 396, 363, 396, 958, 363, 363, 958, 49, 958, 254, 49, 254, 411, 49, 49, 411, 147, 411, 976, 147, 147, 976, 190, 976, 471, 190, 190, 471, 247, 471, 599, 247, 247, 599, 233, 233, 599, 709, 599, 622, 709, 709, 622, 362, 247, 233, 431, 887, 203, 679, 49, 147, 190, 599, 471, 622, 471, 976, 622, 622, 976, 718, 718, 976, 129, 976, 411, 129, 129, 411, 361, 411, 254, 361, 361, 254, 924, 254, 517, 924, 924, 517, 229, 229, 517, 827, 517, 396, 827, 827, 396, 27, 396, 887, 27, 396, 517, 958, 517, 254, 958, 362, 622, 846, 622, 718, 846, 27, 202, 827, 202, 886, 827, 827, 886, 229, 886, 981, 229, 981, 725, 229, 229, 725, 924, 924, 725, 361, 725, 133, 361, 361, 133, 129, 129, 133, 718, 133, 712, 718, 718, 712, 846, 846, 712, 499, 499, 712, 489, 489, 712, 859, 712, 133, 859, 859, 133, 186, 133, 725, 186, 186, 725, 963, 725, 981, 963, 963, 981, 850, 981, 42, 850, 850, 42, 331, 331, 42, 244, 42, 163, 244, 163, 502, 244, 244, 502, 978, 978, 502, 82, 502, 955, 82, 82, 955, 752, 955, 824, 752, 752, 824, 992, 824, 925, 992, 202, 542, 886, 542, 42, 886, 886, 42, 981, 163, 42, 542, 992, 825, 752, 752, 825, 82, 82, 825, 245, 245, 825, 68, 825, 255, 68, 68, 255, 764, 255, 80, 764, 80, 78, 764, 78, 371, 764, 764, 371, 68, 371, 612, 68, 68, 612, 245, 612, 520, 245, 520, 101, 245, 245, 101, 82, 82, 101, 978, 978, 101, 244, 244, 101, 331, 101, 637, 331, 331, 637, 850, 825, 992, 255, 255, 992, 80, 520, 650, 101, 101, 650, 637, 650, 197, 637, 637, 197, 683, 683, 197, 953, 197, 53, 953, 53, 544, 953, 953, 544, 33, 544, 360, 33, 360, 489, 33, 489, 859, 33, 859, 186, 33, 186, 963, 33, 33, 963, 683, 963, 850, 683, 683, 850, 637, 650, 814, 197, 197, 814, 53, 33, 683, 953, 83, 916, 554, 916, 543, 554, 554, 543, 818, 818, 543, 812, 543, 916, 812, 818, 857, 554, 857, 490, 554, 554, 490, 83, 490, 493, 83, 83, 493, 916, 493, 325, 916, 325, 511, 916, 916, 511, 812, 511, 452, 812, 452, 723, 812, 812, 723, 818, 723, 241, 818, 818, 241, 857, 241, 440, 857, 857, 440, 490, 440, 974, 490, 974, 640, 490, 490, 640, 482, 640, 620, 482, 620, 634, 482, 482, 634, 493, 634, 377, 493, 493, 377, 402, 377, 478, 402, 478, 40, 402, 402, 40, 325, 40, 589, 325, 325, 589, 511, 589, 962, 511, 962, 940, 511, 511, 940, 452, 940, 655, 452, 655, 32, 452, 452, 32, 723, 32, 947, 723, 723, 947, 884, 947, 205, 884, 205, 23, 884, 23, 241, 884, 884, 241, 723, 490, 482, 493, 493, 402, 325, 962, 589, 40, 205, 947, 103, 947, 32, 103, 103, 32, 574, 32, 655, 574, 574, 655, 306, 306, 655, 7, 655, 940, 7, 7, 940, 269, 940, 962, 269, 269, 962, 582, 962, 40, 582, 582, 40, 564, 40, 476, 564, 564, 476, 745, 745, 476, 60, 60, 476, 478, 476, 40, 478, 745, 604, 564, 564, 604, 582, 604, 787, 582, 582, 787, 269, 787, 196, 269, 269, 196, 7, 196, 623, 7, 7, 623, 306, 623, 481, 306, 481, 794, 306, 306, 794, 574, 794, 741, 574, 574, 741, 103, 741, 46, 103, 103, 46, 205, 46, 741, 75, 75, 741, 708, 741, 794, 708, 708, 794, 726, 794, 481, 726, 726, 481, 653, 653, 481, 400, 481, 623, 400, 400, 623, 705, 623, 196, 705, 705, 196, 469, 196, 787, 469, 469, 787, 923, 787, 604, 923, 923, 604, 989, 604, 745, 989, 745, 74, 989, 74, 273, 989, 989, 273, 855, 273, 51, 855, 51, 159, 855, 855, 159, 923, 923, 159, 469, 159, 888, 469, 469, 888, 705, 923, 989, 855, 51, 273, 750, 750, 273, 905, 273, 74, 905, 905, 74, 730, 74, 745, 730, 730, 745, 140, 745, 60, 140, 140, 60, 521, 60, 478, 521, 905, 730, 112, 112, 730, 271, 730, 140, 271, 271, 140, 862, 140, 521, 862, 862, 521, 826, 826, 521, 335, 521, 478, 335, 335, 478, 26, 478, 377, 26, 377, 634, 26, 634, 729, 26, 729, 166, 26, 26, 166, 335, 166, 354, 335, 335, 354, 826, 354, 586, 826, 826, 586, 862, 586, 941, 862, 862, 941, 271, 586, 354, 191, 191, 354, 234, 234, 354, 930, 930, 354, 877, 354, 166, 877, 877, 166, 513, 166, 729, 513, 729, 634, 513, 634, 620, 513, 513, 620, 766, 620, 640, 766, 766, 640, 45, 640, 974, 45, 45, 974, 238, 974, 440, 238, 238, 440, 576, 440, 241, 576, 576, 241, 187, 241, 23, 187, 187, 23, 920, 920, 23, 323, 23, 205, 323, 323, 205, 385, 385, 205, 450, 205, 46, 450, 46, 75, 450, 450, 75, 281, 281, 75, 874, 75, 357, 874, 874, 357, 217, 357, 522, 217, 522, 285, 217, 217, 285, 66, 285, 983, 66, 983, 642, 66, 642, 805, 66, 66, 805, 874, 805, 547, 874, 547, 703, 874, 874, 703, 281, 281, 703, 450, 703, 69, 450, 69, 508, 450, 450, 508, 385, 508, 861, 385, 385, 861, 323, 323, 861, 920, 861, 208, 920, 208, 568, 920, 568, 475, 920, 920, 475, 576, 475, 691, 576, 576, 691, 238, 576, 187, 920, 75, 708, 357, 357, 708, 522, 708, 726, 522, 874, 217, 66, 691, 475, 253, 253, 475, 568, 253, 769, 691, 691, 769, 238, 238, 769, 45, 45, 769, 766, 766, 769, 252, 769, 515, 252, 252, 515, 734, 734, 515, 479, 515, 791, 479, 479, 791, 351, 351, 791, 253, 253, 791, 769, 791, 515, 769, 734, 124, 252, 252, 124, 766, 124, 660, 766, 766, 660, 513, 660, 895, 513, 513, 895, 877, 895, 660, 236, 660, 124, 236, 124, 734, 236, 236, 734, 364, 734, 29, 364, 29, 387, 364, 364, 387, 236, 29, 734, 775, 734, 479, 775, 479, 919, 775, 775, 919, 29, 919, 845, 29, 845, 677, 29, 29, 677, 664, 677, 209, 664, 209, 561, 664, 561, 387, 664, 664, 387, 29, 209, 677, 932, 932, 677, 845, 209, 932, 19, 19, 932, 330, 932, 872, 330, 330, 872, 333, 333, 872, 366, 366, 872, 172, 872, 932, 172, 172, 932, 806, 932, 845, 806, 845, 919, 806, 806, 919, 912, 919, 157, 912, 157, 152, 912, 152, 172, 912, 912, 172, 806, 157, 919, 14, 919, 479, 14, 14, 479, 579, 479, 351, 579, 579, 351, 67, 351, 253, 67, 67, 253, 35, 253, 568, 35, 568, 208, 35, 35, 208, 614, 208, 861, 614, 614, 861, 473, 473, 861, 454, 861, 508, 454, 508, 69, 454, 454, 69, 461, 69, 703, 461, 461, 703, 373, 373, 703, 310, 703, 547, 310, 547, 805, 310, 310, 805, 889, 805, 292, 889, 292, 148, 889, 889, 148, 310, 148, 733, 310, 733, 969, 310, 310, 969, 373, 969, 497, 373, 373, 497, 461, 461, 497, 454, 497, 921, 454, 921, 301, 454, 454, 301, 473, 301, 607, 473, 473, 607, 614, 614, 607, 35, 607, 890, 35, 35, 890, 881, 890, 501, 881, 501, 579, 881, 579, 67, 881, 881, 67, 35, 579, 157, 14, 292, 805, 642, 501, 890, 291, 890, 607, 291, 291, 607, 436, 607, 472, 436, 472, 704, 436, 704, 590, 436, 436, 590, 291, 590, 501, 291, 607, 301, 472, 301, 921, 472, 472, 921, 283, 921, 497, 283, 283, 497, 70, 70, 497, 280, 497, 969, 280, 969, 733, 280, 280, 733, 628, 733, 148, 628, 148, 613, 628, 613, 964, 628, 628, 964, 280, 964, 512, 280, 512, 470, 280, 280, 470, 70, 470, 87, 70, 70, 87, 283, 283, 87, 472, 87, 618, 472, 472, 618, 704, 618, 757, 704, 704, 757, 590, 757, 618, 831, 618, 87, 831, 831, 87, 693, 693, 87, 662, 87, 470, 662, 470, 512, 662, 662, 512, 135, 512, 964, 135, 964, 401, 135, 401, 942, 135, 135, 942, 662, 942, 819, 662, 819, 713, 662, 662, 713, 693, 713, 900, 693, 693, 900, 831, 831, 900, 757, 900, 934, 757, 934, 188, 757, 757, 188, 160, 188, 227, 160, 227, 279, 160, 160, 279, 590, 279, 43, 590, 590, 43, 501, 43, 108, 501, 501, 108, 350, 108, 157, 350, 157, 579, 350, 350, 579, 501, 757, 160, 590, 108, 43, 279, 108, 4, 157, 157, 4, 152, 4, 966, 152, 152, 966, 172, 966, 430, 172, 172, 430, 366, 430, 643, 366, 366, 643, 333, 333, 643, 907, 907, 643, 715, 643, 336, 715, 715, 336, 716, 336, 913, 716, 913, 314, 716, 716, 314, 302, 302, 314, 216, 314, 629, 216, 216, 629, 939, 629, 665, 939, 939, 665, 675, 675, 665, 551, 551, 665, 76, 665, 629, 76, 76, 629, 314, 939, 675, 300, 300, 675, 466, 675, 235, 466, 466, 235, 317, 235, 675, 10, 10, 675, 173, 675, 551, 173, 173, 551, 692, 551, 76, 692, 235, 10, 316, 316, 10, 503, 503, 10, 533, 10, 173, 533, 533, 173, 600, 173, 692, 600, 235, 316, 317, 316, 162, 317, 317, 162, 635, 635, 162, 25, 162, 633, 25, 633, 397, 25, 25, 397, 375, 397, 668, 375, 375, 668, 71, 71, 668, 149, 668, 467, 149, 149, 467, 120, 467, 5, 120, 5, 177, 120, 177, 429, 120, 429, 342, 120, 120, 342, 149, 5, 467, 737, 467, 668, 737, 737, 668, 455, 455, 668, 367, 668, 397, 367, 397, 633, 367, 367, 633, 90, 633, 437, 90, 90, 437, 374, 437, 503, 374, 374, 503, 488, 503, 533, 488, 488, 533, 584, 533, 600, 584, 584, 600, 922, 600, 692, 922, 692, 142, 922, 142, 695, 922, 922, 695, 584, 695, 856, 584, 856, 368, 584, 368, 318, 584, 584, 318, 488, 318, 426, 488, 488, 426, 374, 426, 324, 374, 374, 324, 90, 90, 324, 367, 324, 105, 367, 105, 407, 367, 367, 407, 455, 455, 407, 737, 407, 525, 737, 525, 384, 737, 737, 384, 5, 384, 594, 5, 5, 594, 177, 594, 449, 177, 177, 449, 429, 429, 449, 56, 56, 449, 742, 449, 98, 742, 98, 798, 742, 742, 798, 424, 424, 798, 555, 555, 798, 81, 81, 798, 319, 798, 98, 319, 319, 98, 594, 98, 449, 594, 633, 162, 437, 162, 316, 437, 437, 316, 503, 594, 384, 319, 319, 384, 968, 384, 525, 968, 968, 684, 319, 319, 684, 81, 684, 929, 81, 81, 929, 555, 555, 929, 451, 451, 929, 213, 929, 165, 213, 165, 352, 213, 213, 352, 462, 462, 352, 179, 352, 970, 179, 179, 970, 346, 970, 347, 346, 346, 347, 606, 347, 487, 606, 606, 487, 719, 487, 198, 719, 198, 780, 719, 780, 372, 719, 719, 372, 606, 606, 372, 220, 220, 372, 167, 167, 372, 569, 569, 372, 148, 148, 372, 613, 372, 780, 613, 613, 780, 964, 780, 198, 964, 964, 198, 401, 198, 261, 401, 401, 261, 942, 31, 179, 346, 347, 970, 84, 970, 352, 84, 347, 84, 487, 487, 84, 198, 84, 799, 198, 198, 799, 261, 799, 630, 261, 261, 630, 942, 630, 799, 608, 799, 84, 608, 608, 84, 943, 84, 352, 943, 943, 352, 137, 352, 165, 137, 165, 929, 137, 137, 929, 832, 929, 684, 832, 832, 684, 557, 684, 968, 557, 557, 968, 439, 968, 525, 439, 525, 407, 439, 439, 407, 577, 577, 407, 815, 407, 105, 815, 105, 324, 815, 815, 324, 980, 324, 426, 980, 980, 426, 303, 426, 318, 303, 318, 368, 303, 303, 368, 779, 368, 856, 779, 779, 856, 828, 856, 695, 828, 828, 695, 509, 695, 728, 509, 728, 902, 509, 509, 902, 441, 902, 227, 441, 227, 188, 441, 188, 934, 441, 441, 934, 168, 934, 900, 168, 900, 772, 168, 168, 772, 779, 772, 417, 779, 779, 417, 303, 509, 441, 828, 828, 441, 779, 441, 168, 779, 417, 772, 844, 772, 900, 844, 900, 713, 844, 713, 819, 844, 844, 819, 150, 819, 942, 150, 150, 942, 376, 942, 630, 376, 376, 630, 926, 926, 630, 994, 994, 630, 491, 630, 608, 491, 608, 943, 491, 943, 137, 491, 137, 832, 491, 832, 557, 491, 491, 557, 938, 557, 439, 938, 938, 439, 92, 439, 577, 92, 491, 938, 994, 938, 92, 994, 994, 92, 926, 92, 795, 926, 926, 795, 376, 376, 795, 150, 795, 844, 150, 577, 815, 92, 815, 878, 92, 92, 878, 795, 878, 739, 795, 795, 739, 790, 739, 303, 790, 303, 417, 790, 417, 844, 790, 790, 844, 795, 878, 815, 739, 815, 980, 739, 739, 980, 303, 77, 93, 282, 282, 93, 536, 93, 528, 536, 528, 849, 536, 849, 89, 536, 89, 529, 536, 536, 529, 282, 529, 917, 282, 282, 917, 77, 77, 917, 156, 917, 96, 156, 156, 96, 444, 96, 267, 444, 267, 605, 444, 444, 605, 156, 605, 591, 156, 591, 256, 156, 156, 256, 77, 256, 464, 77, 77, 464, 950, 464, 732, 950, 950, 732, 93, 93, 732, 528, 732, 567, 528, 528, 567, 849, 529, 96, 917, 93, 77, 950, 567, 732, 822, 732, 464, 822, 822, 464, 678, 464, 256, 678, 678, 256, 654, 256, 591, 654, 654, 591, 41, 41, 591, 460, 591, 605, 460, 460, 605, 811, 605, 267, 811, 811, 267, 995, 995, 267, 415, 267, 96, 415, 415, 96, 689, 96, 685, 689, 689, 685, 326, 685, 529, 326, 326, 529, 748, 529, 89, 748, 748, 89, 139, 139, 89, 537, 89, 849, 537, 537, 849, 309, 849, 567, 309, 309, 567, 743, 743, 567, 109, 567, 369, 109, 109, 369, 882, 882, 369, 645, 369, 822, 645, 645, 822, 459, 822, 678, 459, 459, 678, 61, 678, 654, 61, 529, 685, 96, 822, 369, 567, 61, 299, 459, 459, 299, 645, 299, 448, 645, 448, 954, 645, 645, 954, 882, 954, 945, 882, 945, 687, 882, 882, 687, 109, 109, 687, 743, 687, 483, 743, 743, 483, 309, 483, 382, 309, 309, 382, 537, 382, 514, 537, 537, 514, 139, 61, 206, 299, 299, 206, 448, 514, 382, 322, 322, 382, 816, 382, 483, 816, 816, 483, 676, 483, 687, 676, 676, 687, 167, 167, 687, 220, 687, 945, 220, 220, 945, 606, 945, 773, 606, 606, 773, 346, 773, 287, 346, 346, 287, 31, 287, 891, 31, 31, 891, 52, 52, 891, 626, 891, 206, 626, 626, 206, 627, 206, 61, 627, 945, 954, 773, 773, 954, 287, 954, 448, 287, 287, 448, 891, 448, 206, 891, 626, 627, 545, 545, 627, 388, 627, 456, 388, 388, 456, 829, 456, 30, 829, 829, 30, 498, 30, 41, 498, 498, 41, 460, 627, 61, 456, 456, 61, 30, 61, 654, 30, 30, 654, 41, 388, 829, 505, 505, 829, 901, 829, 498, 901, 505, 901, 771, 771, 901, 242, 242, 901, 865, 901, 781, 865, 865, 781, 563, 563, 781, 556, 781, 9, 556, 556, 9, 673, 673, 9, 460, 9, 761, 460, 460, 761, 498, 498, 761, 901, 901, 761, 781, 761, 9, 781, 556, 673, 999, 999, 673, 327, 673, 944, 327, 327, 944, 507, 944, 673, 507, 507, 673, 811, 673, 460, 811, 327, 507, 646, 507, 995, 646, 646, 995, 381, 381, 995, 485, 995, 583, 485, 485, 583, 104, 583, 415, 104, 415, 689, 104, 104, 689, 973, 973, 689, 617, 689, 326, 617, 617, 326, 789, 326, 748, 789, 748, 139, 789, 789, 139, 132, 139, 514, 132, 132, 514, 830, 514, 322, 830, 830, 322, 983, 983, 322, 642, 322, 816, 642, 642, 816, 292, 816, 676, 292, 292, 676, 569, 676, 167, 569, 995, 507, 811, 415, 583, 995, 485, 104, 558, 104, 973, 558, 558, 973, 353, 148, 292, 569, 983, 285, 830, 285, 658, 830, 658, 243, 830, 830, 243, 132, 243, 289, 132, 132, 289, 789, 289, 937, 789, 789, 937, 617, 937, 125, 617, 617, 125, 973, 973, 125, 353, 353, 125, 602, 125, 951, 602, 602, 951, 398, 285, 522, 658, 125, 937, 951, 951, 937, 997, 937, 289, 997, 289, 243, 997, 997, 243, 260, 243, 658, 260, 260, 658, 927, 658, 522, 927, 927, 522, 389, 522, 726, 389, 726, 653, 389, 653, 457, 389, 389, 457, 927, 927, 457, 260, 457, 144, 260, 260, 144, 997, 997, 144, 951, 951, 144, 398, 398, 144, 952, 144, 457, 952, 952, 457, 145, 145, 457, 117, 457, 653, 117, 117, 653, 400, 534, 647, 348, 348, 647, 876, 647, 113, 876, 876, 113, 174, 113, 572, 174, 174, 572, 910, 572, 663, 910, 534, 348, 262, 348, 11, 262, 262, 11, 871, 11, 869, 871, 871, 869, 386, 869, 474, 386, 474, 406, 386, 386, 406, 690, 406, 65, 690, 690, 65, 102, 869, 11, 320, 320, 11, 348, 869, 320, 474, 474, 320, 304, 304, 320, 770, 770, 320, 807, 807, 320, 405, 320, 348, 405, 405, 348, 530, 348, 876, 530, 530, 876, 809, 876, 174, 809, 809, 174, 180, 174, 910, 180, 180, 910, 257, 910, 663, 257, 257, 663, 619, 663, 219, 619, 219, 749, 619, 619, 749, 651, 651, 749, 724, 749, 834, 724, 724, 834, 883, 834, 523, 883, 883, 523, 885, 523, 79, 885, 885, 79, 585, 79, 370, 585, 370, 37, 585, 37, 378, 585, 585, 378, 656, 378, 297, 656, 474, 304, 406, 304, 65, 406, 656, 587, 585, 585, 587, 885, 587, 62, 885, 885, 62, 883, 62, 546, 883, 883, 546, 724, 724, 546, 651, 546, 199, 651, 651, 199, 619, 199, 274, 619, 619, 274, 899, 899, 274, 935, 935, 274, 328, 274, 199, 328, 328, 199, 546, 619, 899, 257, 257, 899, 180, 899, 841, 180, 180, 841, 458, 458, 841, 2, 841, 899, 2, 2, 899, 615, 899, 935, 615, 615, 935, 258, 935, 328, 258, 180, 458, 809, 458, 403, 809, 809, 403, 530, 530, 403, 405, 405, 403, 807, 403, 518, 807, 807, 518, 770, 518, 666, 770, 770, 666, 304, 304, 666, 404, 404, 666, 669, 666, 518, 669, 458, 2, 126, 126, 2, 99, 2, 615, 99, 99, 615, 189, 615, 258, 189, 403, 458, 126, 304, 404, 334, 334, 404, 276, 404, 669, 276, 304, 334, 65, 65, 334, 102, 102, 334, 20, 20, 334, 307, 334, 151, 307, 307, 151, 527, 151, 570, 527, 527, 570, 736, 570, 948, 736, 736, 948, 879, 879, 948, 176, 948, 570, 176, 334, 276, 151, 151, 276, 570, 276, 669, 570, 879, 225, 736, 736, 225, 178, 225, 892, 178, 178, 892, 496, 496, 892, 777, 892, 700, 777, 700, 146, 777, 777, 146, 111, 146, 85, 111, 111, 85, 699, 699, 85, 344, 85, 840, 344, 344, 840, 659, 659, 840, 277, 840, 339, 277, 277, 339, 28, 892, 225, 879, 339, 840, 843, 840, 85, 843, 85, 118, 843, 118, 86, 843, 843, 86, 339, 86, 760, 339, 339, 760, 28, 28, 760, 875, 875, 760, 949, 760, 463, 949, 949, 463, 36, 463, 128, 36, 36, 128, 445, 128, 215, 445, 215, 960, 445, 445, 960, 667, 960, 494, 667, 667, 494, 423, 760, 86, 463, 463, 86, 128, 86, 215, 128, 36, 445, 667, 494, 960, 329, 329, 960, 215, 329, 661, 494, 494, 661, 423, 661, 549, 423, 423, 549, 519, 549, 239, 519, 519, 239, 977, 239, 399, 977, 399, 553, 977, 977, 553, 332, 553, 427, 332, 332, 427, 851, 519, 977, 332, 549, 661, 540, 661, 329, 540, 549, 540, 239, 540, 399, 239, 427, 553, 136, 553, 399, 136, 136, 194, 427, 427, 194, 851, 194, 911, 851, 851, 911, 164, 911, 896, 164, 164, 896, 526, 896, 911, 251, 911, 194, 251, 194, 136, 251, 251, 136, 175, 175, 136, 839, 839, 136, 784, 136, 399, 784, 784, 399, 12, 12, 399, 414, 399, 540, 414, 414, 540, 768, 768, 540, 701, 540, 329, 701, 701, 329, 959, 959, 329, 337, 329, 215, 337, 337, 215, 848, 215, 54, 848, 848, 54, 106, 54, 118, 106, 118, 85, 106, 85, 146, 106, 146, 700, 106, 106, 700, 495, 700, 892, 495, 495, 892, 412, 892, 879, 412, 215, 86, 54, 86, 118, 54, 412, 91, 495, 495, 91, 106, 106, 91, 848, 848, 91, 337, 337, 91, 959, 91, 688, 959, 959, 688, 701, 701, 688, 768, 688, 438, 768, 768, 438, 414, 414, 438, 12, 438, 94, 12, 12, 94, 784, 784, 94, 839, 94, 110, 839, 839, 110, 175, 110, 222, 175, 175, 222, 251, 222, 312, 251, 312, 313, 251, 251, 313, 896, 896, 313, 526, 313, 987, 526, 526, 987, 621, 110, 189, 222, 222, 189, 312, 189, 258, 312, 312, 258, 486, 258, 328, 486, 486, 328, 996, 996, 328, 413, 328, 546, 413, 413, 546, 390, 546, 62, 390, 390, 62, 161, 62, 587, 161, 161, 587, 644, 587, 656, 644, 644, 656, 349, 656, 297, 349, 349, 297, 240, 297, 754, 240, 754, 598, 240, 598, 506, 240, 506, 717, 240, 240, 717, 78, 717, 371, 78, 312, 486, 313, 313, 486, 987, 486, 996, 987, 78, 80, 240, 240, 80, 349, 349, 80, 644, 80, 95, 644, 644, 95, 130, 95, 992, 130, 992, 925, 130, 925, 928, 130, 130, 928, 161, 161, 928, 390, 390, 928, 413, 413, 928, 996, 996, 928, 987, 987, 928, 621, 928, 925, 621, 992, 95, 80, 130, 161, 644, 695, 142, 823, 142, 864, 823, 823, 864, 609, 609, 864, 270, 864, 755, 270, 270, 755, 76, 76, 755, 692, 755, 864, 692, 692, 864, 142, 270, 76, 810, 76, 314, 810, 810, 314, 751, 314, 913, 751, 751, 913, 866, 913, 336, 866, 336, 643, 866, 866, 643, 88, 643, 430, 88, 430, 966, 88, 88, 966, 538, 966, 305, 538, 305, 39, 538, 39, 866, 538, 538, 866, 88, 305, 966, 986, 966, 4, 986, 4, 108, 986, 986, 108, 868, 108, 279, 868, 868, 279, 170, 279, 227, 170, 227, 902, 170, 170, 902, 63, 902, 728, 63, 63, 728, 510, 510, 728, 823, 728, 695, 823, 986, 868, 305, 868, 170, 305, 170, 63, 305, 305, 63, 858, 63, 510, 858, 858, 510, 914, 510, 609, 914, 609, 270, 914, 270, 810, 914, 810, 751, 914, 751, 866, 914, 866, 39, 914, 914, 39, 858, 39, 305, 858, 510, 823, 609, 91, 412, 756, 412, 879, 756, 756, 879, 908, 879, 176, 908, 908, 176, 224, 176, 122, 224, 224, 122, 438, 122, 355, 438, 438, 355, 94, 91, 756, 688, 756, 908, 688, 908, 224, 688, 688, 224, 438, 355, 122, 259, 259, 122, 176, 259, 425, 355, 355, 425, 94, 425, 835, 94, 94, 835, 110, 835, 248, 110, 110, 248, 99, 99, 248, 126, 248, 524, 126, 126, 524, 200, 524, 518, 200, 518, 403, 200, 200, 403, 126, 248, 835, 524, 835, 425, 524, 425, 259, 524, 524, 259, 3, 259, 669, 3, 669, 518, 3, 3, 518, 524, 110, 99, 189, 259, 786, 669, 669, 786, 570, 570, 786, 176, 786, 259, 176, 895, 236, 956, 236, 24, 956, 956, 24, 340, 24, 387, 340, 340, 387, 788, 387, 561, 788, 236, 387, 24, 895, 956, 877, 877, 956, 930, 930, 956, 234, 234, 956, 758, 956, 340, 758]
                texCoord2f[] primvars:st2 = [(0.118935, 0.019950986), (0.288936, 0.07576901), (0.257928, 0.16004401), (0.18983, 0.16332698), (0.699225, 0.867924), (0.943525, 0.638814), (0.244794, 0.395355), (0.492013, 0.662771), (0.448966, 0.595887), (0.662987, 0.395477), (0.919083, 0.834968), (0.229108, 0.07467502), (0.196032, 0.24225098), (0.315567, 0.341604), (0.653137, 0.849196), (0.266075, 0.472211), (0.405432, 0.096198976), (0.009128, 0.28201604), (0.405554, 0.444242), (0.643896, 0.984546), (0.136933, 0.09777999), (0.166117, 0.495439), (0.230445, 0.32506597), (0.592944, 0.695727), (0.536763, 0.915594), (0.995815, 0.759085), (0.485082, 0.801039), (0.451033, 0.37674904), (0.087805, 0.405084), (0.60936, 0.905501), (0.700927, 0.427338), (0.787752, 0.498114), (0.549775, 0.667392), (0.551599, 0.39085603), (0.3332, 0.423325), (0.65484, 0.758841), (0.156632, 0.373587), (0.433279, 0.11784601), (0.223879, 0.49872196), (0.767809, 0.913527), (0.471098, 0.736222), (0.681349, 0.42393303), (0.489946, 0.350968), (0.714182, 0.809552), (0.634654, 0.17269099), (0.570934, 0.796175), (0.60024, 0.656691), (0.116625, 0.053393006), (0.533237, 0.519274), (0.449088, 0.45263302), (0.391569, 0.536664), (0.392056, 0.677364), (0.762823, 0.47026598), (0.577135, 0.32907903), (0.102397, 0.324701), (0.199558, 0.033936024), (0.968211, 0.579105), (0.538831, 0.13584399), (0.021045, 0.24602103), (0.201139, 0.491912), (0.440575, 0.767719), (0.717222, 0.44083703), (0.369194, 0.16442204), (0.773889, 0.856493), (0.459545, 0.11796701), (0.168185, 0.08963299), (0.636478, 0.605737), (0.648638, 0.783528), (0.498458, 0.255628), (0.652529, 0.667757), (0.730355, 0.680404), (0.996787, 0.688674), (0.257928, 0.30658102), (0.291612, 0.35948098), (0.402635, 0.721265), (0.602915, 0.63845), (0.864848, 0.902582), (0.675147, 0.44618702), (0.482042, 0.20807898), (0.385003, 0.118819), (0.459181, 0.209903), (0.906072, 0.578497), (0.474624, 0.277031), (0.522779, 0.73525), (0.818274, 0.591387), (0.05181, 0.320809), (0.103249, 0.34999502), (0.749447, 0.709712), (0.740448, 0.941983), (0.65715, 0.502005), (0.944863, 0.754464), (0.10945, 0.27484202), (0.872631, 0.695362), (0.676242, 0.46868503), (0.204422, 0.220361), (0.430604, 0.20978099), (0.647908, 0.45178103), (0.358493, 0.44035), (0.942309, 0.583118), (0.246619, 0.18035197), (0.582, 0.16344899), (0.507214, 0.303298), (0.143134, 0.079539), (0.574339, 0.652191), (0.611914, 0.45579398), (0.92115, 0.725521), (0.07905, 0.294542), (0.12307, 0.0019530058), (0.70567, 0.838738), (0.71479, 0.524016), (0.236525, 0.20139003), (0.033327, 0.285178), (0.385489, 0.749113), (0.282856, 0.086106), (0.226797, 0.34731996), (0.204057, 0.37139797), (0.150187, 0.508207), (0.499796, 0.584212), (0.076496, 0.32263398), (0.145931, 0.04427302), (0.965414, 0.634801), (0.310946, 0.38307297), (0.162712, 0.21002501), (0.244186, 0.42016304), (0.573366, 0.861235), (0.580297, 0.50006), (0.237985, 0.15445), (0.245159, 0.472333), (0.129758, 0.35023904), (0.490189, 0.47038698), (0.399838, 0.208444), (0.541871, 0.232036), (0.627114, 0.542987), (0.512929, 0.444485), (0.335146, 0.44533598), (0.784225, 0.666784), (0.247105, 0.244075), (0.861565, 0.601724), (0.02676, 0.46369898), (0.633438, 0.521341), (0.418565, 0.773799), (0.507214, 0.14387), (0.851107, 0.852601), (0.318607, 0.58482), (0.550018, 0.54469), (0.514145, 0.556486), (0.05631, 0.288948), (0.455532, 0.47379196), (0.716614, 0.610358), (0.993018, 0.656326), (0.82253, 0.708496), (0.143378, 0.12842602), (0.691564, 0.898569), (0.126475, 0.582631), (0.036489, 0.21209198), (0.410783, 0.498357), (0.665906, 0.44071496), (0.675391, 0.859168), (0.268872, 0.52961), (0.408715, 0.66265), (0.744826, 0.791068), (0.398136, 0.18704098), (0.964076, 0.788635), (0.459789, 0.32494402), (0.322499, 0.25526297), (0.865335, 0.572295), (0.485325, 0.839711), (0.720384, 0.569741), (0.797115, 0.781096), (0.577257, 0.29490697), (0.751149, 0.851872), (0.408715, 0.588347), (0.682687, 0.93189), (0.904612, 0.859654), (0.27483, 0.099117994), (0.252577, 0.22473902), (0.14435, 0.199566), (0.960307, 0.608777), (0.075037, 0.19080997), (0.812316, 0.530826), (0.282978, 0.122832), (0.438022, 0.40557003), (0.486906, 0.11954802), (0.493716, 0.10228002), (0.338794, 0.491669), (0.387435, 0.479021), (0.526305, 0.41444802), (0.588445, 0.717738), (0.76635, 0.798972), (0.268142, 0.18509501), (0.432914, 0.487777), (0.438386, 0.867681), (0.391934, 0.321782), (0.59489, 0.23276502), (0.273371, 0.24748003), (0.383665, 0.09595597), (0.462829, 0.654867), (0.555733, 0.32761896), (0.793954, 0.617898), (0.326147, 0.15663898), (0.219623, 0.14861298), (0.316175, 0.521463), (0.471098, 0.37419498), (0.420389, 0.41213703), (0.408715, 0.47026598), (0.596835, 0.67554), (0.738746, 0.45396996), (0.177305, 0.528151), (0.636721, 0.728926), (0.611306, 0.975669), (0.370654, 0.36714196), (0.110302, 0.458835), (0.371383, 0.573511), (0.872144, 0.542379), (0.088291, 0.509788), (0.129028, 0.32676804), (0.901207, 0.941132), (0.609482, 0.602332), (0.252699, 0.32786298), (0.331376, 0.10908997), (0.746042, 0.56889), (0.274587, 0.33309197), (0.25963, 0.20491701), (0.347184, 0.637477), (0.150066, 0.23410296), (0.093277, 0.20102596), (0.320432, 0.320688), (0.757838, 0.824753), (0.044758, 0.495803), (0.495418, 0.399247), (0.557436, 0.20370102), (0.281275, 0.613033), (0.388651, 0.506505), (0.427321, 0.548338), (0.460397, 0.892245), (0.941336, 0.846886), (0.557801, 0.893097), (0.132068, 0.522071), (0.577865, 0.768448), (0.212205, 0.283962), (0.471341, 0.18424404), (0.568866, 0.710077), (0.677458, 0.370304), (0.59647, 0.559283), (0.485082, 0.32616), (0.503201, 0.27921999), (0.286261, 0.423568), (0.416011, 0.526084), (0.226068, 0.17597401), (0.377342, 0.409218), (0.199923, 0.620816), (0.277749, 0.228387), (0.585283, 0.830833), (0.624439, 0.777569), (0.469638, 0.44095802), (0.465504, 0.23154902), (0.684146, 0.44120097), (0.302556, 0.126966), (0.290396, 0.19044602), (0.17621, 0.186311), (0.572515, 0.553446), (0.812437, 0.647449), (0.229108, 0.06154102), (0.264859, 0.44606602), (0.386948, 0.35486), (0.35898, 0.287975), (0.145323, 0.474279), (0.647665, 0.428433), (0.318607, 0.551986), (0.470246, 0.676878), (0.826178, 0.898812), (0.394123, 0.776353), (0.327484, 0.29965), (0.397528, 0.705577), (0.308393, 0.15165299), (0.409445, 0.365561), (0.159064, 0.14119399), (0.05631, 0.3821), (0.116868, 0.03673303), (0.735463, 0.817457), (0.735098, 0.657542), (0.629546, 0.643922), (0.666514, 0.45834804), (0.725126, 0.703388), (0.568745, 0.18168998), (0.614346, 0.583361), (0.264494, 0.42137897), (0.772673, 0.508451), (0.204422, 0.348171), (0.605226, 0.538609), (0.244308, 0.530218), (0.702022, 0.774164), (0.692172, 0.588833), (0.24443, 0.445701), (0.224852, 0.39474702), (0.114679, 0.08780897), (0.205517, 0.418217), (0.443129, 0.16417801), (0.224852, 0.41919), (0.729504, 0.46491504), (0.94766, 0.888597), (0.693874, 0.71944), (0.870442, 0.962048), (0.85512, 0.771124), (0.191289, 0.101671994), (0.745191, 0.88203), (0.516942, 0.63468), (0.125988, 0.117115974), (0.265102, 0.39766598), (0.674175, 0.525962), (0.686578, 0.629329), (0.067619, 0.480116), (0.283464, 0.20966), (0.308028, 0.21428096), (0.853174, 0.94101), (0.378679, 0.628964), (0.954348, 0.818551), (0.979763, 0.827793), (0.874212, 0.797634), (0.922123, 0.609628), (0.221325, 0.09036201), (0.014114, 0.429892), (0.644747, 0.566336), (0.616292, 0.701929), (0.917259, 0.752396), (0.497242, 0.741816), (0.624561, 0.49385798), (0.644139, 0.387451), (0.31958, 0.17621803), (0.157484, 0.30670297), (0.680012, 0.992694), (0.510497, 0.328349), (0.263278, 0.286151), (0.718438, 0.998044), (0.156754, 0.108482), (0.46672, 0.816484), (0.785806, 0.964967), (0.131217, 0.30402803), (0.373694, 0.387937), (0.081482, 0.37796497), (0.514145, 0.933957), (0.347671, 0.304757), (0.987546, 0.627018), (0.346211, 0.343185), (0.027125, 0.353765), (0.596714, 0.37127697), (0.787873, 0.535326), (0.79371, 0.563296), (0.245402, 0.083186984), (0.451155, 0.187527), (0.683903, 0.829861), (0.640491, 0.810525), (0.842108, 0.565485), (0.583945, 0.464185), (0.462221, 0.854304), (0.182534, 0.21695602), (0.361655, 0.462726), (0.605712, 0.620573), (0.332592, 0.401922), (0.312649, 0.36239898), (0.570447, 0.39766598), (0.500282, 0.43354), (0.492986, 0.526449), (0.443251, 0.42952704), (0.583459, 0.899299), (0.332105, 0.38076198), (0.713817, 0.969588), (0.948268, 0.725521), (0.845392, 0.792648), (0.710899, 0.500789), (0.408229, 0.11906201), (0.511713, 0.22486103), (0.746893, 0.591509), (0.683173, 0.650002), (0.910936, 0.777812), (0.998003, 0.72321), (0.829097, 0.682715), (0.500404, 0.783528), (0.436806, 0.14070797), (0.311433, 0.088781), (0.359101, 0.24346697), (0.624804, 0.40861), (0.672472, 0.547487), (0.204544, 0.39474702), (0.922731, 0.640152), (0.621034, 0.68235), (0.175481, 0.050231993), (0.567042, 0.930066), (0.707372, 0.404962), (0.553909, 0.594549), (0.369802, 0.184973), (0.628209, 0.22328001), (0.267534, 0.499695), (0.171225, 0.45445704), (0.437657, 0.32774103), (0.312284, 0.47002196), (0.456384, 0.40021896), (0.973683, 0.724548), (0.548316, 0.507964), (0.21561, 0.26353204), (0.487028, 0.616074), (0.789211, 0.642827), (0.48496, 0.760422), (0.231783, 0.12672299), (0.175602, 0.12064302), (0.231661, 0.098874986), (0.174508, 0.07041901), (0.923218, 0.698037), (0.523995, 0.10933298), (0.310095, 0.40386796), (0.513051, 0.19093204), (0.479002, 0.45676696), (0.097533, 0.238967), (0.342806, 0.18108201), (0.18983, 0.263897), (0.63818, 0.445822), (0.45991, 0.13912702), (0.82934, 0.7648), (0.295989, 0.339172), (0.162834, 0.417001), (0.620791, 0.19239098), (0.14581, 0.028221011), (0.424645, 0.436459), (0.206368, 0.325917), (0.936716, 0.556607), (0.194694, 0.19360697), (0.882237, 0.775137), (0.268629, 0.266572), (0.238958, 0.632491), (0.979641, 0.601602), (0.709804, 0.939916), (0.399109, 0.564512), (0.34305, 0.54773), (0.557071, 0.485223), (0.277992, 0.638693), (0.355332, 0.418339), (0.710291, 0.749599), (0.93854, 0.782433), (0.172197, 0.23969698), (0.898897, 0.670676), (0.56303, 0.734641), (0.788238, 0.805661), (0.377707, 0.302082), (0.113463, 0.536907), (0.658001, 0.43585098), (0.155416, 0.350968), (0.503201, 0.16271901), (0.076861, 0.15432799), (0.743002, 0.49106097), (0.957753, 0.593211), (0.625533, 0.663136), (0.895857, 0.546514), (0.521563, 0.670676), (0.300853, 0.31837702), (0.674783, 0.691957), (0.948511, 0.696335), (0.705791, 0.418096), (0.53652, 0.567066), (0.250023, 0.13414097), (0.716492, 0.474644), (0.667365, 0.41237998), (0.679525, 0.670797), (0.845392, 0.538245), (0.131825, 0.37383103), (0.697158, 0.456524), (0.575798, 0.13195199), (0.965535, 0.85929), (0.970035, 0.662163), (0.288693, 0.38003302), (0.442035, 0.66873), (0.754919, 0.686242), (0.440454, 0.510032), (0.718317, 0.726372), (0.668946, 0.71336), (0.200896, 0.08184999), (0.606199, 0.747167), (0.45687, 0.752396), (0.365911, 0.31631), (0.47049, 0.776353), (0.631492, 0.841535), (0.616778, 0.159679), (0.518401, 0.613033), (0.529467, 0.77842), (0.696063, 0.54846), (0.508795, 0.548703), (0.613373, 0.424541), (0.3135, 0.195432), (0.795778, 0.591387), (0.903518, 0.802256), (0.560111, 0.43317497), (0.537858, 0.750694), (0.857674, 0.632248), (0.063971, 0.411286), (0.512443, 0.762246), (0.181196, 0.328592), (0.086589, 0.266451), (0.057647, 0.22011799), (0.705427, 0.675054), (0.686943, 0.41444802), (0.541263, 0.46880603), (0.337213, 0.468077), (0.693145, 0.801161), (0.452128, 0.299406), (0.930149, 0.808944), (0.445439, 0.35254896), (0.697522, 0.391585), (0.488244, 0.18059498), (0.646449, 0.407638), (0.648395, 0.687701), (0.803925, 0.833387), (0.794805, 0.88349), (0.502593, 0.701929), (0.759783, 0.662893), (0.527035, 0.842751), (0.649611, 0.545663), (0.608874, 0.836063), (0.286991, 0.401192), (0.473773, 0.413961), (0.203814, 0.14107299), (0.23458, 0.30366302), (0.528737, 0.27399004), (0.452614, 0.792648), (0.581635, 0.598441), (0.365303, 0.117115974), (0.207219, 0.17062402), (0.923218, 0.66946), (0.329673, 0.23653501), (0.127326, 0.15031499), (0.676607, 0.481454), (0.648152, 0.475981), (0.243214, 0.10641503), (0.051567, 0.450687), (0.439846, 0.570227), (0.895614, 0.825118), (0.251361, 0.07236397), (0.652408, 0.18387902), (0.661406, 0.479994), (0.653502, 0.524138), (0.739962, 0.912919), (0.309609, 0.42527103), (0.185817, 0.28530002), (0.267777, 0.558796), (0.466477, 0.34999502), (0.530075, 0.696457), (0.574582, 0.36337197), (0.727315, 0.42137897), (0.345968, 0.16077298), (0.659582, 0.627991), (0.074915, 0.440107), (0.209165, 0.304636), (0.039164, 0.42004204), (0.886737, 0.88203), (0.172927, 0.034300983), (0.242849, 0.26328897), (0.532021, 0.72321), (0.917259, 0.550284), (0.655205, 0.38319397), (0.877738, 0.638693), (0.599997, 0.44339), (0.187398, 0.43816102), (0.097412, 0.43208098), (0.579932, 0.965089), (0.616656, 0.24225098), (0.660677, 0.38064098), (0.444831, 0.729047), (0.190073, 0.561472), (0.574703, 0.22133398), (0.693753, 0.503221), (0.630033, 0.75191), (0.719168, 0.590171), (0.142526, 0.16356999), (0.307177, 0.297096), (0.296719, 0.09303802), (0.587837, 0.19725597), (0.547343, 0.650975), (0.38476, 0.45396996), (0.583337, 0.741938), (0.896951, 0.698037), (0.116625, 0.07041901), (0.662136, 0.819889), (0.148728, 0.443025), (0.245646, 0.501276), (0.460761, 0.713847), (0.625777, 0.43658), (0.866794, 0.817821), (0.413701, 0.14204597), (0.419538, 0.839103), (0.394488, 0.16539401), (0.332835, 0.360332), (0.486298, 0.720048), (0.723667, 0.782312), (0.673323, 0.430135), (0.346211, 0.608899), (0.480461, 0.573754), (0.940972, 0.610966), (0.561205, 0.14873397), (0.094372, 0.16417801), (0.256955, 0.05764997), (0.483501, 0.15955698), (0.453708, 0.528881), (0.884669, 0.846399), (0.597443, 0.14581597), (0.566434, 0.48571002), (0.16101, 0.46333396), (0.435833, 0.704361), (0.66323, 0.42296004), (0.770363, 0.566093), (0.686335, 0.742181), (0.837731, 0.626046), (0.821801, 0.875828), (0.401419, 0.420285), (0.159916, 0.543717), (0.522657, 0.249426), (0.743488, 0.61352), (0.661893, 0.735736), (0.278235, 0.16539401), (0.237012, 0.554175), (0.609725, 0.48716903), (0.742151, 0.733182), (0.319459, 0.13110101), (0.538831, 0.816119), (0.366033, 0.224253), (0.478637, 0.508207), (0.488365, 0.640517), (0.413579, 0.28019202), (0.402392, 0.34342897), (0.743488, 0.44472802), (0.723059, 0.43147302), (0.739232, 0.635409), (0.881386, 0.921431), (0.834204, 0.655231), (0.111396, 0.105198026), (0.35144, 0.356076), (0.970764, 0.757139), (0.517307, 0.803715), (0.989126, 0.794229), (0.140459, 0.420771), (0.533966, 0.328471), (0.310946, 0.44716), (0.337091, 0.279584), (0.548802, 0.788757), (0.089264, 0.46844196), (0.665784, 0.588225), (0.749569, 0.970561), (0.425983, 0.18764901), (0.727194, 0.496898), (0.635383, 0.39572), (0.267048, 0.078930974), (0.224973, 0.370669), (0.522657, 0.173056), (0.532629, 0.300866), (0.332227, 0.13511401), (0.54941, 0.16685402), (0.525576, 0.59005), (0.692901, 0.435364), (0.518523, 0.654015), (0.419903, 0.165151), (0.056553, 0.182055), (0.588323, 0.579348), (0.03126, 0.387815), (0.550018, 0.853939), (0.183142, 0.30694604), (0.779118, 0.690741), (0.31423, 0.10690099), (0.595984, 0.937119), (0.905099, 0.898812), (0.189952, 0.132074), (0.180588, 0.350482), (0.973683, 0.692687), (0.1739, 0.15347701), (0.335024, 0.34087503), (0.294408, 0.556729), (0.370289, 0.094132006), (0.657758, 0.401192), (0.159186, 0.39584196), (0.925285, 0.874004), (0.694726, 0.569011), (0.62298, 0.94478), (0.706886, 0.451052), (0.415039, 0.38830197), (0.314473, 0.275693), (0.365303, 0.513193), (0.427199, 0.303298), (0.534331, 0.35717), (0.902059, 0.611088), (0.635991, 0.47148204), (0.288328, 0.470995), (0.719533, 0.54773), (0.140702, 0.25781596), (0.623953, 0.465158), (0.145931, 0.06178403), (0.600726, 0.773556), (0.870928, 0.865613), (0.773038, 0.715063), (0.147147, 0.012046993), (0.829705, 0.833874), (0.227162, 0.04865098), (0.269966, 0.353765), (0.559746, 0.255871), (0.027612, 0.31947196), (0.065065, 0.25781596), (0.160524, 0.284692), (0.130001, 0.45056498), (0.655813, 0.647692), (0.733152, 0.757261), (0.453587, 0.633464), (0.54029, 0.18777001), (0.582972, 0.262438), (0.577257, 0.616925), (0.468179, 0.549432), (0.286139, 0.292475), (0.590025, 0.409218), (0.526792, 0.45579398), (0.793954, 0.723089), (0.248199, 0.349387), (0.798088, 0.990505), (0.83542, 0.979317), (0.498945, 0.201877), (0.503201, 0.48473704), (0.772187, 0.592238), (0.483501, 0.13888401), (0.433644, 0.09753698), (0.178886, 0.48023796), (0.551842, 0.682958), (0.347427, 0.139005), (0.51074, 0.406421), (0.548072, 0.614371), (0.181196, 0.372858), (0.797845, 0.857466), (0.504052, 0.824388), (0.409202, 0.747045), (0.353629, 0.396936), (0.69278, 0.480967), (0.713088, 0.631518), (0.597443, 0.867437), (0.218528, 0.523408), (0.110058, 0.17488003), (0.946565, 0.667635), (0.501985, 0.17816299), (0.862781, 0.747289), (0.1193, 0.425636), (0.575068, 0.63468), (0.953132, 0.563417), (0.694969, 0.526205), (0.367492, 0.542501), (0.429145, 0.741208), (0.334173, 0.08963299), (0.224852, 0.47135997), (0.640369, 0.49872196), (0.341347, 0.11164403), (0.381476, 0.698524), (0.806235, 0.932011), (0.436806, 0.253317), (0.005237, 0.394382), (0.463801, 0.161381), (0.852566, 0.882638), (0.118327, 0.25015497), (0.754676, 0.765408), (0.485447, 0.913405), (0.280059, 0.312662), (0.106653, 0.37504697), (0.67308, 0.402165), (0.108234, 0.495925), (0.60705, 0.265235), (0.492013, 0.23191398), (0.340618, 0.517814), (0.561692, 0.82451), (0.352048, 0.376141), (0.165266, 0.26219404), (0.594038, 0.801769), (0.206733, 0.112372994), (0.687186, 0.381005), (0.806235, 0.757139), (0.764282, 0.540433), (0.289301, 0.586645), (0.620913, 0.873153), (0.245767, 0.371885), (0.043177, 0.25125003), (0.142283, 0.561107), (0.819977, 0.787663), (0.769633, 0.616439), (0.671256, 0.38805902), (0.18302, 0.39486897), (0.292584, 0.525841), (0.220717, 0.24334502), (0.271669, 0.067499995), (0.158943, 0.17609602), (0.451884, 0.691349), (0.54637, 0.951104), (0.614346, 0.516842), (0.837852, 0.74206), (0.617629, 0.805661), (0.111761, 0.139005), (0.191776, 0.511126), (0.546127, 0.63322), (0.844784, 0.717616), (0.361533, 0.092307985), (0.127569, 0.48473704), (0.925285, 0.580443), (0.816207, 0.620573), (0.185087, 0.416758), (0.162104, 0.603913), (0.174022, 0.581415), (0.551477, 0.11954802), (0.42878, 0.46187496), (0.662744, 0.608048), (0.658609, 0.921431), (0.217677, 0.119183004), (0.527886, 0.209903), (0.262305, 0.11565697), (0.837366, 0.919486), (0.65484, 0.414326), (0.525454, 0.684539), (0.186668, 0.460051), (0.555125, 0.29600096), (0.894154, 0.724791), (0.669067, 0.56816), (0.256833, 0.583361), (0.551964, 0.699497), (0.801615, 0.697673), (0.418565, 0.33418596), (0.266926, 0.37516797), (0.707129, 0.47817004), (0.823625, 0.853817), (0.398501, 0.25283098), (0.470368, 0.253803), (0.443615, 0.829861), (0.476448, 0.39657104), (0.8111, 0.810525), (0.693388, 0.40313804), (0.620426, 0.563539), (0.764404, 0.740114), (0.881751, 0.608899), (0.413336, 0.614614), (0.350467, 0.114683986), (0.214759, 0.19835001), (0.001953, 0.35790002), (0.600362, 0.295515), (0.376612, 0.601359), (0.228013, 0.22267199), (0.052175, 0.351941), (0.270209, 0.14095098), (0.380625, 0.430865), (0.07759, 0.350725), (0.814869, 0.732939), (0.634167, 0.912311), (0.517793, 0.500668), (0.529345, 0.15372002), (0.104343, 0.299771), (0.675512, 0.503829), (0.513172, 0.35425198), (0.29222, 0.27204502), (0.407499, 0.31083798), (0.373329, 0.27265298), (0.095466, 0.555878), (0.410539, 0.690498), (0.836758, 0.813322), (0.546492, 0.722967), (0.769147, 0.885071), (0.542965, 0.422839), (0.314595, 0.640395), (0.642923, 0.707766), (0.429509, 0.802377), (0.379166, 0.334673), (0.840892, 0.873396), (0.668338, 0.376871), (0.773038, 0.940037), (0.208922, 0.596495), (0.72841, 0.845183), (0.203936, 0.06409502), (0.16782, 0.43706703), (0.202477, 0.047312975), (0.679039, 0.964116), (0.392421, 0.288827), (0.633194, 0.624708), (0.111639, 0.40021896), (0.257198, 0.090241015), (0.508187, 0.861357), (0.868618, 0.722116), (0.111153, 0.212457), (0.577622, 0.447403), (0.671621, 0.79204), (0.734247, 0.520247), (0.36737, 0.14216697), (0.572515, 0.68916), (0.39011, 0.14301902), (0.493108, 0.375655), (0.432793, 0.38173497), (0.428901, 0.649151), (0.689618, 0.60902), (0.679282, 0.766138), (0.755527, 0.48181796), (0.077347, 0.22850901), (0.357399, 0.33041596), (0.392421, 0.375898), (0.53275, 0.879841), (0.303164, 0.23300803), (0.313987, 0.494709), (0.339523, 0.32251203), (0.290152, 0.14605904), (0.785077, 0.748505), (0.6822, 0.38963997), (0.780577, 0.830469), (0.224852, 0.444606), (0.222784, 0.575457), (0.380625, 0.723454), (0.601578, 0.17852801), (0.75881, 0.996828), (0.130123, 0.224374), (0.640004, 0.20418704), (0.293314, 0.10483402), (0.298057, 0.252101), (0.667608, 0.889205), (0.820706, 0.955117), (0.79748, 0.909149), (0.290152, 0.496898), (0.51074, 0.719562), (0.655691, 0.454821), (0.462829, 0.09851003), (0.643774, 0.880936), (0.611306, 0.723089), (0.700562, 0.697186), (0.859619, 0.835576), (0.424888, 0.680526), (0.48946, 0.42247403), (0.398622, 0.23069799), (0.850013, 0.691592), (0.562422, 0.574241), (0.369073, 0.204674), (0.886007, 0.576429), (0.484596, 0.87595), (0.09729, 0.12793899), (0.649124, 0.954995), (0.426591, 0.35790002), (0.775592, 0.773556), (0.298421, 0.17135298), (0.068227, 0.526084), (0.59647, 0.510032), (0.875306, 0.667514), (0.926866, 0.916689), (0.496634, 0.683201), (0.405432, 0.806512), (0.807573, 0.672743), (0.840406, 0.595887), (0.649246, 0.39778697), (0.741908, 0.544568), (0.172441, 0.022747993), (0.574095, 0.670311), (0.126961, 0.18740499), (0.135109, 0.39754403), (0.686092, 0.45932102), (0.564732, 0.522435), (0.530318, 0.531313), (0.554396, 0.35923803), (0.753825, 0.515504), (0.444223, 0.27520597), (0.509281, 0.897353), (0.344995, 0.579226), (0.462585, 0.421866), (0.134865, 0.281408), (0.155538, 0.328714), (0.245402, 0.607075), (0.477664, 0.698402), (0.532386, 0.38574803), (0.764647, 0.639422), (0.002561, 0.31995797), (0.714912, 0.90769), (0.205152, 0.46758997), (0.899991, 0.642219), (0.70944, 0.653164), (0.817788, 0.562323), (0.348643, 0.26061296), (0.607536, 0.21160501), (0.596106, 0.477562), (0.556585, 0.76103), (0.205882, 0.44241703), (0.465017, 0.49203396), (0.238714, 0.28311098), (0.479488, 0.30159497), (0.397285, 0.39766598), (0.889047, 0.75045), (0.513294, 0.38027596), (0.367005, 0.34731996), (0.640126, 0.586401), (0.350467, 0.09096998), (0.206125, 0.542866), (0.722329, 0.875342), (0.334902, 0.21829402), (0.363722, 0.48644), (0.420511, 0.714819), (0.286747, 0.446795), (0.598051, 0.3337), (0.433887, 0.231184), (0.315081, 0.613155), (0.854147, 0.663136), (0.637086, 0.42004204), (0.33928, 0.19993103), (0.584067, 0.532164), (0.51378, 0.12575), (0.650462, 0.38416696)] (
                    interpolation = "faceVarying"
                )
                int[] primvars:st2:indices = [624, 873, 824, 873, 853, 824, 824, 853, 971, 971, 853, 265, 265, 853, 442, 853, 873, 442, 442, 873, 852, 873, 624, 852, 971, 380, 824, 380, 621, 824, 824, 621, 925, 621, 380, 526, 526, 380, 164, 380, 971, 164, 164, 971, 639, 971, 265, 639, 639, 265, 272, 265, 341, 272, 272, 341, 898, 341, 893, 898, 898, 893, 343, 343, 893, 982, 893, 477, 982, 982, 477, 863, 477, 442, 863, 863, 442, 192, 442, 852, 192, 192, 852, 625, 852, 820, 625, 820, 933, 625, 625, 933, 275, 265, 442, 341, 442, 477, 341, 341, 477, 893, 625, 863, 192, 164, 639, 680, 639, 272, 680, 933, 820, 504, 504, 820, 394, 820, 852, 394, 394, 852, 682, 852, 624, 682, 682, 624, 955, 624, 824, 955, 955, 502, 682, 682, 502, 394, 502, 163, 394, 394, 163, 504, 163, 542, 504, 542, 202, 504, 202, 27, 504, 27, 887, 504, 504, 887, 933, 933, 887, 275, 887, 679, 275, 679, 894, 275, 275, 894, 625, 894, 264, 625, 625, 264, 863, 264, 210, 863, 863, 210, 982, 210, 767, 982, 982, 767, 632, 767, 588, 632, 632, 588, 343, 588, 670, 343, 343, 670, 898, 670, 13, 898, 898, 13, 226, 13, 453, 226, 226, 453, 272, 453, 571, 272, 272, 571, 680, 571, 851, 680, 680, 851, 164, 264, 894, 210, 894, 338, 210, 210, 338, 767, 343, 982, 632, 272, 898, 226, 851, 571, 710, 571, 453, 710, 710, 453, 759, 453, 221, 759, 221, 72, 759, 72, 332, 759, 759, 332, 710, 332, 851, 710, 221, 453, 418, 453, 13, 418, 418, 13, 359, 13, 670, 359, 670, 588, 359, 359, 588, 365, 588, 767, 365, 365, 767, 358, 767, 731, 358, 358, 731, 435, 435, 731, 249, 731, 338, 249, 249, 338, 894, 767, 338, 731, 359, 365, 121, 365, 358, 121, 358, 435, 34, 435, 97, 34, 97, 134, 34, 134, 539, 34, 34, 539, 358, 539, 409, 358, 358, 409, 121, 409, 468, 121, 121, 468, 359, 97, 435, 249, 468, 409, 516, 409, 539, 516, 516, 539, 246, 539, 990, 246, 990, 286, 246, 286, 308, 246, 246, 308, 516, 308, 468, 516, 990, 539, 638, 539, 134, 638, 638, 134, 500, 134, 97, 500, 500, 395, 638, 638, 395, 990, 395, 686, 990, 990, 686, 15, 15, 686, 915, 915, 686, 897, 686, 395, 897, 897, 395, 500, 15, 263, 990, 990, 263, 286, 263, 123, 286, 286, 123, 308, 123, 263, 293, 263, 15, 293, 293, 15, 127, 15, 581, 127, 581, 747, 127, 127, 747, 293, 747, 903, 293, 293, 903, 123, 581, 15, 392, 15, 915, 392, 392, 915, 783, 915, 897, 783, 783, 158, 392, 392, 158, 581, 158, 290, 581, 581, 290, 735, 735, 290, 616, 616, 290, 541, 290, 158, 541, 541, 158, 783, 735, 38, 581, 581, 38, 747, 38, 967, 747, 967, 975, 747, 747, 975, 903, 975, 298, 903, 903, 298, 123, 298, 294, 123, 294, 6, 123, 123, 6, 308, 6, 776, 308, 776, 821, 308, 308, 821, 468, 821, 697, 468, 468, 697, 73, 697, 221, 73, 221, 418, 73, 418, 359, 73, 73, 359, 468, 735, 59, 38, 38, 59, 967, 221, 697, 714, 697, 821, 714, 821, 776, 714, 714, 776, 648, 776, 6, 648, 6, 294, 648, 648, 294, 383, 294, 298, 383, 383, 298, 296, 298, 975, 296, 296, 975, 800, 800, 975, 559, 975, 813, 559, 559, 813, 393, 393, 813, 722, 813, 967, 722, 722, 967, 59, 296, 800, 383, 383, 800, 782, 782, 800, 674, 674, 800, 419, 419, 800, 870, 800, 559, 870, 870, 559, 393, 975, 967, 813, 782, 727, 383, 727, 115, 383, 383, 115, 648, 115, 288, 648, 288, 114, 648, 648, 114, 714, 114, 22, 714, 714, 22, 218, 22, 519, 218, 218, 519, 72, 519, 332, 72, 714, 218, 221, 218, 72, 221, 519, 22, 423, 22, 114, 423, 114, 288, 423, 423, 288, 667, 288, 115, 667, 115, 727, 667, 667, 727, 36, 727, 782, 36, 782, 674, 36, 36, 674, 949, 949, 674, 636, 674, 419, 636, 419, 870, 636, 636, 870, 580, 870, 393, 580, 580, 393, 603, 393, 722, 603, 603, 722, 21, 722, 59, 21, 21, 59, 793, 59, 735, 793, 793, 735, 207, 735, 985, 207, 207, 985, 565, 985, 904, 565, 904, 802, 565, 565, 802, 611, 802, 778, 611, 778, 237, 611, 611, 237, 207, 237, 116, 207, 207, 116, 21, 116, 797, 21, 797, 266, 21, 21, 266, 603, 603, 266, 580, 266, 702, 580, 580, 702, 636, 21, 793, 207, 735, 616, 985, 985, 616, 904, 616, 541, 904, 207, 565, 611, 116, 237, 797, 237, 762, 797, 797, 762, 211, 762, 641, 211, 641, 560, 211, 211, 560, 702, 560, 740, 702, 702, 740, 636, 740, 875, 636, 636, 875, 949, 702, 266, 211, 211, 266, 797, 875, 740, 28, 740, 560, 28, 28, 560, 548, 560, 641, 548, 548, 641, 531, 531, 641, 311, 311, 641, 214, 641, 762, 214, 762, 237, 214, 214, 237, 443, 237, 778, 443, 443, 778, 153, 778, 802, 153, 153, 854, 443, 443, 854, 214, 854, 936, 214, 936, 228, 214, 214, 228, 311, 311, 228, 531, 228, 138, 531, 531, 138, 550, 138, 321, 550, 321, 753, 550, 550, 753, 659, 659, 753, 344, 753, 836, 344, 836, 965, 344, 344, 965, 699, 965, 17, 699, 699, 17, 111, 111, 17, 777, 17, 58, 777, 58, 154, 777, 777, 154, 496, 496, 154, 178, 154, 657, 178, 657, 447, 178, 178, 447, 596, 596, 447, 792, 447, 931, 792, 531, 550, 548, 550, 492, 548, 548, 492, 28, 28, 492, 277, 277, 492, 659, 492, 550, 659, 792, 736, 596, 736, 178, 596, 931, 307, 792, 307, 527, 792, 792, 527, 736, 931, 631, 307, 631, 295, 307, 307, 295, 20, 20, 295, 102, 295, 578, 102, 102, 578, 690, 578, 47, 690, 47, 278, 690, 690, 278, 119, 278, 421, 119, 119, 421, 552, 552, 421, 946, 946, 421, 694, 694, 421, 107, 107, 421, 0, 421, 278, 0, 552, 386, 119, 386, 690, 119, 386, 552, 871, 552, 946, 871, 946, 55, 871, 55, 696, 871, 871, 696, 262, 696, 597, 262, 262, 597, 534, 534, 597, 647, 597, 785, 647, 647, 785, 113, 785, 1, 113, 113, 1, 572, 1, 379, 572, 572, 379, 663, 663, 379, 219, 379, 746, 219, 219, 746, 749, 746, 984, 749, 984, 796, 749, 749, 796, 834, 796, 672, 834, 834, 672, 523, 672, 195, 523, 523, 195, 79, 195, 16, 79, 79, 16, 370, 370, 16, 37, 16, 721, 37, 721, 918, 37, 37, 918, 64, 64, 918, 182, 918, 183, 182, 182, 183, 998, 183, 408, 998, 998, 408, 57, 408, 803, 57, 57, 803, 595, 803, 465, 595, 595, 465, 100, 465, 601, 100, 601, 480, 100, 100, 480, 906, 480, 44, 906, 906, 44, 420, 44, 535, 420, 535, 909, 420, 909, 391, 420, 391, 972, 420, 420, 972, 906, 972, 573, 906, 906, 573, 100, 573, 284, 100, 284, 652, 100, 100, 652, 595, 652, 847, 595, 595, 847, 57, 847, 141, 57, 57, 141, 998, 141, 720, 998, 998, 720, 182, 182, 720, 64, 720, 416, 64, 64, 416, 37, 37, 416, 378, 416, 754, 378, 378, 754, 297, 416, 720, 754, 754, 720, 598, 598, 720, 446, 720, 141, 446, 446, 141, 649, 141, 847, 649, 649, 847, 706, 847, 652, 706, 652, 284, 706, 706, 284, 230, 284, 573, 230, 230, 573, 566, 573, 972, 566, 566, 972, 193, 972, 391, 193, 391, 562, 193, 562, 763, 193, 193, 763, 707, 763, 169, 707, 169, 698, 707, 707, 698, 566, 566, 698, 230, 698, 131, 230, 230, 131, 706, 131, 808, 706, 808, 410, 706, 706, 410, 649, 410, 738, 649, 649, 738, 446, 446, 738, 598, 598, 738, 506, 506, 738, 717, 738, 410, 717, 717, 410, 371, 410, 808, 371, 808, 131, 371, 371, 131, 612, 131, 698, 612, 612, 698, 520, 520, 698, 650, 650, 698, 814, 698, 169, 814, 814, 169, 53, 169, 837, 53, 837, 991, 53, 991, 345, 53, 53, 345, 544, 544, 345, 360, 345, 711, 360, 711, 880, 360, 360, 880, 489, 489, 880, 499, 880, 433, 499, 499, 433, 846, 433, 48, 846, 48, 484, 846, 846, 484, 362, 362, 484, 709, 484, 593, 709, 593, 8, 709, 709, 8, 532, 532, 8, 171, 8, 833, 171, 171, 833, 838, 833, 315, 838, 315, 223, 838, 838, 223, 592, 592, 223, 993, 223, 860, 993, 993, 860, 231, 860, 434, 231, 434, 428, 231, 231, 428, 961, 961, 428, 867, 428, 250, 867, 867, 250, 802, 250, 801, 802, 802, 801, 153, 566, 193, 707, 169, 763, 837, 802, 904, 867, 867, 904, 961, 904, 817, 961, 961, 817, 231, 817, 774, 231, 231, 774, 143, 143, 774, 671, 774, 541, 671, 671, 541, 783, 904, 541, 817, 817, 541, 774, 231, 143, 993, 993, 143, 592, 143, 957, 592, 592, 957, 838, 838, 957, 212, 212, 957, 432, 957, 143, 432, 432, 143, 268, 143, 671, 268, 671, 783, 268, 268, 783, 201, 783, 897, 201, 201, 897, 765, 897, 184, 765, 765, 184, 681, 681, 184, 988, 184, 500, 988, 988, 500, 356, 500, 97, 356, 268, 201, 432, 201, 765, 432, 432, 765, 681, 897, 500, 184, 356, 185, 988, 185, 681, 988, 185, 356, 575, 356, 97, 575, 575, 97, 842, 97, 249, 842, 842, 249, 610, 249, 979, 610, 610, 979, 203, 203, 979, 679, 679, 979, 894, 979, 249, 894, 842, 18, 575, 575, 18, 185, 18, 204, 185, 204, 155, 185, 155, 232, 185, 185, 232, 681, 232, 50, 681, 50, 744, 681, 681, 744, 432, 432, 744, 212, 744, 431, 212, 212, 431, 838, 838, 431, 171, 171, 431, 532, 431, 233, 532, 532, 233, 709, 842, 610, 18, 610, 203, 18, 203, 422, 18, 422, 804, 18, 18, 804, 204, 744, 50, 431, 431, 50, 247, 50, 232, 247, 232, 155, 247, 247, 155, 190, 155, 204, 190, 204, 804, 190, 190, 804, 49, 804, 422, 49, 49, 422, 363, 422, 203, 363, 363, 203, 181, 203, 887, 181, 887, 396, 181, 181, 396, 363, 396, 958, 363, 363, 958, 49, 958, 254, 49, 254, 411, 49, 49, 411, 147, 411, 976, 147, 147, 976, 190, 976, 471, 190, 190, 471, 247, 471, 599, 247, 247, 599, 233, 233, 599, 709, 599, 622, 709, 709, 622, 362, 247, 233, 431, 887, 203, 679, 49, 147, 190, 599, 471, 622, 471, 976, 622, 622, 976, 718, 718, 976, 129, 976, 411, 129, 129, 411, 361, 411, 254, 361, 361, 254, 924, 254, 517, 924, 924, 517, 229, 229, 517, 827, 517, 396, 827, 827, 396, 27, 396, 887, 27, 396, 517, 958, 517, 254, 958, 362, 622, 846, 622, 718, 846, 27, 202, 827, 202, 886, 827, 827, 886, 229, 886, 981, 229, 981, 725, 229, 229, 725, 924, 924, 725, 361, 725, 133, 361, 361, 133, 129, 129, 133, 718, 133, 712, 718, 718, 712, 846, 846, 712, 499, 499, 712, 489, 489, 712, 859, 712, 133, 859, 859, 133, 186, 133, 725, 186, 186, 725, 963, 725, 981, 963, 963, 981, 850, 981, 42, 850, 850, 42, 331, 331, 42, 244, 42, 163, 244, 163, 502, 244, 244, 502, 978, 978, 502, 82, 502, 955, 82, 82, 955, 752, 955, 824, 752, 752, 824, 992, 824, 925, 992, 202, 542, 886, 542, 42, 886, 886, 42, 981, 163, 42, 542, 992, 825, 752, 752, 825, 82, 82, 825, 245, 245, 825, 68, 825, 255, 68, 68, 255, 764, 255, 80, 764, 80, 78, 764, 78, 371, 764, 764, 371, 68, 371, 612, 68, 68, 612, 245, 612, 520, 245, 520, 101, 245, 245, 101, 82, 82, 101, 978, 978, 101, 244, 244, 101, 331, 101, 637, 331, 331, 637, 850, 825, 992, 255, 255, 992, 80, 520, 650, 101, 101, 650, 637, 650, 197, 637, 637, 197, 683, 683, 197, 953, 197, 53, 953, 53, 544, 953, 953, 544, 33, 544, 360, 33, 360, 489, 33, 489, 859, 33, 859, 186, 33, 186, 963, 33, 33, 963, 683, 963, 850, 683, 683, 850, 637, 650, 814, 197, 197, 814, 53, 33, 683, 953, 83, 916, 554, 916, 543, 554, 554, 543, 818, 818, 543, 812, 543, 916, 812, 818, 857, 554, 857, 490, 554, 554, 490, 83, 490, 493, 83, 83, 493, 916, 493, 325, 916, 325, 511, 916, 916, 511, 812, 511, 452, 812, 452, 723, 812, 812, 723, 818, 723, 241, 818, 818, 241, 857, 241, 440, 857, 857, 440, 490, 440, 974, 490, 974, 640, 490, 490, 640, 482, 640, 620, 482, 620, 634, 482, 482, 634, 493, 634, 377, 493, 493, 377, 402, 377, 478, 402, 478, 40, 402, 402, 40, 325, 40, 589, 325, 325, 589, 511, 589, 962, 511, 962, 940, 511, 511, 940, 452, 940, 655, 452, 655, 32, 452, 452, 32, 723, 32, 947, 723, 723, 947, 884, 947, 205, 884, 205, 23, 884, 23, 241, 884, 884, 241, 723, 490, 482, 493, 493, 402, 325, 962, 589, 40, 205, 947, 103, 947, 32, 103, 103, 32, 574, 32, 655, 574, 574, 655, 306, 306, 655, 7, 655, 940, 7, 7, 940, 269, 940, 962, 269, 269, 962, 582, 962, 40, 582, 582, 40, 564, 40, 476, 564, 564, 476, 745, 745, 476, 60, 60, 476, 478, 476, 40, 478, 745, 604, 564, 564, 604, 582, 604, 787, 582, 582, 787, 269, 787, 196, 269, 269, 196, 7, 196, 623, 7, 7, 623, 306, 623, 481, 306, 481, 794, 306, 306, 794, 574, 794, 741, 574, 574, 741, 103, 741, 46, 103, 103, 46, 205, 46, 741, 75, 75, 741, 708, 741, 794, 708, 708, 794, 726, 794, 481, 726, 726, 481, 653, 653, 481, 400, 481, 623, 400, 400, 623, 705, 623, 196, 705, 705, 196, 469, 196, 787, 469, 469, 787, 923, 787, 604, 923, 923, 604, 989, 604, 745, 989, 745, 74, 989, 74, 273, 989, 989, 273, 855, 273, 51, 855, 51, 159, 855, 855, 159, 923, 923, 159, 469, 159, 888, 469, 469, 888, 705, 923, 989, 855, 51, 273, 750, 750, 273, 905, 273, 74, 905, 905, 74, 730, 74, 745, 730, 730, 745, 140, 745, 60, 140, 140, 60, 521, 60, 478, 521, 905, 730, 112, 112, 730, 271, 730, 140, 271, 271, 140, 862, 140, 521, 862, 862, 521, 826, 826, 521, 335, 521, 478, 335, 335, 478, 26, 478, 377, 26, 377, 634, 26, 634, 729, 26, 729, 166, 26, 26, 166, 335, 166, 354, 335, 335, 354, 826, 354, 586, 826, 826, 586, 862, 586, 941, 862, 862, 941, 271, 586, 354, 191, 191, 354, 234, 234, 354, 930, 930, 354, 877, 354, 166, 877, 877, 166, 513, 166, 729, 513, 729, 634, 513, 634, 620, 513, 513, 620, 766, 620, 640, 766, 766, 640, 45, 640, 974, 45, 45, 974, 238, 974, 440, 238, 238, 440, 576, 440, 241, 576, 576, 241, 187, 241, 23, 187, 187, 23, 920, 920, 23, 323, 23, 205, 323, 323, 205, 385, 385, 205, 450, 205, 46, 450, 46, 75, 450, 450, 75, 281, 281, 75, 874, 75, 357, 874, 874, 357, 217, 357, 522, 217, 522, 285, 217, 217, 285, 66, 285, 983, 66, 983, 642, 66, 642, 805, 66, 66, 805, 874, 805, 547, 874, 547, 703, 874, 874, 703, 281, 281, 703, 450, 703, 69, 450, 69, 508, 450, 450, 508, 385, 508, 861, 385, 385, 861, 323, 323, 861, 920, 861, 208, 920, 208, 568, 920, 568, 475, 920, 920, 475, 576, 475, 691, 576, 576, 691, 238, 576, 187, 920, 75, 708, 357, 357, 708, 522, 708, 726, 522, 874, 217, 66, 691, 475, 253, 253, 475, 568, 253, 769, 691, 691, 769, 238, 238, 769, 45, 45, 769, 766, 766, 769, 252, 769, 515, 252, 252, 515, 734, 734, 515, 479, 515, 791, 479, 479, 791, 351, 351, 791, 253, 253, 791, 769, 791, 515, 769, 734, 124, 252, 252, 124, 766, 124, 660, 766, 766, 660, 513, 660, 895, 513, 513, 895, 877, 895, 660, 236, 660, 124, 236, 124, 734, 236, 236, 734, 364, 734, 29, 364, 29, 387, 364, 364, 387, 236, 29, 734, 775, 734, 479, 775, 479, 919, 775, 775, 919, 29, 919, 845, 29, 845, 677, 29, 29, 677, 664, 677, 209, 664, 209, 561, 664, 561, 387, 664, 664, 387, 29, 209, 677, 932, 932, 677, 845, 209, 932, 19, 19, 932, 330, 932, 872, 330, 330, 872, 333, 333, 872, 366, 366, 872, 172, 872, 932, 172, 172, 932, 806, 932, 845, 806, 845, 919, 806, 806, 919, 912, 919, 157, 912, 157, 152, 912, 152, 172, 912, 912, 172, 806, 157, 919, 14, 919, 479, 14, 14, 479, 579, 479, 351, 579, 579, 351, 67, 351, 253, 67, 67, 253, 35, 253, 568, 35, 568, 208, 35, 35, 208, 614, 208, 861, 614, 614, 861, 473, 473, 861, 454, 861, 508, 454, 508, 69, 454, 454, 69, 461, 69, 703, 461, 461, 703, 373, 373, 703, 310, 703, 547, 310, 547, 805, 310, 310, 805, 889, 805, 292, 889, 292, 148, 889, 889, 148, 310, 148, 733, 310, 733, 969, 310, 310, 969, 373, 969, 497, 373, 373, 497, 461, 461, 497, 454, 497, 921, 454, 921, 301, 454, 454, 301, 473, 301, 607, 473, 473, 607, 614, 614, 607, 35, 607, 890, 35, 35, 890, 881, 890, 501, 881, 501, 579, 881, 579, 67, 881, 881, 67, 35, 579, 157, 14, 292, 805, 642, 501, 890, 291, 890, 607, 291, 291, 607, 436, 607, 472, 436, 472, 704, 436, 704, 590, 436, 436, 590, 291, 590, 501, 291, 607, 301, 472, 301, 921, 472, 472, 921, 283, 921, 497, 283, 283, 497, 70, 70, 497, 280, 497, 969, 280, 969, 733, 280, 280, 733, 628, 733, 148, 628, 148, 613, 628, 613, 964, 628, 628, 964, 280, 964, 512, 280, 512, 470, 280, 280, 470, 70, 470, 87, 70, 70, 87, 283, 283, 87, 472, 87, 618, 472, 472, 618, 704, 618, 757, 704, 704, 757, 590, 757, 618, 831, 618, 87, 831, 831, 87, 693, 693, 87, 662, 87, 470, 662, 470, 512, 662, 662, 512, 135, 512, 964, 135, 964, 401, 135, 401, 942, 135, 135, 942, 662, 942, 819, 662, 819, 713, 662, 662, 713, 693, 713, 900, 693, 693, 900, 831, 831, 900, 757, 900, 934, 757, 934, 188, 757, 757, 188, 160, 188, 227, 160, 227, 279, 160, 160, 279, 590, 279, 43, 590, 590, 43, 501, 43, 108, 501, 501, 108, 350, 108, 157, 350, 157, 579, 350, 350, 579, 501, 757, 160, 590, 108, 43, 279, 108, 4, 157, 157, 4, 152, 4, 966, 152, 152, 966, 172, 966, 430, 172, 172, 430, 366, 430, 643, 366, 366, 643, 333, 333, 643, 907, 907, 643, 715, 643, 336, 715, 715, 336, 716, 336, 913, 716, 913, 314, 716, 716, 314, 302, 302, 314, 216, 314, 629, 216, 216, 629, 939, 629, 665, 939, 939, 665, 675, 675, 665, 551, 551, 665, 76, 665, 629, 76, 76, 629, 314, 939, 675, 300, 300, 675, 466, 675, 235, 466, 466, 235, 317, 235, 675, 10, 10, 675, 173, 675, 551, 173, 173, 551, 692, 551, 76, 692, 235, 10, 316, 316, 10, 503, 503, 10, 533, 10, 173, 533, 533, 173, 600, 173, 692, 600, 235, 316, 317, 316, 162, 317, 317, 162, 635, 635, 162, 25, 162, 633, 25, 633, 397, 25, 25, 397, 375, 397, 668, 375, 375, 668, 71, 71, 668, 149, 668, 467, 149, 149, 467, 120, 467, 5, 120, 5, 177, 120, 177, 429, 120, 429, 342, 120, 120, 342, 149, 5, 467, 737, 467, 668, 737, 737, 668, 455, 455, 668, 367, 668, 397, 367, 397, 633, 367, 367, 633, 90, 633, 437, 90, 90, 437, 374, 437, 503, 374, 374, 503, 488, 503, 533, 488, 488, 533, 584, 533, 600, 584, 584, 600, 922, 600, 692, 922, 692, 142, 922, 142, 695, 922, 922, 695, 584, 695, 856, 584, 856, 368, 584, 368, 318, 584, 584, 318, 488, 318, 426, 488, 488, 426, 374, 426, 324, 374, 374, 324, 90, 90, 324, 367, 324, 105, 367, 105, 407, 367, 367, 407, 455, 455, 407, 737, 407, 525, 737, 525, 384, 737, 737, 384, 5, 384, 594, 5, 5, 594, 177, 594, 449, 177, 177, 449, 429, 429, 449, 56, 56, 449, 742, 449, 98, 742, 98, 798, 742, 742, 798, 424, 424, 798, 555, 555, 798, 81, 81, 798, 319, 798, 98, 319, 319, 98, 594, 98, 449, 594, 633, 162, 437, 162, 316, 437, 437, 316, 503, 594, 384, 319, 319, 384, 968, 384, 525, 968, 968, 684, 319, 319, 684, 81, 684, 929, 81, 81, 929, 555, 555, 929, 451, 451, 929, 213, 929, 165, 213, 165, 352, 213, 213, 352, 462, 462, 352, 179, 352, 970, 179, 179, 970, 346, 970, 347, 346, 346, 347, 606, 347, 487, 606, 606, 487, 719, 487, 198, 719, 198, 780, 719, 780, 372, 719, 719, 372, 606, 606, 372, 220, 220, 372, 167, 167, 372, 569, 569, 372, 148, 148, 372, 613, 372, 780, 613, 613, 780, 964, 780, 198, 964, 964, 198, 401, 198, 261, 401, 401, 261, 942, 31, 179, 346, 347, 970, 84, 970, 352, 84, 347, 84, 487, 487, 84, 198, 84, 799, 198, 198, 799, 261, 799, 630, 261, 261, 630, 942, 630, 799, 608, 799, 84, 608, 608, 84, 943, 84, 352, 943, 943, 352, 137, 352, 165, 137, 165, 929, 137, 137, 929, 832, 929, 684, 832, 832, 684, 557, 684, 968, 557, 557, 968, 439, 968, 525, 439, 525, 407, 439, 439, 407, 577, 577, 407, 815, 407, 105, 815, 105, 324, 815, 815, 324, 980, 324, 426, 980, 980, 426, 303, 426, 318, 303, 318, 368, 303, 303, 368, 779, 368, 856, 779, 779, 856, 828, 856, 695, 828, 828, 695, 509, 695, 728, 509, 728, 902, 509, 509, 902, 441, 902, 227, 441, 227, 188, 441, 188, 934, 441, 441, 934, 168, 934, 900, 168, 900, 772, 168, 168, 772, 779, 772, 417, 779, 779, 417, 303, 509, 441, 828, 828, 441, 779, 441, 168, 779, 417, 772, 844, 772, 900, 844, 900, 713, 844, 713, 819, 844, 844, 819, 150, 819, 942, 150, 150, 942, 376, 942, 630, 376, 376, 630, 926, 926, 630, 994, 994, 630, 491, 630, 608, 491, 608, 943, 491, 943, 137, 491, 137, 832, 491, 832, 557, 491, 491, 557, 938, 557, 439, 938, 938, 439, 92, 439, 577, 92, 491, 938, 994, 938, 92, 994, 994, 92, 926, 92, 795, 926, 926, 795, 376, 376, 795, 150, 795, 844, 150, 577, 815, 92, 815, 878, 92, 92, 878, 795, 878, 739, 795, 795, 739, 790, 739, 303, 790, 303, 417, 790, 417, 844, 790, 790, 844, 795, 878, 815, 739, 815, 980, 739, 739, 980, 303, 77, 93, 282, 282, 93, 536, 93, 528, 536, 528, 849, 536, 849, 89, 536, 89, 529, 536, 536, 529, 282, 529, 917, 282, 282, 917, 77, 77, 917, 156, 917, 96, 156, 156, 96, 444, 96, 267, 444, 267, 605, 444, 444, 605, 156, 605, 591, 156, 591, 256, 156, 156, 256, 77, 256, 464, 77, 77, 464, 950, 464, 732, 950, 950, 732, 93, 93, 732, 528, 732, 567, 528, 528, 567, 849, 529, 96, 917, 93, 77, 950, 567, 732, 822, 732, 464, 822, 822, 464, 678, 464, 256, 678, 678, 256, 654, 256, 591, 654, 654, 591, 41, 41, 591, 460, 591, 605, 460, 460, 605, 811, 605, 267, 811, 811, 267, 995, 995, 267, 415, 267, 96, 415, 415, 96, 689, 96, 685, 689, 689, 685, 326, 685, 529, 326, 326, 529, 748, 529, 89, 748, 748, 89, 139, 139, 89, 537, 89, 849, 537, 537, 849, 309, 849, 567, 309, 309, 567, 743, 743, 567, 109, 567, 369, 109, 109, 369, 882, 882, 369, 645, 369, 822, 645, 645, 822, 459, 822, 678, 459, 459, 678, 61, 678, 654, 61, 529, 685, 96, 822, 369, 567, 61, 299, 459, 459, 299, 645, 299, 448, 645, 448, 954, 645, 645, 954, 882, 954, 945, 882, 945, 687, 882, 882, 687, 109, 109, 687, 743, 687, 483, 743, 743, 483, 309, 483, 382, 309, 309, 382, 537, 382, 514, 537, 537, 514, 139, 61, 206, 299, 299, 206, 448, 514, 382, 322, 322, 382, 816, 382, 483, 816, 816, 483, 676, 483, 687, 676, 676, 687, 167, 167, 687, 220, 687, 945, 220, 220, 945, 606, 945, 773, 606, 606, 773, 346, 773, 287, 346, 346, 287, 31, 287, 891, 31, 31, 891, 52, 52, 891, 626, 891, 206, 626, 626, 206, 627, 206, 61, 627, 945, 954, 773, 773, 954, 287, 954, 448, 287, 287, 448, 891, 448, 206, 891, 626, 627, 545, 545, 627, 388, 627, 456, 388, 388, 456, 829, 456, 30, 829, 829, 30, 498, 30, 41, 498, 498, 41, 460, 627, 61, 456, 456, 61, 30, 61, 654, 30, 30, 654, 41, 388, 829, 505, 505, 829, 901, 829, 498, 901, 505, 901, 771, 771, 901, 242, 242, 901, 865, 901, 781, 865, 865, 781, 563, 563, 781, 556, 781, 9, 556, 556, 9, 673, 673, 9, 460, 9, 761, 460, 460, 761, 498, 498, 761, 901, 901, 761, 781, 761, 9, 781, 556, 673, 999, 999, 673, 327, 673, 944, 327, 327, 944, 507, 944, 673, 507, 507, 673, 811, 673, 460, 811, 327, 507, 646, 507, 995, 646, 646, 995, 381, 381, 995, 485, 995, 583, 485, 485, 583, 104, 583, 415, 104, 415, 689, 104, 104, 689, 973, 973, 689, 617, 689, 326, 617, 617, 326, 789, 326, 748, 789, 748, 139, 789, 789, 139, 132, 139, 514, 132, 132, 514, 830, 514, 322, 830, 830, 322, 983, 983, 322, 642, 322, 816, 642, 642, 816, 292, 816, 676, 292, 292, 676, 569, 676, 167, 569, 995, 507, 811, 415, 583, 995, 485, 104, 558, 104, 973, 558, 558, 973, 353, 148, 292, 569, 983, 285, 830, 285, 658, 830, 658, 243, 830, 830, 243, 132, 243, 289, 132, 132, 289, 789, 289, 937, 789, 789, 937, 617, 937, 125, 617, 617, 125, 973, 973, 125, 353, 353, 125, 602, 125, 951, 602, 602, 951, 398, 285, 522, 658, 125, 937, 951, 951, 937, 997, 937, 289, 997, 289, 243, 997, 997, 243, 260, 243, 658, 260, 260, 658, 927, 658, 522, 927, 927, 522, 389, 522, 726, 389, 726, 653, 389, 653, 457, 389, 389, 457, 927, 927, 457, 260, 457, 144, 260, 260, 144, 997, 997, 144, 951, 951, 144, 398, 398, 144, 952, 144, 457, 952, 952, 457, 145, 145, 457, 117, 457, 653, 117, 117, 653, 400, 534, 647, 348, 348, 647, 876, 647, 113, 876, 876, 113, 174, 113, 572, 174, 174, 572, 910, 572, 663, 910, 534, 348, 262, 348, 11, 262, 262, 11, 871, 11, 869, 871, 871, 869, 386, 869, 474, 386, 474, 406, 386, 386, 406, 690, 406, 65, 690, 690, 65, 102, 869, 11, 320, 320, 11, 348, 869, 320, 474, 474, 320, 304, 304, 320, 770, 770, 320, 807, 807, 320, 405, 320, 348, 405, 405, 348, 530, 348, 876, 530, 530, 876, 809, 876, 174, 809, 809, 174, 180, 174, 910, 180, 180, 910, 257, 910, 663, 257, 257, 663, 619, 663, 219, 619, 219, 749, 619, 619, 749, 651, 651, 749, 724, 749, 834, 724, 724, 834, 883, 834, 523, 883, 883, 523, 885, 523, 79, 885, 885, 79, 585, 79, 370, 585, 370, 37, 585, 37, 378, 585, 585, 378, 656, 378, 297, 656, 474, 304, 406, 304, 65, 406, 656, 587, 585, 585, 587, 885, 587, 62, 885, 885, 62, 883, 62, 546, 883, 883, 546, 724, 724, 546, 651, 546, 199, 651, 651, 199, 619, 199, 274, 619, 619, 274, 899, 899, 274, 935, 935, 274, 328, 274, 199, 328, 328, 199, 546, 619, 899, 257, 257, 899, 180, 899, 841, 180, 180, 841, 458, 458, 841, 2, 841, 899, 2, 2, 899, 615, 899, 935, 615, 615, 935, 258, 935, 328, 258, 180, 458, 809, 458, 403, 809, 809, 403, 530, 530, 403, 405, 405, 403, 807, 403, 518, 807, 807, 518, 770, 518, 666, 770, 770, 666, 304, 304, 666, 404, 404, 666, 669, 666, 518, 669, 458, 2, 126, 126, 2, 99, 2, 615, 99, 99, 615, 189, 615, 258, 189, 403, 458, 126, 304, 404, 334, 334, 404, 276, 404, 669, 276, 304, 334, 65, 65, 334, 102, 102, 334, 20, 20, 334, 307, 334, 151, 307, 307, 151, 527, 151, 570, 527, 527, 570, 736, 570, 948, 736, 736, 948, 879, 879, 948, 176, 948, 570, 176, 334, 276, 151, 151, 276, 570, 276, 669, 570, 879, 225, 736, 736, 225, 178, 225, 892, 178, 178, 892, 496, 496, 892, 777, 892, 700, 777, 700, 146, 777, 777, 146, 111, 146, 85, 111, 111, 85, 699, 699, 85, 344, 85, 840, 344, 344, 840, 659, 659, 840, 277, 840, 339, 277, 277, 339, 28, 892, 225, 879, 339, 840, 843, 840, 85, 843, 85, 118, 843, 118, 86, 843, 843, 86, 339, 86, 760, 339, 339, 760, 28, 28, 760, 875, 875, 760, 949, 760, 463, 949, 949, 463, 36, 463, 128, 36, 36, 128, 445, 128, 215, 445, 215, 960, 445, 445, 960, 667, 960, 494, 667, 667, 494, 423, 760, 86, 463, 463, 86, 128, 86, 215, 128, 36, 445, 667, 494, 960, 329, 329, 960, 215, 329, 661, 494, 494, 661, 423, 661, 549, 423, 423, 549, 519, 549, 239, 519, 519, 239, 977, 239, 399, 977, 399, 553, 977, 977, 553, 332, 553, 427, 332, 332, 427, 851, 519, 977, 332, 549, 661, 540, 661, 329, 540, 549, 540, 239, 540, 399, 239, 427, 553, 136, 553, 399, 136, 136, 194, 427, 427, 194, 851, 194, 911, 851, 851, 911, 164, 911, 896, 164, 164, 896, 526, 896, 911, 251, 911, 194, 251, 194, 136, 251, 251, 136, 175, 175, 136, 839, 839, 136, 784, 136, 399, 784, 784, 399, 12, 12, 399, 414, 399, 540, 414, 414, 540, 768, 768, 540, 701, 540, 329, 701, 701, 329, 959, 959, 329, 337, 329, 215, 337, 337, 215, 848, 215, 54, 848, 848, 54, 106, 54, 118, 106, 118, 85, 106, 85, 146, 106, 146, 700, 106, 106, 700, 495, 700, 892, 495, 495, 892, 412, 892, 879, 412, 215, 86, 54, 86, 118, 54, 412, 91, 495, 495, 91, 106, 106, 91, 848, 848, 91, 337, 337, 91, 959, 91, 688, 959, 959, 688, 701, 701, 688, 768, 688, 438, 768, 768, 438, 414, 414, 438, 12, 438, 94, 12, 12, 94, 784, 784, 94, 839, 94, 110, 839, 839, 110, 175, 110, 222, 175, 175, 222, 251, 222, 312, 251, 312, 313, 251, 251, 313, 896, 896, 313, 526, 313, 987, 526, 526, 987, 621, 110, 189, 222, 222, 189, 312, 189, 258, 312, 312, 258, 486, 258, 328, 486, 486, 328, 996, 996, 328, 413, 328, 546, 413, 413, 546, 390, 546, 62, 390, 390, 62, 161, 62, 587, 161, 161, 587, 644, 587, 656, 644, 644, 656, 349, 656, 297, 349, 349, 297, 240, 297, 754, 240, 754, 598, 240, 598, 506, 240, 506, 717, 240, 240, 717, 78, 717, 371, 78, 312, 486, 313, 313, 486, 987, 486, 996, 987, 78, 80, 240, 240, 80, 349, 349, 80, 644, 80, 95, 644, 644, 95, 130, 95, 992, 130, 992, 925, 130, 925, 928, 130, 130, 928, 161, 161, 928, 390, 390, 928, 413, 413, 928, 996, 996, 928, 987, 987, 928, 621, 928, 925, 621, 992, 95, 80, 130, 161, 644, 695, 142, 823, 142, 864, 823, 823, 864, 609, 609, 864, 270, 864, 755, 270, 270, 755, 76, 76, 755, 692, 755, 864, 692, 692, 864, 142, 270, 76, 810, 76, 314, 810, 810, 314, 751, 314, 913, 751, 751, 913, 866, 913, 336, 866, 336, 643, 866, 866, 643, 88, 643, 430, 88, 430, 966, 88, 88, 966, 538, 966, 305, 538, 305, 39, 538, 39, 866, 538, 538, 866, 88, 305, 966, 986, 966, 4, 986, 4, 108, 986, 986, 108, 868, 108, 279, 868, 868, 279, 170, 279, 227, 170, 227, 902, 170, 170, 902, 63, 902, 728, 63, 63, 728, 510, 510, 728, 823, 728, 695, 823, 986, 868, 305, 868, 170, 305, 170, 63, 305, 305, 63, 858, 63, 510, 858, 858, 510, 914, 510, 609, 914, 609, 270, 914, 270, 810, 914, 810, 751, 914, 751, 866, 914, 866, 39, 914, 914, 39, 858, 39, 305, 858, 510, 823, 609, 91, 412, 756, 412, 879, 756, 756, 879, 908, 879, 176, 908, 908, 176, 224, 176, 122, 224, 224, 122, 438, 122, 355, 438, 438, 355, 94, 91, 756, 688, 756, 908, 688, 908, 224, 688, 688, 224, 438, 355, 122, 259, 259, 122, 176, 259, 425, 355, 355, 425, 94, 425, 835, 94, 94, 835, 110, 835, 248, 110, 110, 248, 99, 99, 248, 126, 248, 524, 126, 126, 524, 200, 524, 518, 200, 518, 403, 200, 200, 403, 126, 248, 835, 524, 835, 425, 524, 425, 259, 524, 524, 259, 3, 259, 669, 3, 669, 518, 3, 3, 518, 524, 110, 99, 189, 259, 786, 669, 669, 786, 570, 570, 786, 176, 786, 259, 176, 895, 236, 956, 236, 24, 956, 956, 24, 340, 24, 387, 340, 340, 387, 788, 387, 561, 788, 236, 387, 24, 895, 956, 877, 877, 956, 930, 930, 956, 234, 234, 956, 758, 956, 340, 758]
                int[] primvars:st:indices = [624, 873, 824, 873, 853, 824, 824, 853, 971, 971, 853, 265, 265, 853, 442, 853, 873, 442, 442, 873, 852, 873, 624, 852, 971, 380, 824, 380, 621, 824, 824, 621, 925, 621, 380, 526, 526, 380, 164, 380, 971, 164, 164, 971, 639, 971, 265, 639, 639, 265, 272, 265, 341, 272, 272, 341, 898, 341, 893, 898, 898, 893, 343, 343, 893, 982, 893, 477, 982, 982, 477, 863, 477, 442, 863, 863, 442, 192, 442, 852, 192, 192, 852, 625, 852, 820, 625, 820, 933, 625, 625, 933, 275, 265, 442, 341, 442, 477, 341, 341, 477, 893, 625, 863, 192, 164, 639, 680, 639, 272, 680, 933, 820, 504, 504, 820, 394, 820, 852, 394, 394, 852, 682, 852, 624, 682, 682, 624, 955, 624, 824, 955, 955, 502, 682, 682, 502, 394, 502, 163, 394, 394, 163, 504, 163, 542, 504, 542, 202, 504, 202, 27, 504, 27, 887, 504, 504, 887, 933, 933, 887, 275, 887, 679, 275, 679, 894, 275, 275, 894, 625, 894, 264, 625, 625, 264, 863, 264, 210, 863, 863, 210, 982, 210, 767, 982, 982, 767, 632, 767, 588, 632, 632, 588, 343, 588, 670, 343, 343, 670, 898, 670, 13, 898, 898, 13, 226, 13, 453, 226, 226, 453, 272, 453, 571, 272, 272, 571, 680, 571, 851, 680, 680, 851, 164, 264, 894, 210, 894, 338, 210, 210, 338, 767, 343, 982, 632, 272, 898, 226, 851, 571, 710, 571, 453, 710, 710, 453, 759, 453, 221, 759, 221, 72, 759, 72, 332, 759, 759, 332, 710, 332, 851, 710, 221, 453, 418, 453, 13, 418, 418, 13, 359, 13, 670, 359, 670, 588, 359, 359, 588, 365, 588, 767, 365, 365, 767, 358, 767, 731, 358, 358, 731, 435, 435, 731, 249, 731, 338, 249, 249, 338, 894, 767, 338, 731, 359, 365, 121, 365, 358, 121, 358, 435, 34, 435, 97, 34, 97, 134, 34, 134, 539, 34, 34, 539, 358, 539, 409, 358, 358, 409, 121, 409, 468, 121, 121, 468, 359, 97, 435, 249, 468, 409, 516, 409, 539, 516, 516, 539, 246, 539, 990, 246, 990, 286, 246, 286, 308, 246, 246, 308, 516, 308, 468, 516, 990, 539, 638, 539, 134, 638, 638, 134, 500, 134, 97, 500, 500, 395, 638, 638, 395, 990, 395, 686, 990, 990, 686, 15, 15, 686, 915, 915, 686, 897, 686, 395, 897, 897, 395, 500, 15, 263, 990, 990, 263, 286, 263, 123, 286, 286, 123, 308, 123, 263, 293, 263, 15, 293, 293, 15, 127, 15, 581, 127, 581, 747, 127, 127, 747, 293, 747, 903, 293, 293, 903, 123, 581, 15, 392, 15, 915, 392, 392, 915, 783, 915, 897, 783, 783, 158, 392, 392, 158, 581, 158, 290, 581, 581, 290, 735, 735, 290, 616, 616, 290, 541, 290, 158, 541, 541, 158, 783, 735, 38, 581, 581, 38, 747, 38, 967, 747, 967, 975, 747, 747, 975, 903, 975, 298, 903, 903, 298, 123, 298, 294, 123, 294, 6, 123, 123, 6, 308, 6, 776, 308, 776, 821, 308, 308, 821, 468, 821, 697, 468, 468, 697, 73, 697, 221, 73, 221, 418, 73, 418, 359, 73, 73, 359, 468, 735, 59, 38, 38, 59, 967, 221, 697, 714, 697, 821, 714, 821, 776, 714, 714, 776, 648, 776, 6, 648, 6, 294, 648, 648, 294, 383, 294, 298, 383, 383, 298, 296, 298, 975, 296, 296, 975, 800, 800, 975, 559, 975, 813, 559, 559, 813, 393, 393, 813, 722, 813, 967, 722, 722, 967, 59, 296, 800, 383, 383, 800, 782, 782, 800, 674, 674, 800, 419, 419, 800, 870, 800, 559, 870, 870, 559, 393, 975, 967, 813, 782, 727, 383, 727, 115, 383, 383, 115, 648, 115, 288, 648, 288, 114, 648, 648, 114, 714, 114, 22, 714, 714, 22, 218, 22, 519, 218, 218, 519, 72, 519, 332, 72, 714, 218, 221, 218, 72, 221, 519, 22, 423, 22, 114, 423, 114, 288, 423, 423, 288, 667, 288, 115, 667, 115, 727, 667, 667, 727, 36, 727, 782, 36, 782, 674, 36, 36, 674, 949, 949, 674, 636, 674, 419, 636, 419, 870, 636, 636, 870, 580, 870, 393, 580, 580, 393, 603, 393, 722, 603, 603, 722, 21, 722, 59, 21, 21, 59, 793, 59, 735, 793, 793, 735, 207, 735, 985, 207, 207, 985, 565, 985, 904, 565, 904, 802, 565, 565, 802, 611, 802, 778, 611, 778, 237, 611, 611, 237, 207, 237, 116, 207, 207, 116, 21, 116, 797, 21, 797, 266, 21, 21, 266, 603, 603, 266, 580, 266, 702, 580, 580, 702, 636, 21, 793, 207, 735, 616, 985, 985, 616, 904, 616, 541, 904, 207, 565, 611, 116, 237, 797, 237, 762, 797, 797, 762, 211, 762, 641, 211, 641, 560, 211, 211, 560, 702, 560, 740, 702, 702, 740, 636, 740, 875, 636, 636, 875, 949, 702, 266, 211, 211, 266, 797, 875, 740, 28, 740, 560, 28, 28, 560, 548, 560, 641, 548, 548, 641, 531, 531, 641, 311, 311, 641, 214, 641, 762, 214, 762, 237, 214, 214, 237, 443, 237, 778, 443, 443, 778, 153, 778, 802, 153, 153, 854, 443, 443, 854, 214, 854, 936, 214, 936, 228, 214, 214, 228, 311, 311, 228, 531, 228, 138, 531, 531, 138, 550, 138, 321, 550, 321, 753, 550, 550, 753, 659, 659, 753, 344, 753, 836, 344, 836, 965, 344, 344, 965, 699, 965, 17, 699, 699, 17, 111, 111, 17, 777, 17, 58, 777, 58, 154, 777, 777, 154, 496, 496, 154, 178, 154, 657, 178, 657, 447, 178, 178, 447, 596, 596, 447, 792, 447, 931, 792, 531, 550, 548, 550, 492, 548, 548, 492, 28, 28, 492, 277, 277, 492, 659, 492, 550, 659, 792, 736, 596, 736, 178, 596, 931, 307, 792, 307, 527, 792, 792, 527, 736, 931, 631, 307, 631, 295, 307, 307, 295, 20, 20, 295, 102, 295, 578, 102, 102, 578, 690, 578, 47, 690, 47, 278, 690, 690, 278, 119, 278, 421, 119, 119, 421, 552, 552, 421, 946, 946, 421, 694, 694, 421, 107, 107, 421, 0, 421, 278, 0, 552, 386, 119, 386, 690, 119, 386, 552, 871, 552, 946, 871, 946, 55, 871, 55, 696, 871, 871, 696, 262, 696, 597, 262, 262, 597, 534, 534, 597, 647, 597, 785, 647, 647, 785, 113, 785, 1, 113, 113, 1, 572, 1, 379, 572, 572, 379, 663, 663, 379, 219, 379, 746, 219, 219, 746, 749, 746, 984, 749, 984, 796, 749, 749, 796, 834, 796, 672, 834, 834, 672, 523, 672, 195, 523, 523, 195, 79, 195, 16, 79, 79, 16, 370, 370, 16, 37, 16, 721, 37, 721, 918, 37, 37, 918, 64, 64, 918, 182, 918, 183, 182, 182, 183, 998, 183, 408, 998, 998, 408, 57, 408, 803, 57, 57, 803, 595, 803, 465, 595, 595, 465, 100, 465, 601, 100, 601, 480, 100, 100, 480, 906, 480, 44, 906, 906, 44, 420, 44, 535, 420, 535, 909, 420, 909, 391, 420, 391, 972, 420, 420, 972, 906, 972, 573, 906, 906, 573, 100, 573, 284, 100, 284, 652, 100, 100, 652, 595, 652, 847, 595, 595, 847, 57, 847, 141, 57, 57, 141, 998, 141, 720, 998, 998, 720, 182, 182, 720, 64, 720, 416, 64, 64, 416, 37, 37, 416, 378, 416, 754, 378, 378, 754, 297, 416, 720, 754, 754, 720, 598, 598, 720, 446, 720, 141, 446, 446, 141, 649, 141, 847, 649, 649, 847, 706, 847, 652, 706, 652, 284, 706, 706, 284, 230, 284, 573, 230, 230, 573, 566, 573, 972, 566, 566, 972, 193, 972, 391, 193, 391, 562, 193, 562, 763, 193, 193, 763, 707, 763, 169, 707, 169, 698, 707, 707, 698, 566, 566, 698, 230, 698, 131, 230, 230, 131, 706, 131, 808, 706, 808, 410, 706, 706, 410, 649, 410, 738, 649, 649, 738, 446, 446, 738, 598, 598, 738, 506, 506, 738, 717, 738, 410, 717, 717, 410, 371, 410, 808, 371, 808, 131, 371, 371, 131, 612, 131, 698, 612, 612, 698, 520, 520, 698, 650, 650, 698, 814, 698, 169, 814, 814, 169, 53, 169, 837, 53, 837, 991, 53, 991, 345, 53, 53, 345, 544, 544, 345, 360, 345, 711, 360, 711, 880, 360, 360, 880, 489, 489, 880, 499, 880, 433, 499, 499, 433, 846, 433, 48, 846, 48, 484, 846, 846, 484, 362, 362, 484, 709, 484, 593, 709, 593, 8, 709, 709, 8, 532, 532, 8, 171, 8, 833, 171, 171, 833, 838, 833, 315, 838, 315, 223, 838, 838, 223, 592, 592, 223, 993, 223, 860, 993, 993, 860, 231, 860, 434, 231, 434, 428, 231, 231, 428, 961, 961, 428, 867, 428, 250, 867, 867, 250, 802, 250, 801, 802, 802, 801, 153, 566, 193, 707, 169, 763, 837, 802, 904, 867, 867, 904, 961, 904, 817, 961, 961, 817, 231, 817, 774, 231, 231, 774, 143, 143, 774, 671, 774, 541, 671, 671, 541, 783, 904, 541, 817, 817, 541, 774, 231, 143, 993, 993, 143, 592, 143, 957, 592, 592, 957, 838, 838, 957, 212, 212, 957, 432, 957, 143, 432, 432, 143, 268, 143, 671, 268, 671, 783, 268, 268, 783, 201, 783, 897, 201, 201, 897, 765, 897, 184, 765, 765, 184, 681, 681, 184, 988, 184, 500, 988, 988, 500, 356, 500, 97, 356, 268, 201, 432, 201, 765, 432, 432, 765, 681, 897, 500, 184, 356, 185, 988, 185, 681, 988, 185, 356, 575, 356, 97, 575, 575, 97, 842, 97, 249, 842, 842, 249, 610, 249, 979, 610, 610, 979, 203, 203, 979, 679, 679, 979, 894, 979, 249, 894, 842, 18, 575, 575, 18, 185, 18, 204, 185, 204, 155, 185, 155, 232, 185, 185, 232, 681, 232, 50, 681, 50, 744, 681, 681, 744, 432, 432, 744, 212, 744, 431, 212, 212, 431, 838, 838, 431, 171, 171, 431, 532, 431, 233, 532, 532, 233, 709, 842, 610, 18, 610, 203, 18, 203, 422, 18, 422, 804, 18, 18, 804, 204, 744, 50, 431, 431, 50, 247, 50, 232, 247, 232, 155, 247, 247, 155, 190, 155, 204, 190, 204, 804, 190, 190, 804, 49, 804, 422, 49, 49, 422, 363, 422, 203, 363, 363, 203, 181, 203, 887, 181, 887, 396, 181, 181, 396, 363, 396, 958, 363, 363, 958, 49, 958, 254, 49, 254, 411, 49, 49, 411, 147, 411, 976, 147, 147, 976, 190, 976, 471, 190, 190, 471, 247, 471, 599, 247, 247, 599, 233, 233, 599, 709, 599, 622, 709, 709, 622, 362, 247, 233, 431, 887, 203, 679, 49, 147, 190, 599, 471, 622, 471, 976, 622, 622, 976, 718, 718, 976, 129, 976, 411, 129, 129, 411, 361, 411, 254, 361, 361, 254, 924, 254, 517, 924, 924, 517, 229, 229, 517, 827, 517, 396, 827, 827, 396, 27, 396, 887, 27, 396, 517, 958, 517, 254, 958, 362, 622, 846, 622, 718, 846, 27, 202, 827, 202, 886, 827, 827, 886, 229, 886, 981, 229, 981, 725, 229, 229, 725, 924, 924, 725, 361, 725, 133, 361, 361, 133, 129, 129, 133, 718, 133, 712, 718, 718, 712, 846, 846, 712, 499, 499, 712, 489, 489, 712, 859, 712, 133, 859, 859, 133, 186, 133, 725, 186, 186, 725, 963, 725, 981, 963, 963, 981, 850, 981, 42, 850, 850, 42, 331, 331, 42, 244, 42, 163, 244, 163, 502, 244, 244, 502, 978, 978, 502, 82, 502, 955, 82, 82, 955, 752, 955, 824, 752, 752, 824, 992, 824, 925, 992, 202, 542, 886, 542, 42, 886, 886, 42, 981, 163, 42, 542, 992, 825, 752, 752, 825, 82, 82, 825, 245, 245, 825, 68, 825, 255, 68, 68, 255, 764, 255, 80, 764, 80, 78, 764, 78, 371, 764, 764, 371, 68, 371, 612, 68, 68, 612, 245, 612, 520, 245, 520, 101, 245, 245, 101, 82, 82, 101, 978, 978, 101, 244, 244, 101, 331, 101, 637, 331, 331, 637, 850, 825, 992, 255, 255, 992, 80, 520, 650, 101, 101, 650, 637, 650, 197, 637, 637, 197, 683, 683, 197, 953, 197, 53, 953, 53, 544, 953, 953, 544, 33, 544, 360, 33, 360, 489, 33, 489, 859, 33, 859, 186, 33, 186, 963, 33, 33, 963, 683, 963, 850, 683, 683, 850, 637, 650, 814, 197, 197, 814, 53, 33, 683, 953, 83, 916, 554, 916, 543, 554, 554, 543, 818, 818, 543, 812, 543, 916, 812, 818, 857, 554, 857, 490, 554, 554, 490, 83, 490, 493, 83, 83, 493, 916, 493, 325, 916, 325, 511, 916, 916, 511, 812, 511, 452, 812, 452, 723, 812, 812, 723, 818, 723, 241, 818, 818, 241, 857, 241, 440, 857, 857, 440, 490, 440, 974, 490, 974, 640, 490, 490, 640, 482, 640, 620, 482, 620, 634, 482, 482, 634, 493, 634, 377, 493, 493, 377, 402, 377, 478, 402, 478, 40, 402, 402, 40, 325, 40, 589, 325, 325, 589, 511, 589, 962, 511, 962, 940, 511, 511, 940, 452, 940, 655, 452, 655, 32, 452, 452, 32, 723, 32, 947, 723, 723, 947, 884, 947, 205, 884, 205, 23, 884, 23, 241, 884, 884, 241, 723, 490, 482, 493, 493, 402, 325, 962, 589, 40, 205, 947, 103, 947, 32, 103, 103, 32, 574, 32, 655, 574, 574, 655, 306, 306, 655, 7, 655, 940, 7, 7, 940, 269, 940, 962, 269, 269, 962, 582, 962, 40, 582, 582, 40, 564, 40, 476, 564, 564, 476, 745, 745, 476, 60, 60, 476, 478, 476, 40, 478, 745, 604, 564, 564, 604, 582, 604, 787, 582, 582, 787, 269, 787, 196, 269, 269, 196, 7, 196, 623, 7, 7, 623, 306, 623, 481, 306, 481, 794, 306, 306, 794, 574, 794, 741, 574, 574, 741, 103, 741, 46, 103, 103, 46, 205, 46, 741, 75, 75, 741, 708, 741, 794, 708, 708, 794, 726, 794, 481, 726, 726, 481, 653, 653, 481, 400, 481, 623, 400, 400, 623, 705, 623, 196, 705, 705, 196, 469, 196, 787, 469, 469, 787, 923, 787, 604, 923, 923, 604, 989, 604, 745, 989, 745, 74, 989, 74, 273, 989, 989, 273, 855, 273, 51, 855, 51, 159, 855, 855, 159, 923, 923, 159, 469, 159, 888, 469, 469, 888, 705, 923, 989, 855, 51, 273, 750, 750, 273, 905, 273, 74, 905, 905, 74, 730, 74, 745, 730, 730, 745, 140, 745, 60, 140, 140, 60, 521, 60, 478, 521, 905, 730, 112, 112, 730, 271, 730, 140, 271, 271, 140, 862, 140, 521, 862, 862, 521, 826, 826, 521, 335, 521, 478, 335, 335, 478, 26, 478, 377, 26, 377, 634, 26, 634, 729, 26, 729, 166, 26, 26, 166, 335, 166, 354, 335, 335, 354, 826, 354, 586, 826, 826, 586, 862, 586, 941, 862, 862, 941, 271, 586, 354, 191, 191, 354, 234, 234, 354, 930, 930, 354, 877, 354, 166, 877, 877, 166, 513, 166, 729, 513, 729, 634, 513, 634, 620, 513, 513, 620, 766, 620, 640, 766, 766, 640, 45, 640, 974, 45, 45, 974, 238, 974, 440, 238, 238, 440, 576, 440, 241, 576, 576, 241, 187, 241, 23, 187, 187, 23, 920, 920, 23, 323, 23, 205, 323, 323, 205, 385, 385, 205, 450, 205, 46, 450, 46, 75, 450, 450, 75, 281, 281, 75, 874, 75, 357, 874, 874, 357, 217, 357, 522, 217, 522, 285, 217, 217, 285, 66, 285, 983, 66, 983, 642, 66, 642, 805, 66, 66, 805, 874, 805, 547, 874, 547, 703, 874, 874, 703, 281, 281, 703, 450, 703, 69, 450, 69, 508, 450, 450, 508, 385, 508, 861, 385, 385, 861, 323, 323, 861, 920, 861, 208, 920, 208, 568, 920, 568, 475, 920, 920, 475, 576, 475, 691, 576, 576, 691, 238, 576, 187, 920, 75, 708, 357, 357, 708, 522, 708, 726, 522, 874, 217, 66, 691, 475, 253, 253, 475, 568, 253, 769, 691, 691, 769, 238, 238, 769, 45, 45, 769, 766, 766, 769, 252, 769, 515, 252, 252, 515, 734, 734, 515, 479, 515, 791, 479, 479, 791, 351, 351, 791, 253, 253, 791, 769, 791, 515, 769, 734, 124, 252, 252, 124, 766, 124, 660, 766, 766, 660, 513, 660, 895, 513, 513, 895, 877, 895, 660, 236, 660, 124, 236, 124, 734, 236, 236, 734, 364, 734, 29, 364, 29, 387, 364, 364, 387, 236, 29, 734, 775, 734, 479, 775, 479, 919, 775, 775, 919, 29, 919, 845, 29, 845, 677, 29, 29, 677, 664, 677, 209, 664, 209, 561, 664, 561, 387, 664, 664, 387, 29, 209, 677, 932, 932, 677, 845, 209, 932, 19, 19, 932, 330, 932, 872, 330, 330, 872, 333, 333, 872, 366, 366, 872, 172, 872, 932, 172, 172, 932, 806, 932, 845, 806, 845, 919, 806, 806, 919, 912, 919, 157, 912, 157, 152, 912, 152, 172, 912, 912, 172, 806, 157, 919, 14, 919, 479, 14, 14, 479, 579, 479, 351, 579, 579, 351, 67, 351, 253, 67, 67, 253, 35, 253, 568, 35, 568, 208, 35, 35, 208, 614, 208, 861, 614, 614, 861, 473, 473, 861, 454, 861, 508, 454, 508, 69, 454, 454, 69, 461, 69, 703, 461, 461, 703, 373, 373, 703, 310, 703, 547, 310, 547, 805, 310, 310, 805, 889, 805, 292, 889, 292, 148, 889, 889, 148, 310, 148, 733, 310, 733, 969, 310, 310, 969, 373, 969, 497, 373, 373, 497, 461, 461, 497, 454, 497, 921, 454, 921, 301, 454, 454, 301, 473, 301, 607, 473, 473, 607, 614, 614, 607, 35, 607, 890, 35, 35, 890, 881, 890, 501, 881, 501, 579, 881, 579, 67, 881, 881, 67, 35, 579, 157, 14, 292, 805, 642, 501, 890, 291, 890, 607, 291, 291, 607, 436, 607, 472, 436, 472, 704, 436, 704, 590, 436, 436, 590, 291, 590, 501, 291, 607, 301, 472, 301, 921, 472, 472, 921, 283, 921, 497, 283, 283, 497, 70, 70, 497, 280, 497, 969, 280, 969, 733, 280, 280, 733, 628, 733, 148, 628, 148, 613, 628, 613, 964, 628, 628, 964, 280, 964, 512, 280, 512, 470, 280, 280, 470, 70, 470, 87, 70, 70, 87, 283, 283, 87, 472, 87, 618, 472, 472, 618, 704, 618, 757, 704, 704, 757, 590, 757, 618, 831, 618, 87, 831, 831, 87, 693, 693, 87, 662, 87, 470, 662, 470, 512, 662, 662, 512, 135, 512, 964, 135, 964, 401, 135, 401, 942, 135, 135, 942, 662, 942, 819, 662, 819, 713, 662, 662, 713, 693, 713, 900, 693, 693, 900, 831, 831, 900, 757, 900, 934, 757, 934, 188, 757, 757, 188, 160, 188, 227, 160, 227, 279, 160, 160, 279, 590, 279, 43, 590, 590, 43, 501, 43, 108, 501, 501, 108, 350, 108, 157, 350, 157, 579, 350, 350, 579, 501, 757, 160, 590, 108, 43, 279, 108, 4, 157, 157, 4, 152, 4, 966, 152, 152, 966, 172, 966, 430, 172, 172, 430, 366, 430, 643, 366, 366, 643, 333, 333, 643, 907, 907, 643, 715, 643, 336, 715, 715, 336, 716, 336, 913, 716, 913, 314, 716, 716, 314, 302, 302, 314, 216, 314, 629, 216, 216, 629, 939, 629, 665, 939, 939, 665, 675, 675, 665, 551, 551, 665, 76, 665, 629, 76, 76, 629, 314, 939, 675, 300, 300, 675, 466, 675, 235, 466, 466, 235, 317, 235, 675, 10, 10, 675, 173, 675, 551, 173, 173, 551, 692, 551, 76, 692, 235, 10, 316, 316, 10, 503, 503, 10, 533, 10, 173, 533, 533, 173, 600, 173, 692, 600, 235, 316, 317, 316, 162, 317, 317, 162, 635, 635, 162, 25, 162, 633, 25, 633, 397, 25, 25, 397, 375, 397, 668, 375, 375, 668, 71, 71, 668, 149, 668, 467, 149, 149, 467, 120, 467, 5, 120, 5, 177, 120, 177, 429, 120, 429, 342, 120, 120, 342, 149, 5, 467, 737, 467, 668, 737, 737, 668, 455, 455, 668, 367, 668, 397, 367, 397, 633, 367, 367, 633, 90, 633, 437, 90, 90, 437, 374, 437, 503, 374, 374, 503, 488, 503, 533, 488, 488, 533, 584, 533, 600, 584, 584, 600, 922, 600, 692, 922, 692, 142, 922, 142, 695, 922, 922, 695, 584, 695, 856, 584, 856, 368, 584, 368, 318, 584, 584, 318, 488, 318, 426, 488, 488, 426, 374, 426, 324, 374, 374, 324, 90, 90, 324, 367, 324, 105, 367, 105, 407, 367, 367, 407, 455, 455, 407, 737, 407, 525, 737, 525, 384, 737, 737, 384, 5, 384, 594, 5, 5, 594, 177, 594, 449, 177, 177, 449, 429, 429, 449, 56, 56, 449, 742, 449, 98, 742, 98, 798, 742, 742, 798, 424, 424, 798, 555, 555, 798, 81, 81, 798, 319, 798, 98, 319, 319, 98, 594, 98, 449, 594, 633, 162, 437, 162, 316, 437, 437, 316, 503, 594, 384, 319, 319, 384, 968, 384, 525, 968, 968, 684, 319, 319, 684, 81, 684, 929, 81, 81, 929, 555, 555, 929, 451, 451, 929, 213, 929, 165, 213, 165, 352, 213, 213, 352, 462, 462, 352, 179, 352, 970, 179, 179, 970, 346, 970, 347, 346, 346, 347, 606, 347, 487, 606, 606, 487, 719, 487, 198, 719, 198, 780, 719, 780, 372, 719, 719, 372, 606, 606, 372, 220, 220, 372, 167, 167, 372, 569, 569, 372, 148, 148, 372, 613, 372, 780, 613, 613, 780, 964, 780, 198, 964, 964, 198, 401, 198, 261, 401, 401, 261, 942, 31, 179, 346, 347, 970, 84, 970, 352, 84, 347, 84, 487, 487, 84, 198, 84, 799, 198, 198, 799, 261, 799, 630, 261, 261, 630, 942, 630, 799, 608, 799, 84, 608, 608, 84, 943, 84, 352, 943, 943, 352, 137, 352, 165, 137, 165, 929, 137, 137, 929, 832, 929, 684, 832, 832, 684, 557, 684, 968, 557, 557, 968, 439, 968, 525, 439, 525, 407, 439, 439, 407, 577, 577, 407, 815, 407, 105, 815, 105, 324, 815, 815, 324, 980, 324, 426, 980, 980, 426, 303, 426, 318, 303, 318, 368, 303, 303, 368, 779, 368, 856, 779, 779, 856, 828, 856, 695, 828, 828, 695, 509, 695, 728, 509, 728, 902, 509, 509, 902, 441, 902, 227, 441, 227, 188, 441, 188, 934, 441, 441, 934, 168, 934, 900, 168, 900, 772, 168, 168, 772, 779, 772, 417, 779, 779, 417, 303, 509, 441, 828, 828, 441, 779, 441, 168, 779, 417, 772, 844, 772, 900, 844, 900, 713, 844, 713, 819, 844, 844, 819, 150, 819, 942, 150, 150, 942, 376, 942, 630, 376, 376, 630, 926, 926, 630, 994, 994, 630, 491, 630, 608, 491, 608, 943, 491, 943, 137, 491, 137, 832, 491, 832, 557, 491, 491, 557, 938, 557, 439, 938, 938, 439, 92, 439, 577, 92, 491, 938, 994, 938, 92, 994, 994, 92, 926, 92, 795, 926, 926, 795, 376, 376, 795, 150, 795, 844, 150, 577, 815, 92, 815, 878, 92, 92, 878, 795, 878, 739, 795, 795, 739, 790, 739, 303, 790, 303, 417, 790, 417, 844, 790, 790, 844, 795, 878, 815, 739, 815, 980, 739, 739, 980, 303, 77, 93, 282, 282, 93, 536, 93, 528, 536, 528, 849, 536, 849, 89, 536, 89, 529, 536, 536, 529, 282, 529, 917, 282, 282, 917, 77, 77, 917, 156, 917, 96, 156, 156, 96, 444, 96, 267, 444, 267, 605, 444, 444, 605, 156, 605, 591, 156, 591, 256, 156, 156, 256, 77, 256, 464, 77, 77, 464, 950, 464, 732, 950, 950, 732, 93, 93, 732, 528, 732, 567, 528, 528, 567, 849, 529, 96, 917, 93, 77, 950, 567, 732, 822, 732, 464, 822, 822, 464, 678, 464, 256, 678, 678, 256, 654, 256, 591, 654, 654, 591, 41, 41, 591, 460, 591, 605, 460, 460, 605, 811, 605, 267, 811, 811, 267, 995, 995, 267, 415, 267, 96, 415, 415, 96, 689, 96, 685, 689, 689, 685, 326, 685, 529, 326, 326, 529, 748, 529, 89, 748, 748, 89, 139, 139, 89, 537, 89, 849, 537, 537, 849, 309, 849, 567, 309, 309, 567, 743, 743, 567, 109, 567, 369, 109, 109, 369, 882, 882, 369, 645, 369, 822, 645, 645, 822, 459, 822, 678, 459, 459, 678, 61, 678, 654, 61, 529, 685, 96, 822, 369, 567, 61, 299, 459, 459, 299, 645, 299, 448, 645, 448, 954, 645, 645, 954, 882, 954, 945, 882, 945, 687, 882, 882, 687, 109, 109, 687, 743, 687, 483, 743, 743, 483, 309, 483, 382, 309, 309, 382, 537, 382, 514, 537, 537, 514, 139, 61, 206, 299, 299, 206, 448, 514, 382, 322, 322, 382, 816, 382, 483, 816, 816, 483, 676, 483, 687, 676, 676, 687, 167, 167, 687, 220, 687, 945, 220, 220, 945, 606, 945, 773, 606, 606, 773, 346, 773, 287, 346, 346, 287, 31, 287, 891, 31, 31, 891, 52, 52, 891, 626, 891, 206, 626, 626, 206, 627, 206, 61, 627, 945, 954, 773, 773, 954, 287, 954, 448, 287, 287, 448, 891, 448, 206, 891, 626, 627, 545, 545, 627, 388, 627, 456, 388, 388, 456, 829, 456, 30, 829, 829, 30, 498, 30, 41, 498, 498, 41, 460, 627, 61, 456, 456, 61, 30, 61, 654, 30, 30, 654, 41, 388, 829, 505, 505, 829, 901, 829, 498, 901, 505, 901, 771, 771, 901, 242, 242, 901, 865, 901, 781, 865, 865, 781, 563, 563, 781, 556, 781, 9, 556, 556, 9, 673, 673, 9, 460, 9, 761, 460, 460, 761, 498, 498, 761, 901, 901, 761, 781, 761, 9, 781, 556, 673, 999, 999, 673, 327, 673, 944, 327, 327, 944, 507, 944, 673, 507, 507, 673, 811, 673, 460, 811, 327, 507, 646, 507, 995, 646, 646, 995, 381, 381, 995, 485, 995, 583, 485, 485, 583, 104, 583, 415, 104, 415, 689, 104, 104, 689, 973, 973, 689, 617, 689, 326, 617, 617, 326, 789, 326, 748, 789, 748, 139, 789, 789, 139, 132, 139, 514, 132, 132, 514, 830, 514, 322, 830, 830, 322, 983, 983, 322, 642, 322, 816, 642, 642, 816, 292, 816, 676, 292, 292, 676, 569, 676, 167, 569, 995, 507, 811, 415, 583, 995, 485, 104, 558, 104, 973, 558, 558, 973, 353, 148, 292, 569, 983, 285, 830, 285, 658, 830, 658, 243, 830, 830, 243, 132, 243, 289, 132, 132, 289, 789, 289, 937, 789, 789, 937, 617, 937, 125, 617, 617, 125, 973, 973, 125, 353, 353, 125, 602, 125, 951, 602, 602, 951, 398, 285, 522, 658, 125, 937, 951, 951, 937, 997, 937, 289, 997, 289, 243, 997, 997, 243, 260, 243, 658, 260, 260, 658, 927, 658, 522, 927, 927, 522, 389, 522, 726, 389, 726, 653, 389, 653, 457, 389, 389, 457, 927, 927, 457, 260, 457, 144, 260, 260, 144, 997, 997, 144, 951, 951, 144, 398, 398, 144, 952, 144, 457, 952, 952, 457, 145, 145, 457, 117, 457, 653, 117, 117, 653, 400, 534, 647, 348, 348, 647, 876, 647, 113, 876, 876, 113, 174, 113, 572, 174, 174, 572, 910, 572, 663, 910, 534, 348, 262, 348, 11, 262, 262, 11, 871, 11, 869, 871, 871, 869, 386, 869, 474, 386, 474, 406, 386, 386, 406, 690, 406, 65, 690, 690, 65, 102, 869, 11, 320, 320, 11, 348, 869, 320, 474, 474, 320, 304, 304, 320, 770, 770, 320, 807, 807, 320, 405, 320, 348, 405, 405, 348, 530, 348, 876, 530, 530, 876, 809, 876, 174, 809, 809, 174, 180, 174, 910, 180, 180, 910, 257, 910, 663, 257, 257, 663, 619, 663, 219, 619, 219, 749, 619, 619, 749, 651, 651, 749, 724, 749, 834, 724, 724, 834, 883, 834, 523, 883, 883, 523, 885, 523, 79, 885, 885, 79, 585, 79, 370, 585, 370, 37, 585, 37, 378, 585, 585, 378, 656, 378, 297, 656, 474, 304, 406, 304, 65, 406, 656, 587, 585, 585, 587, 885, 587, 62, 885, 885, 62, 883, 62, 546, 883, 883, 546, 724, 724, 546, 651, 546, 199, 651, 651, 199, 619, 199, 274, 619, 619, 274, 899, 899, 274, 935, 935, 274, 328, 274, 199, 328, 328, 199, 546, 619, 899, 257, 257, 899, 180, 899, 841, 180, 180, 841, 458, 458, 841, 2, 841, 899, 2, 2, 899, 615, 899, 935, 615, 615, 935, 258, 935, 328, 258, 180, 458, 809, 458, 403, 809, 809, 403, 530, 530, 403, 405, 405, 403, 807, 403, 518, 807, 807, 518, 770, 518, 666, 770, 770, 666, 304, 304, 666, 404, 404, 666, 669, 666, 518, 669, 458, 2, 126, 126, 2, 99, 2, 615, 99, 99, 615, 189, 615, 258, 189, 403, 458, 126, 304, 404, 334, 334, 404, 276, 404, 669, 276, 304, 334, 65, 65, 334, 102, 102, 334, 20, 20, 334, 307, 334, 151, 307, 307, 151, 527, 151, 570, 527, 527, 570, 736, 570, 948, 736, 736, 948, 879, 879, 948, 176, 948, 570, 176, 334, 276, 151, 151, 276, 570, 276, 669, 570, 879, 225, 736, 736, 225, 178, 225, 892, 178, 178, 892, 496, 496, 892, 777, 892, 700, 777, 700, 146, 777, 777, 146, 111, 146, 85, 111, 111, 85, 699, 699, 85, 344, 85, 840, 344, 344, 840, 659, 659, 840, 277, 840, 339, 277, 277, 339, 28, 892, 225, 879, 339, 840, 843, 840, 85, 843, 85, 118, 843, 118, 86, 843, 843, 86, 339, 86, 760, 339, 339, 760, 28, 28, 760, 875, 875, 760, 949, 760, 463, 949, 949, 463, 36, 463, 128, 36, 36, 128, 445, 128, 215, 445, 215, 960, 445, 445, 960, 667, 960, 494, 667, 667, 494, 423, 760, 86, 463, 463, 86, 128, 86, 215, 128, 36, 445, 667, 494, 960, 329, 329, 960, 215, 329, 661, 494, 494, 661, 423, 661, 549, 423, 423, 549, 519, 549, 239, 519, 519, 239, 977, 239, 399, 977, 399, 553, 977, 977, 553, 332, 553, 427, 332, 332, 427, 851, 519, 977, 332, 549, 661, 540, 661, 329, 540, 549, 540, 239, 540, 399, 239, 427, 553, 136, 553, 399, 136, 136, 194, 427, 427, 194, 851, 194, 911, 851, 851, 911, 164, 911, 896, 164, 164, 896, 526, 896, 911, 251, 911, 194, 251, 194, 136, 251, 251, 136, 175, 175, 136, 839, 839, 136, 784, 136, 399, 784, 784, 399, 12, 12, 399, 414, 399, 540, 414, 414, 540, 768, 768, 540, 701, 540, 329, 701, 701, 329, 959, 959, 329, 337, 329, 215, 337, 337, 215, 848, 215, 54, 848, 848, 54, 106, 54, 118, 106, 118, 85, 106, 85, 146, 106, 146, 700, 106, 106, 700, 495, 700, 892, 495, 495, 892, 412, 892, 879, 412, 215, 86, 54, 86, 118, 54, 412, 91, 495, 495, 91, 106, 106, 91, 848, 848, 91, 337, 337, 91, 959, 91, 688, 959, 959, 688, 701, 701, 688, 768, 688, 438, 768, 768, 438, 414, 414, 438, 12, 438, 94, 12, 12, 94, 784, 784, 94, 839, 94, 110, 839, 839, 110, 175, 110, 222, 175, 175, 222, 251, 222, 312, 251, 312, 313, 251, 251, 313, 896, 896, 313, 526, 313, 987, 526, 526, 987, 621, 110, 189, 222, 222, 189, 312, 189, 258, 312, 312, 258, 486, 258, 328, 486, 486, 328, 996, 996, 328, 413, 328, 546, 413, 413, 546, 390, 546, 62, 390, 390, 62, 161, 62, 587, 161, 161, 587, 644, 587, 656, 644, 644, 656, 349, 656, 297, 349, 349, 297, 240, 297, 754, 240, 754, 598, 240, 598, 506, 240, 506, 717, 240, 240, 717, 78, 717, 371, 78, 312, 486, 313, 313, 486, 987, 486, 996, 987, 78, 80, 240, 240, 80, 349, 349, 80, 644, 80, 95, 644, 644, 95, 130, 95, 992, 130, 992, 925, 130, 925, 928, 130, 130, 928, 161, 161, 928, 390, 390, 928, 413, 413, 928, 996, 996, 928, 987, 987, 928, 621, 928, 925, 621, 992, 95, 80, 130, 161, 644, 695, 142, 823, 142, 864, 823, 823, 864, 609, 609, 864, 270, 864, 755, 270, 270, 755, 76, 76, 755, 692, 755, 864, 692, 692, 864, 142, 270, 76, 810, 76, 314, 810, 810, 314, 751, 314, 913, 751, 751, 913, 866, 913, 336, 866, 336, 643, 866, 866, 643, 88, 643, 430, 88, 430, 966, 88, 88, 966, 538, 966, 305, 538, 305, 39, 538, 39, 866, 538, 538, 866, 88, 305, 966, 986, 966, 4, 986, 4, 108, 986, 986, 108, 868, 108, 279, 868, 868, 279, 170, 279, 227, 170, 227, 902, 170, 170, 902, 63, 902, 728, 63, 63, 728, 510, 510, 728, 823, 728, 695, 823, 986, 868, 305, 868, 170, 305, 170, 63, 305, 305, 63, 858, 63, 510, 858, 858, 510, 914, 510, 609, 914, 609, 270, 914, 270, 810, 914, 810, 751, 914, 751, 866, 914, 866, 39, 914, 914, 39, 858, 39, 305, 858, 510, 823, 609, 91, 412, 756, 412, 879, 756, 756, 879, 908, 879, 176, 908, 908, 176, 224, 176, 122, 224, 224, 122, 438, 122, 355, 438, 438, 355, 94, 91, 756, 688, 756, 908, 688, 908, 224, 688, 688, 224, 438, 355, 122, 259, 259, 122, 176, 259, 425, 355, 355, 425, 94, 425, 835, 94, 94, 835, 110, 835, 248, 110, 110, 248, 99, 99, 248, 126, 248, 524, 126, 126, 524, 200, 524, 518, 200, 518, 403, 200, 200, 403, 126, 248, 835, 524, 835, 425, 524, 425, 259, 524, 524, 259, 3, 259, 669, 3, 669, 518, 3, 3, 518, 524, 110, 99, 189, 259, 786, 669, 669, 786, 570, 570, 786, 176, 786, 259, 176, 895, 236, 956, 236, 24, 956, 956, 24, 340, 24, 387, 340, 340, 387, 788, 387, 561, 788, 236, 387, 24, 895, 956, 877, 877, 956, 930, 930, 956, 234, 234, 956, 758, 956, 340, 758]
                color3f[] primvars:vertexColor = [(1, 1, 1)] (
                    interpolation = "constant"
                )
                uniform token purpose = "guide"
                uniform token subdivisionScheme = "none"
            }
        }
    }
}

