#usda 1.0
(
    customLayerData = {
        dictionary cameraSettings = {
            dictionary Front = {
                double3 position = (5, 0, 0)
                double radius = 5
            }
            dictionary Perspective = {
                double3 position = (-0.006395376951332199, 0.1483508134060496, 0.10031378760628769)
                double3 target = (-1.8530234575930837e-8, 8.513483501504382e-9, 0.020887825036041266)
            }
            dictionary Right = {
                double3 position = (0, -5, 0)
                double radius = 5
            }
            dictionary Top = {
                double3 position = (0, 0, 5)
                double radius = 5
            }
            string boundCamera = "/OmniverseKit_Persp"
        }
        dictionary omni_layer = {
            string authoring_layer = "./Orange003.usd"
        }
        dictionary renderSettings = {
        }
    }
    defaultPrim = "root"
    doc = "Blender v4.4.3"
    metersPerUnit = 1
    upAxis = "Z"
)

def Xform "root" (
    prepend apiSchemas = ["MaterialBindingAPI"]
    customData = {
        dictionary Blender = {
            bool generated = 1
        }
    }
)
{
    rel material:binding = </root/Looks/M_Orange003> (
        bindMaterialAs = "weakerThanDescendants"
    )

    def Scope "Looks"
    {
        def Material "M_Orange003"
        {
            token outputs:mdl:displacement.connect = </root/Looks/M_Orange003/Shader.outputs:out>
            token outputs:mdl:surface.connect = </root/Looks/M_Orange003/Shader.outputs:out>
            token outputs:mdl:volume.connect = </root/Looks/M_Orange003/Shader.outputs:out>

            def Shader "Shader"
            {
                uniform token info:implementationSource = "sourceAsset"
                uniform asset info:mdl:sourceAsset = @OmniPBR.mdl@
                uniform token info:mdl:sourceAsset:subIdentifier = "OmniPBR"
                asset inputs:diffuse_texture = @./texture/T_Orange003_BC001.png@ (
                    colorSpace = "sRGB"
                )
                bool inputs:enable_ORM_texture = 1
                custom float inputs:metallic_texture_influence = 1
                asset inputs:ORM_texture = @./texture/T_Orange003_ORM001.png@ (
                    colorSpace = "raw"
                )
                custom float inputs:reflection_roughness_texture_influence = 1
                token outputs:out (
                    renderType = "material"
                )
            }
        }
    }

    def Scope "Physics"
    {
        def Material "PhysicsMaterial" (
            prepend apiSchemas = ["PhysicsMaterialAPI"]
        )
        {
            float physics:dynamicFriction = 4
            float physics:staticFriction = 5
        }
    }

    def Xform "Orange003" (
        delete apiSchemas = ["PhysxContactReportAPI"]
        prepend apiSchemas = ["PhysicsRigidBodyAPI", "PhysicsMassAPI", "PhysxContactReportAPI"]
    )
    {
        float physics:mass = 0.15
        quatd xformOp:orient = (1, 0, 0, 0)
        double3 xformOp:scale = (1, 1, 1)
        double3 xformOp:translate = (0, 0, 0)
        uniform token[] xformOpOrder = ["xformOp:translate", "xformOp:orient", "xformOp:scale"]

        def Xform "Visuals"
        {
            quatd xformOp:orient = (1, 0, 0, 0)
            double3 xformOp:scale = (1, 1, 1)
            double3 xformOp:translate = (0, 0, 0)
            uniform token[] xformOpOrder = ["xformOp:translate", "xformOp:orient", "xformOp:scale"]

            def Mesh "Orange003" (
                prepend apiSchemas = ["MaterialBindingAPI"]
                customData = {
                    dictionary "3dsmax" = {
                        int matId = 1
                    }
                }
            )
            {
                float3[] extent = [(-0.028739177, -0.027826857, 5.5220658e-11), (0.028739177, 0.027826857, 0.041775685)]
                int[] faceVertexCounts = [3, 3, 3, 3, 3, 3, 3, 3, 3, 3, 3, 3, 3, 3, 3, 3, 3, 3, 3, 3, 3, 3, 3, 3, 3, 3, 3, 3, 3, 3, 3, 3, 3, 3, 3, 3, 3, 3, 3, 3, 3, 3, 3, 3, 3, 3, 3, 3, 3, 3, 3, 3, 3, 3, 3, 3, 3, 3, 3, 3, 3, 3, 3, 3, 3, 3, 3, 3, 3, 3, 3, 3, 3, 3, 3, 3, 3, 3, 3, 3, 3, 3, 3, 3, 3, 3, 3, 3, 3, 3, 3, 3, 3, 3, 3, 3, 3, 3, 3, 3, 3, 3, 3, 3, 3, 3, 3, 3, 3, 3, 3, 3, 3, 3, 3, 3, 3, 3, 3, 3, 3, 3, 3, 3, 3, 3, 3, 3, 3, 3, 3, 3, 3, 3, 3, 3, 3, 3, 3, 3, 3, 3, 3, 3, 3, 3, 3, 3, 3, 3, 3, 3, 3, 3, 3, 3, 3, 3, 3, 3, 3, 3, 3, 3, 3, 3, 3, 3, 3, 3, 3, 3, 3, 3, 3, 3, 3, 3, 3, 3, 3, 3, 3, 3, 3, 3, 3, 3, 3, 3, 3, 3, 3, 3, 3, 3, 3, 3, 3, 3, 3, 3, 3, 3, 3, 3, 3, 3, 3, 3, 3, 3, 3, 3, 3, 3, 3, 3, 3, 3, 3, 3, 3, 3, 3, 3, 3, 3, 3, 3, 3, 3, 3, 3, 3, 3, 3, 3, 3, 3, 3, 3, 3, 3, 3, 3, 3, 3, 3, 3, 3, 3, 3, 3, 3, 3, 3, 3, 3, 3, 3, 3, 3, 3, 3, 3, 3, 3, 3, 3, 3, 3, 3, 3, 3, 3, 3, 3, 3, 3, 3, 3, 3, 3, 3, 3, 3, 3, 3, 3, 3, 3, 3, 3, 3, 3, 3, 3, 3, 3, 3, 3, 3, 3, 3, 3, 3, 3, 3, 3, 3, 3, 3, 3, 3, 3, 3, 3, 3, 3, 3, 3, 3, 3, 3, 3, 3, 3, 3, 3, 3, 3, 3, 3, 3, 3, 3, 3, 3, 3, 3, 3, 3, 3, 3, 3, 3, 3, 3, 3, 3, 3, 3, 3, 3, 3, 3, 3, 3, 3, 3, 3, 3, 3, 3, 3, 3, 3, 3, 3, 3, 3, 3, 3, 3, 3, 3, 3, 3, 3, 3, 3, 3, 3, 3, 3, 3, 3, 3, 3, 3, 3, 3, 3, 3, 3, 3, 3, 3, 3, 3, 3, 3, 3, 3, 3, 3, 3, 3, 3, 3, 3, 3, 3, 3, 3, 3, 3, 3, 3, 3, 3, 3, 3, 3, 3, 3, 3, 3, 3, 3, 3, 3, 3, 3, 3, 3, 3, 3, 3, 3, 3, 3, 3, 3, 3, 3, 3, 3, 3, 3, 3, 3, 3, 3, 3, 3, 3, 3, 3, 3, 3, 3, 3, 3, 3, 3, 3, 3, 3, 3, 3, 3, 3, 3, 3, 3, 3, 3, 3, 3, 3, 3, 3, 3, 3, 3, 3, 3, 3, 3, 3, 3, 3, 3, 3, 3, 3, 3, 3, 3, 3, 3, 3, 3, 3, 3, 3, 3, 3, 3, 3, 3, 3, 3, 3, 3, 3, 3, 3, 3, 3, 3, 3, 3, 3, 3, 3, 3, 3, 3, 3, 3, 3, 3, 3, 3, 3, 3, 3, 3, 3, 3, 3, 3, 3, 3, 3, 3, 3, 3, 3, 3, 3, 3, 3, 3, 3, 3, 3, 3, 3, 3, 3, 3, 3, 3, 3, 3, 3, 3, 3, 3, 3, 3, 3, 3, 3, 3, 3, 3, 3, 3, 3, 3, 3, 3, 3, 3, 3, 3, 3, 3, 3, 3, 3, 3, 3, 3, 3, 3, 3, 3, 3, 3, 3, 3, 3, 3, 3, 3, 3, 3, 3, 3, 3, 3, 3, 3, 3, 3, 3, 3, 3, 3, 3, 3, 3, 3, 3, 3, 3, 3, 3, 3, 3, 3, 3, 3, 3, 3, 3, 3, 3, 3, 3, 3, 3, 3, 3, 3, 3, 3, 3, 3, 3, 3, 3, 3, 3, 3, 3, 3, 3, 3, 3, 3, 3, 3, 3, 3, 3, 3, 3, 3, 3, 3, 3, 3, 3, 3, 3, 3, 3, 3, 3, 3, 3, 3, 3, 3, 3, 3, 3, 3, 3, 3, 3, 3, 3, 3, 3, 3, 3, 3, 3, 3, 3, 3, 3, 3, 3, 3, 3, 3, 3, 3, 3, 3, 3, 3, 3, 3, 3, 3, 3, 3, 3, 3, 3, 3, 3, 3, 3, 3, 3, 3, 3, 3, 3, 3, 3, 3, 3, 3, 3, 3, 3, 3, 3, 3, 3, 3, 3, 3, 3, 3, 3, 3, 3, 3, 3, 3, 3, 3, 3, 3, 3, 3, 3, 3, 3, 3, 3, 3, 3, 3, 3, 3, 3, 3, 3, 3, 3, 3, 3, 3, 3, 3, 3, 3, 3, 3, 3, 3, 3, 3, 3, 3, 3, 3, 3, 3, 3, 3, 3, 3, 3, 3, 3, 3, 3, 3, 3, 3, 3, 3, 3, 3, 3, 3, 3, 3, 3, 3, 3, 3, 3, 3, 3, 3, 3, 3, 3, 3, 3, 3, 3, 3, 3, 3, 3, 3, 3, 3, 3, 3, 3, 3, 3, 3, 3, 3, 3, 3, 3, 3, 3, 3, 3, 3, 3, 3, 3, 3, 3, 3, 3, 3, 3, 3, 3, 3, 3, 3, 3, 3, 3, 3, 3, 3, 3, 3, 3, 3, 3, 3, 3, 3, 3, 3, 3, 3, 3, 3, 3, 3, 3, 3, 3, 3, 3, 3, 3, 3, 3, 3, 3, 3, 3, 3, 3, 3, 3, 3, 3, 3, 3, 3, 3, 3, 3, 3, 3, 3, 3, 3, 3, 3, 3, 3, 3, 3, 3, 3, 3, 3, 3, 3, 3, 3, 3, 3, 3, 3, 3, 3, 3, 3, 3, 3, 3, 3, 3, 3, 3, 3, 3, 3, 3, 3, 3, 3, 3, 3, 3, 3, 3, 3, 3, 3, 3, 3, 3, 3, 3, 3, 3, 3, 3, 3, 3, 3, 3, 3, 3, 3, 3, 3, 3, 3, 3, 3, 3, 3, 3, 3, 3, 3, 3, 3, 3, 3, 3, 3, 3, 3, 3, 3, 3, 3, 3, 3, 3, 3, 3, 3, 3, 3, 3, 3, 3, 3, 3, 3, 3, 3, 3, 3, 3, 3, 3, 3, 3, 3, 3, 3, 3, 3, 3, 3, 3, 3, 3, 3, 3, 3, 3, 3, 3, 3, 3, 3, 3, 3, 3, 3, 3, 3, 3, 3, 3, 3, 3, 3, 3, 3, 3, 3, 3, 3, 3, 3, 3, 3, 3, 3, 3, 3, 3, 3, 3, 3, 3, 3, 3, 3, 3, 3, 3, 3, 3, 3, 3, 3, 3, 3, 3, 3, 3, 3, 3, 3, 3, 3, 3, 3, 3, 3, 3, 3, 3, 3, 3, 3, 3, 3, 3, 3, 3, 3, 3, 3, 3, 3, 3, 3, 3, 3, 3, 3, 3, 3, 3, 3, 3, 3, 3, 3, 3, 3, 3, 3, 3, 3, 3, 3, 3, 3, 3, 3, 3, 3, 3, 3, 3, 3, 3, 3, 3, 3, 3, 3, 3, 3, 3, 3, 3, 3, 3, 3, 3, 3, 3, 3, 3, 3, 3, 3, 3, 3, 3, 3, 3, 3, 3, 3, 3, 3, 3, 3, 3, 3, 3, 3, 3, 3, 3, 3, 3, 3, 3, 3, 3, 3, 3, 3, 3, 3, 3, 3, 3, 3, 3, 3, 3, 3, 3, 3, 3, 3, 3, 3, 3, 3, 3, 3, 3, 3, 3, 3, 3, 3, 3, 3, 3, 3, 3, 3, 3, 3, 3, 3, 3, 3, 3, 3, 3, 3, 3, 3, 3, 3, 3, 3, 3, 3, 3, 3, 3, 3, 3, 3, 3, 3, 3, 3, 3, 3, 3, 3, 3, 3, 3, 3, 3, 3, 3, 3, 3, 3, 3, 3, 3, 3, 3, 3, 3, 3, 3, 3, 3, 3, 3, 3, 3, 3, 3, 3, 3, 3, 3, 3, 3, 3, 3, 3, 3, 3, 3, 3, 3, 3, 3, 3, 3, 3, 3, 3, 3, 3, 3, 3, 3, 3, 3, 3, 3, 3, 3, 3, 3, 3, 3, 3, 3, 3, 3, 3, 3, 3, 3, 3, 3, 3, 3, 3, 3, 3, 3, 3, 3, 3, 3, 3, 3, 3, 3, 3, 3, 3, 3, 3, 3, 3, 3, 3, 3, 3, 3, 3, 3, 3, 3, 3, 3, 3, 3, 3, 3, 3, 3, 3, 3, 3, 3, 3, 3, 3, 3, 3, 3, 3, 3, 3, 3, 3, 3, 3, 3, 3, 3, 3, 3, 3, 3, 3, 3, 3, 3, 3, 3, 3, 3, 3, 3, 3, 3, 3, 3, 3, 3, 3, 3, 3, 3, 3, 3, 3, 3, 3, 3, 3, 3, 3, 3, 3, 3, 3, 3, 3, 3, 3, 3, 3, 3, 3, 3, 3, 3, 3, 3, 3, 3, 3, 3, 3, 3, 3, 3, 3, 3, 3, 3, 3, 3, 3, 3, 3, 3, 3, 3, 3, 3, 3, 3, 3, 3, 3, 3, 3, 3, 3, 3, 3, 3, 3, 3, 3, 3, 3, 3, 3, 3, 3, 3, 3, 3, 3, 3, 3, 3, 3, 3, 3, 3, 3, 3, 3, 3, 3, 3, 3, 3, 3, 3, 3, 3, 3, 3, 3, 3, 3, 3, 3, 3, 3, 3, 3, 3, 3, 3, 3, 3, 3, 3, 3, 3, 3, 3, 3, 3, 3, 3, 3, 3, 3, 3, 3, 3, 3, 3, 3, 3, 3, 3, 3, 3, 3, 3, 3, 3, 3, 3, 3, 3, 3, 3, 3, 3, 3, 3, 3, 3, 3, 3, 3, 3, 3, 3, 3, 3, 3, 3, 3, 3, 3, 3, 3, 3, 3, 3, 3, 3, 3, 3, 3, 3, 3, 3, 3, 3, 3, 3, 3, 3, 3, 3, 3, 3, 3, 3, 3, 3, 3, 3, 3, 3, 3, 3, 3, 3, 3, 3, 3, 3, 3, 3, 3, 3, 3, 3, 3, 3, 3, 3, 3, 3, 3, 3, 3, 3, 3, 3, 3, 3, 3, 3, 3, 3, 3, 3, 3, 3, 3, 3, 3, 3, 3, 3, 3, 3, 3, 3, 3, 3, 3, 3, 3, 3, 3, 3, 3, 3, 3, 3, 3, 3, 3, 3, 3, 3, 3, 3, 3, 3, 3, 3, 3, 3, 3, 3, 3, 3, 3, 3, 3, 3, 3, 3, 3, 3, 3, 3, 3, 3, 3, 3, 3, 3, 3, 3, 3, 3, 3, 3, 3, 3, 3, 3, 3, 3, 3, 3, 3, 3, 3, 3, 3, 3, 3, 3, 3, 3, 3, 3, 3, 3, 3, 3, 3, 3, 3, 3, 3, 3, 3, 3, 3, 3, 3, 3, 3, 3, 3, 3, 3, 3, 3, 3, 3, 3, 3, 3, 3, 3, 3, 3, 3, 3, 3, 3, 3, 3, 3, 3, 3, 3, 3, 3, 3, 3, 3, 3, 3, 3, 3, 3, 3, 3, 3, 3, 3, 3, 3, 3, 3, 3, 3, 3, 3, 3, 3, 3, 3, 3, 3, 3, 3, 3, 3, 3, 3, 3, 3, 3, 3, 3, 3, 3, 3, 3, 3, 3, 3, 3, 3, 3, 3, 3, 3, 3, 3, 3, 3, 3, 3, 3, 3, 3, 3, 3, 3, 3, 3, 3, 3, 3, 3, 3, 3, 3, 3, 3, 3, 3, 3, 3, 3, 3, 3, 3, 3, 3, 3, 3, 3, 3, 3, 3, 3, 3, 3, 3, 3, 3, 3, 3, 3, 3, 3, 3, 3, 3, 3, 3, 3, 3, 3, 3, 3, 3, 3, 3, 3, 3, 3, 3, 3, 3, 3, 3, 3, 3, 3, 3, 3, 3, 3, 3, 3, 3, 3, 3, 3, 3, 3, 3, 3, 3, 3, 3, 3, 3, 3, 3, 3, 3, 3, 3]
                int[] faceVertexIndices = [0, 1, 2, 1, 3, 2, 2, 3, 4, 4, 3, 5, 5, 3, 6, 6, 3, 7, 3, 1, 7, 4, 8, 2, 8, 0, 2, 0, 8, 9, 9, 8, 10, 10, 8, 11, 8, 4, 11, 11, 4, 12, 4, 13, 12, 13, 14, 12, 12, 14, 11, 13, 4, 15, 4, 5, 15, 15, 5, 16, 16, 5, 17, 5, 6, 17, 17, 6, 18, 18, 6, 19, 6, 7, 19, 19, 7, 20, 7, 1, 20, 20, 1, 21, 1, 0, 21, 0, 22, 21, 21, 22, 20, 22, 23, 20, 20, 23, 19, 23, 24, 19, 19, 24, 25, 25, 24, 26, 26, 24, 27, 24, 23, 27, 27, 23, 22, 13, 15, 16, 25, 28, 19, 19, 28, 18, 18, 28, 29, 28, 30, 29, 29, 30, 31, 31, 30, 32, 32, 30, 33, 33, 30, 25, 30, 28, 25, 31, 34, 29, 29, 34, 18, 18, 34, 17, 17, 34, 16, 16, 34, 35, 35, 34, 36, 34, 37, 36, 36, 37, 38, 38, 37, 39, 39, 37, 31, 37, 34, 31, 35, 36, 40, 40, 36, 41, 36, 38, 41, 35, 40, 16, 40, 42, 16, 16, 42, 13, 42, 43, 13, 13, 43, 44, 43, 45, 44, 45, 46, 44, 46, 47, 44, 47, 14, 44, 44, 14, 13, 45, 43, 48, 43, 42, 48, 42, 40, 48, 48, 40, 49, 40, 41, 49, 49, 41, 50, 41, 38, 50, 50, 38, 51, 51, 38, 52, 52, 38, 53, 38, 39, 53, 53, 39, 54, 39, 31, 54, 54, 31, 55, 31, 32, 55, 49, 50, 56, 50, 51, 56, 55, 57, 54, 54, 57, 53, 57, 58, 53, 53, 58, 59, 58, 60, 59, 60, 61, 59, 59, 61, 53, 61, 52, 53, 55, 62, 57, 57, 62, 58, 62, 63, 58, 58, 63, 64, 64, 63, 462, 63, 65, 462, 462, 65, 66, 66, 65, 67, 65, 63, 67, 63, 62, 67, 67, 62, 55, 64, 465, 58, 58, 465, 60, 462, 66, 461, 461, 66, 459, 66, 68, 459, 68, 69, 459, 459, 69, 70, 69, 71, 70, 70, 71, 947, 71, 72, 947, 947, 72, 949, 949, 72, 951, 72, 73, 951, 73, 74, 951, 951, 74, 960, 74, 75, 960, 960, 75, 76, 76, 75, 962, 75, 77, 962, 77, 78, 962, 962, 78, 966, 78, 79, 966, 966, 79, 394, 394, 79, 386, 79, 80, 386, 80, 81, 386, 386, 81, 82, 81, 83, 82, 82, 83, 385, 385, 83, 84, 83, 85, 84, 85, 86, 84, 84, 86, 562, 86, 87, 562, 562, 87, 88, 87, 89, 88, 88, 89, 561, 561, 89, 560, 89, 90, 560, 90, 91, 560, 560, 91, 92, 91, 93, 92, 92, 93, 558, 558, 93, 94, 93, 95, 94, 95, 96, 94, 94, 96, 555, 96, 97, 555, 555, 97, 98, 98, 97, 99, 97, 100, 99, 100, 101, 99, 99, 101, 550, 101, 102, 550, 550, 102, 548, 102, 103, 548, 548, 103, 104, 104, 103, 105, 103, 106, 105, 106, 107, 105, 105, 107, 545, 107, 108, 545, 545, 108, 543, 543, 108, 109, 108, 110, 109, 110, 111, 109, 109, 111, 540, 111, 112, 540, 540, 112, 113, 112, 114, 113, 113, 114, 537, 537, 114, 534, 114, 115, 534, 115, 116, 534, 534, 116, 117, 116, 118, 117, 117, 118, 119, 119, 118, 120, 118, 121, 120, 121, 122, 120, 120, 122, 530, 122, 123, 530, 530, 123, 124, 124, 123, 125, 123, 126, 125, 126, 127, 125, 125, 127, 128, 127, 129, 128, 128, 129, 525, 525, 129, 130, 129, 131, 130, 131, 132, 130, 130, 132, 133, 132, 134, 133, 133, 134, 522, 134, 135, 522, 522, 135, 136, 135, 137, 136, 136, 137, 509, 137, 138, 509, 138, 139, 509, 509, 139, 508, 508, 139, 488, 139, 140, 488, 140, 141, 488, 488, 141, 142, 141, 143, 142, 142, 143, 144, 144, 143, 484, 484, 143, 145, 143, 146, 145, 145, 146, 147, 147, 146, 148, 146, 141, 148, 148, 141, 140, 143, 141, 146, 147, 149, 145, 145, 149, 484, 484, 149, 483, 483, 149, 150, 149, 151, 150, 151, 152, 150, 150, 152, 479, 479, 152, 153, 152, 154, 153, 153, 154, 477, 154, 155, 477, 155, 156, 477, 477, 156, 475, 156, 157, 475, 475, 157, 158, 158, 157, 159, 157, 61, 159, 159, 61, 60, 147, 151, 149, 61, 157, 52, 52, 157, 51, 157, 160, 51, 51, 160, 56, 156, 161, 157, 161, 162, 157, 157, 162, 160, 156, 155, 161, 161, 155, 163, 155, 164, 163, 163, 164, 165, 165, 164, 166, 166, 164, 152, 152, 164, 154, 164, 155, 154, 165, 167, 163, 163, 167, 161, 161, 167, 162, 167, 168, 162, 168, 169, 162, 162, 169, 160, 160, 169, 56, 169, 170, 56, 56, 170, 49, 170, 171, 49, 171, 172, 49, 49, 172, 48, 172, 173, 48, 48, 173, 45, 173, 174, 45, 45, 174, 46, 174, 175, 46, 46, 175, 47, 169, 171, 170, 173, 172, 174, 172, 176, 174, 174, 176, 175, 175, 176, 177, 176, 178, 177, 177, 178, 179, 178, 180, 179, 180, 181, 179, 179, 181, 177, 181, 182, 177, 177, 182, 175, 182, 183, 175, 175, 183, 184, 184, 183, 185, 185, 183, 186, 183, 182, 186, 186, 182, 181, 178, 176, 172, 175, 184, 47, 47, 184, 14, 184, 187, 14, 14, 187, 11, 187, 188, 11, 11, 188, 10, 187, 184, 188, 188, 184, 189, 184, 185, 189, 189, 185, 190, 185, 186, 190, 190, 191, 189, 189, 191, 188, 191, 192, 188, 188, 192, 193, 193, 192, 194, 194, 192, 195, 192, 191, 195, 195, 191, 190, 188, 193, 10, 10, 193, 9, 193, 196, 9, 196, 197, 9, 197, 0, 9, 0, 197, 22, 197, 198, 22, 22, 198, 199, 198, 200, 199, 200, 201, 199, 201, 27, 199, 199, 27, 22, 200, 198, 202, 198, 197, 202, 197, 196, 202, 196, 193, 202, 202, 193, 203, 193, 194, 203, 203, 194, 204, 194, 195, 204, 204, 205, 203, 203, 205, 202, 205, 206, 202, 202, 206, 200, 206, 207, 200, 200, 207, 208, 207, 209, 208, 209, 210, 208, 210, 211, 208, 208, 211, 200, 200, 211, 201, 211, 212, 201, 201, 212, 27, 212, 213, 27, 27, 213, 26, 206, 205, 214, 214, 205, 204, 206, 214, 207, 207, 214, 209, 213, 212, 215, 212, 211, 215, 215, 211, 216, 211, 217, 216, 216, 217, 218, 218, 217, 219, 217, 210, 219, 219, 210, 209, 211, 210, 217, 213, 215, 220, 215, 216, 220, 216, 218, 221, 218, 222, 221, 222, 223, 221, 223, 224, 221, 221, 224, 216, 224, 225, 216, 216, 225, 220, 225, 226, 220, 220, 226, 213, 219, 222, 218, 226, 225, 227, 225, 224, 227, 227, 224, 228, 224, 229, 228, 229, 230, 228, 230, 231, 228, 228, 231, 227, 231, 226, 227, 229, 224, 232, 224, 223, 232, 232, 223, 233, 223, 222, 233, 233, 234, 232, 232, 234, 229, 234, 235, 229, 229, 235, 236, 236, 235, 237, 237, 235, 238, 235, 234, 238, 238, 234, 233, 236, 239, 229, 229, 239, 230, 239, 240, 230, 230, 240, 231, 240, 239, 241, 239, 236, 241, 241, 236, 242, 236, 243, 242, 243, 244, 242, 244, 245, 242, 242, 245, 241, 245, 240, 241, 243, 236, 246, 236, 237, 246, 246, 237, 247, 237, 238, 247, 247, 248, 246, 246, 248, 243, 248, 249, 243, 243, 249, 250, 250, 249, 251, 251, 249, 252, 249, 248, 252, 252, 248, 247, 250, 253, 243, 243, 253, 244, 253, 254, 244, 244, 254, 245, 254, 253, 255, 253, 250, 255, 250, 256, 255, 256, 75, 255, 255, 75, 254, 75, 74, 254, 74, 73, 254, 254, 73, 257, 73, 72, 257, 257, 72, 258, 72, 259, 258, 259, 260, 258, 258, 260, 245, 260, 240, 245, 254, 257, 245, 257, 258, 245, 72, 71, 259, 71, 69, 259, 259, 69, 261, 69, 68, 261, 261, 68, 262, 68, 66, 262, 262, 66, 263, 66, 67, 263, 263, 67, 264, 264, 67, 265, 67, 55, 265, 265, 55, 266, 55, 32, 266, 32, 33, 266, 266, 33, 267, 33, 25, 267, 267, 25, 268, 25, 26, 268, 26, 213, 268, 268, 213, 269, 213, 226, 269, 269, 226, 270, 226, 271, 270, 270, 271, 272, 272, 271, 273, 271, 231, 273, 273, 231, 274, 231, 240, 274, 274, 240, 275, 240, 260, 275, 260, 259, 275, 259, 276, 275, 275, 276, 274, 274, 276, 273, 276, 272, 273, 268, 269, 267, 269, 270, 267, 267, 270, 272, 231, 271, 226, 259, 261, 276, 261, 262, 276, 276, 262, 277, 262, 263, 277, 263, 264, 277, 277, 264, 272, 264, 278, 272, 272, 278, 267, 267, 278, 266, 266, 278, 265, 278, 264, 265, 272, 276, 277, 279, 281, 280, 280, 281, 282, 282, 281, 283, 283, 281, 284, 284, 281, 285, 281, 279, 285, 285, 279, 286, 286, 279, 287, 279, 280, 287, 287, 280, 288, 280, 289, 288, 289, 290, 288, 288, 290, 287, 290, 291, 287, 291, 292, 287, 292, 293, 287, 287, 293, 286, 293, 294, 286, 294, 295, 286, 286, 295, 285, 295, 296, 285, 285, 296, 284, 296, 297, 284, 284, 297, 283, 297, 298, 283, 283, 298, 282, 298, 299, 282, 299, 289, 282, 282, 289, 280, 290, 300, 291, 299, 298, 301, 301, 298, 302, 298, 297, 302, 302, 297, 303, 303, 297, 304, 304, 297, 305, 297, 296, 305, 305, 296, 306, 296, 295, 306, 306, 295, 307, 295, 294, 307, 294, 308, 307, 308, 309, 307, 307, 309, 306, 309, 310, 306, 306, 310, 305, 310, 311, 305, 305, 311, 304, 311, 312, 304, 312, 313, 304, 304, 313, 303, 313, 314, 303, 314, 315, 303, 303, 315, 302, 315, 316, 302, 302, 316, 301, 316, 317, 301, 301, 317, 299, 317, 318, 299, 299, 318, 289, 318, 319, 289, 289, 319, 290, 319, 320, 290, 290, 320, 321, 320, 322, 321, 322, 323, 321, 321, 323, 300, 323, 324, 300, 300, 324, 291, 291, 324, 292, 324, 325, 292, 292, 325, 293, 325, 326, 293, 293, 326, 294, 326, 327, 294, 327, 328, 294, 294, 328, 308, 328, 329, 308, 308, 329, 309, 290, 321, 300, 325, 327, 326, 310, 330, 311, 311, 330, 312, 318, 331, 319, 319, 331, 320, 329, 328, 332, 328, 327, 332, 332, 327, 333, 327, 334, 333, 334, 335, 333, 335, 336, 333, 333, 336, 337, 336, 338, 337, 333, 337, 332, 337, 329, 332, 334, 327, 339, 327, 325, 339, 339, 325, 340, 325, 341, 340, 340, 341, 342, 342, 341, 343, 341, 324, 343, 343, 324, 344, 324, 323, 344, 344, 323, 345, 345, 323, 346, 346, 323, 347, 323, 322, 347, 347, 322, 348, 322, 320, 348, 320, 349, 348, 349, 350, 348, 348, 350, 347, 324, 341, 325, 334, 339, 351, 339, 340, 351, 343, 344, 352, 344, 345, 352, 349, 320, 353, 320, 331, 353, 353, 331, 354, 331, 318, 354, 318, 317, 354, 354, 317, 355, 317, 316, 355, 355, 316, 356, 356, 316, 357, 357, 316, 358, 316, 315, 358, 358, 315, 359, 315, 314, 359, 359, 314, 360, 314, 313, 360, 313, 312, 360, 360, 312, 361, 361, 312, 362, 312, 363, 362, 362, 363, 364, 364, 363, 365, 365, 363, 330, 363, 312, 330, 354, 355, 366, 355, 356, 366, 364, 367, 362, 362, 367, 361, 367, 368, 361, 361, 368, 360, 368, 369, 360, 369, 370, 360, 360, 370, 359, 359, 370, 358, 370, 371, 358, 358, 371, 357, 371, 372, 357, 357, 372, 356, 372, 373, 356, 356, 373, 374, 374, 373, 375, 375, 373, 376, 373, 372, 376, 376, 372, 377, 372, 371, 377, 377, 371, 370, 374, 378, 356, 356, 378, 366, 378, 379, 366, 366, 379, 354, 379, 380, 354, 354, 380, 353, 353, 380, 349, 380, 381, 349, 349, 381, 382, 382, 381, 383, 383, 381, 379, 381, 380, 379, 382, 384, 349, 349, 384, 350, 384, 84, 350, 350, 84, 347, 84, 384, 385, 384, 382, 385, 385, 382, 82, 82, 382, 386, 382, 387, 386, 386, 387, 388, 388, 387, 389, 387, 383, 389, 383, 379, 389, 389, 379, 390, 379, 378, 390, 378, 374, 390, 390, 374, 391, 374, 392, 391, 392, 393, 391, 393, 389, 391, 391, 389, 390, 382, 383, 387, 386, 388, 394, 392, 374, 395, 374, 375, 395, 375, 396, 395, 395, 396, 397, 396, 398, 397, 398, 399, 397, 399, 400, 397, 400, 392, 397, 397, 392, 395, 398, 396, 401, 396, 375, 401, 375, 376, 401, 376, 377, 401, 377, 402, 401, 401, 402, 403, 402, 404, 403, 404, 405, 403, 403, 405, 406, 405, 407, 406, 407, 398, 406, 398, 401, 406, 406, 401, 403, 404, 402, 408, 402, 377, 408, 408, 377, 409, 377, 370, 409, 409, 370, 410, 370, 369, 410, 410, 369, 411, 369, 368, 411, 368, 367, 411, 367, 412, 411, 412, 413, 411, 413, 414, 411, 411, 414, 415, 414, 416, 415, 416, 417, 415, 417, 404, 415, 404, 408, 415, 408, 409, 415, 409, 410, 415, 415, 410, 411, 416, 414, 418, 418, 414, 413, 418, 419, 416, 419, 420, 416, 416, 420, 417, 420, 421, 417, 417, 421, 404, 421, 422, 404, 404, 422, 405, 422, 423, 405, 423, 424, 405, 424, 425, 405, 405, 425, 407, 425, 426, 407, 407, 426, 398, 426, 427, 398, 398, 427, 399, 421, 428, 422, 422, 428, 423, 427, 426, 429, 426, 425, 429, 429, 425, 430, 430, 425, 431, 431, 425, 432, 425, 424, 432, 432, 424, 433, 424, 423, 433, 433, 423, 434, 423, 428, 434, 427, 429, 435, 429, 430, 435, 434, 436, 433, 433, 436, 432, 436, 437, 432, 432, 437, 431, 437, 438, 431, 431, 438, 430, 438, 439, 430, 430, 439, 440, 440, 439, 441, 441, 439, 442, 439, 438, 442, 442, 438, 443, 438, 437, 443, 443, 437, 436, 440, 444, 430, 430, 444, 435, 444, 445, 435, 435, 445, 427, 445, 444, 446, 444, 440, 446, 446, 440, 447, 440, 448, 447, 448, 449, 447, 449, 450, 447, 447, 450, 446, 450, 445, 446, 448, 440, 451, 440, 441, 451, 441, 452, 451, 452, 453, 451, 451, 453, 448, 453, 454, 448, 454, 455, 448, 448, 455, 456, 455, 457, 456, 456, 457, 458, 458, 457, 459, 457, 460, 459, 459, 460, 461, 461, 460, 462, 460, 463, 462, 463, 464, 462, 462, 464, 64, 64, 464, 465, 465, 464, 466, 466, 464, 467, 464, 463, 467, 467, 463, 455, 463, 460, 455, 455, 460, 457, 448, 456, 449, 456, 458, 449, 449, 458, 450, 455, 468, 467, 467, 468, 466, 455, 454, 468, 454, 453, 468, 468, 453, 469, 453, 470, 469, 470, 471, 469, 469, 471, 468, 471, 472, 468, 468, 472, 466, 466, 472, 465, 465, 472, 60, 60, 472, 159, 472, 471, 159, 159, 471, 158, 471, 473, 158, 158, 473, 474, 474, 473, 470, 473, 471, 470, 470, 453, 452, 158, 474, 475, 474, 476, 475, 475, 476, 477, 477, 476, 153, 476, 478, 153, 153, 478, 479, 478, 480, 479, 479, 480, 150, 480, 481, 150, 481, 482, 150, 150, 482, 483, 483, 482, 484, 482, 485, 484, 485, 486, 484, 484, 486, 144, 486, 487, 144, 144, 487, 142, 142, 487, 488, 488, 487, 489, 489, 487, 490, 487, 486, 490, 490, 486, 491, 491, 486, 492, 486, 485, 492, 485, 482, 492, 492, 482, 493, 493, 482, 494, 482, 481, 494, 494, 481, 495, 481, 480, 495, 495, 480, 496, 480, 478, 496, 496, 478, 476, 494, 495, 497, 497, 495, 496, 497, 498, 494, 494, 498, 493, 498, 499, 493, 493, 499, 492, 499, 500, 492, 500, 501, 492, 492, 501, 491, 491, 501, 490, 501, 502, 490, 502, 503, 490, 503, 504, 490, 490, 504, 489, 504, 505, 489, 489, 505, 488, 505, 506, 488, 506, 507, 488, 488, 507, 508, 508, 507, 509, 509, 507, 510, 510, 507, 511, 507, 506, 511, 511, 506, 512, 506, 505, 512, 512, 505, 513, 505, 504, 513, 513, 504, 514, 504, 503, 514, 513, 514, 512, 514, 515, 512, 512, 515, 511, 511, 515, 516, 515, 517, 516, 517, 518, 516, 518, 519, 516, 516, 519, 511, 519, 520, 511, 511, 520, 510, 520, 521, 510, 510, 521, 509, 509, 521, 136, 136, 521, 522, 522, 521, 133, 133, 521, 130, 130, 521, 523, 521, 520, 523, 520, 519, 523, 519, 524, 523, 523, 524, 130, 130, 524, 525, 524, 526, 525, 525, 526, 128, 128, 526, 125, 526, 527, 125, 527, 528, 125, 125, 528, 124, 528, 529, 124, 124, 529, 530, 530, 529, 120, 529, 531, 120, 531, 532, 120, 120, 532, 119, 532, 533, 119, 119, 533, 117, 117, 533, 534, 533, 535, 534, 535, 536, 534, 534, 536, 537, 536, 538, 537, 537, 538, 113, 538, 539, 113, 113, 539, 540, 540, 539, 109, 539, 541, 109, 541, 542, 109, 109, 542, 543, 542, 544, 543, 543, 544, 545, 545, 544, 105, 544, 546, 105, 546, 547, 105, 105, 547, 104, 104, 547, 548, 547, 549, 548, 548, 549, 550, 549, 551, 550, 550, 551, 99, 551, 552, 99, 552, 553, 99, 99, 553, 98, 553, 554, 98, 98, 554, 555, 555, 554, 94, 554, 556, 94, 556, 557, 94, 94, 557, 558, 557, 559, 558, 558, 559, 92, 92, 559, 560, 559, 352, 560, 352, 345, 560, 560, 345, 561, 345, 346, 561, 561, 346, 88, 346, 347, 88, 88, 347, 562, 347, 84, 562, 517, 515, 514, 519, 526, 524, 352, 559, 343, 343, 559, 342, 559, 563, 342, 342, 563, 340, 563, 351, 340, 559, 557, 563, 557, 556, 563, 563, 556, 564, 556, 554, 564, 499, 498, 565, 498, 497, 565, 565, 566, 499, 566, 500, 499, 564, 567, 563, 563, 567, 351, 351, 567, 334, 334, 567, 335, 567, 568, 335, 335, 568, 336, 336, 568, 338, 568, 569, 338, 338, 569, 570, 569, 571, 570, 571, 572, 570, 570, 572, 337, 572, 573, 337, 337, 573, 329, 573, 574, 329, 329, 574, 575, 574, 576, 575, 575, 576, 309, 576, 577, 309, 309, 577, 310, 310, 577, 330, 577, 576, 330, 576, 578, 330, 330, 578, 365, 578, 579, 365, 365, 579, 364, 337, 338, 570, 574, 573, 572, 329, 575, 309, 579, 578, 580, 578, 576, 580, 580, 576, 581, 576, 574, 581, 581, 574, 582, 574, 583, 582, 582, 583, 584, 583, 572, 584, 584, 572, 585, 572, 571, 585, 585, 571, 586, 571, 569, 586, 574, 572, 583, 581, 587, 580, 580, 587, 579, 587, 581, 582, 586, 588, 585, 588, 584, 585, 588, 586, 589, 589, 586, 590, 586, 569, 590, 590, 569, 591, 591, 569, 592, 569, 568, 592, 592, 568, 593, 568, 567, 593, 593, 567, 594, 567, 564, 594, 564, 554, 594, 594, 554, 595, 554, 553, 595, 553, 552, 595, 595, 552, 596, 552, 551, 596, 596, 551, 597, 551, 549, 597, 597, 549, 598, 549, 547, 598, 598, 547, 599, 547, 546, 599, 599, 546, 600, 546, 544, 600, 595, 593, 594, 600, 601, 599, 599, 601, 598, 601, 602, 598, 598, 602, 597, 602, 603, 597, 597, 603, 596, 603, 604, 596, 596, 604, 595, 604, 605, 595, 595, 605, 593, 593, 605, 592, 605, 604, 592, 592, 604, 591, 604, 606, 591, 591, 606, 590, 606, 607, 590, 590, 607, 589, 607, 601, 589, 589, 601, 608, 608, 601, 609, 601, 600, 609, 609, 600, 610, 600, 544, 610, 604, 603, 606, 603, 602, 606, 606, 602, 607, 602, 601, 607, 589, 608, 588, 608, 611, 588, 588, 611, 612, 611, 613, 612, 613, 584, 612, 612, 584, 588, 610, 614, 609, 609, 614, 608, 608, 614, 611, 614, 615, 611, 611, 615, 613, 610, 616, 614, 616, 617, 614, 614, 617, 615, 610, 544, 616, 544, 542, 616, 542, 541, 616, 616, 541, 618, 541, 539, 618, 618, 619, 616, 616, 619, 617, 617, 619, 615, 619, 620, 615, 620, 621, 615, 615, 621, 613, 621, 622, 613, 613, 622, 584, 584, 622, 582, 582, 622, 587, 622, 623, 587, 587, 623, 624, 624, 623, 625, 625, 623, 621, 623, 622, 621, 624, 626, 587, 587, 626, 579, 626, 627, 579, 579, 627, 628, 627, 629, 628, 629, 630, 628, 628, 630, 364, 630, 631, 364, 364, 631, 367, 631, 632, 367, 367, 632, 412, 579, 628, 364, 624, 633, 626, 633, 627, 626, 632, 631, 634, 631, 630, 634, 634, 630, 635, 630, 629, 635, 635, 636, 634, 634, 636, 632, 636, 637, 632, 632, 637, 412, 412, 637, 413, 637, 638, 413, 413, 638, 418, 418, 638, 419, 419, 638, 639, 639, 638, 640, 640, 638, 641, 638, 636, 641, 641, 636, 642, 636, 643, 642, 642, 643, 644, 644, 643, 645, 645, 643, 635, 643, 636, 635, 638, 637, 636, 644, 646, 642, 642, 646, 641, 641, 646, 640, 646, 647, 640, 640, 647, 639, 647, 648, 639, 639, 648, 419, 648, 649, 419, 419, 649, 650, 650, 649, 651, 651, 649, 652, 649, 648, 652, 652, 648, 647, 419, 650, 420, 420, 650, 421, 421, 650, 428, 428, 650, 434, 650, 653, 434, 434, 653, 654, 653, 655, 654, 655, 565, 654, 654, 565, 656, 565, 657, 656, 656, 657, 436, 657, 658, 436, 436, 658, 443, 650, 651, 653, 653, 651, 655, 651, 652, 655, 654, 656, 434, 656, 436, 434, 658, 657, 497, 657, 565, 497, 497, 659, 658, 658, 659, 443, 443, 659, 660, 659, 496, 660, 660, 496, 661, 496, 476, 661, 661, 476, 662, 476, 474, 662, 474, 470, 662, 470, 663, 662, 662, 663, 661, 661, 663, 660, 660, 663, 443, 443, 663, 442, 442, 663, 441, 441, 663, 452, 663, 470, 452, 497, 496, 659, 565, 655, 566, 566, 655, 664, 655, 665, 664, 664, 665, 666, 666, 665, 667, 665, 652, 667, 667, 652, 668, 652, 647, 668, 668, 647, 669, 669, 647, 670, 647, 646, 670, 566, 664, 500, 500, 664, 501, 664, 666, 501, 652, 665, 655, 667, 668, 671, 671, 668, 669, 669, 670, 672, 672, 670, 673, 670, 646, 673, 673, 646, 674, 646, 644, 674, 674, 644, 675, 675, 644, 676, 676, 644, 677, 644, 645, 677, 677, 645, 678, 645, 635, 678, 678, 635, 679, 635, 629, 679, 629, 627, 679, 627, 633, 679, 679, 633, 680, 633, 624, 680, 624, 625, 680, 680, 625, 681, 625, 621, 681, 621, 620, 681, 620, 619, 681, 681, 619, 682, 619, 683, 682, 682, 683, 684, 683, 539, 684, 539, 538, 684, 538, 536, 684, 684, 536, 685, 536, 535, 685, 685, 535, 686, 535, 533, 686, 619, 618, 683, 618, 539, 683, 673, 674, 687, 674, 675, 687, 686, 688, 685, 685, 688, 684, 688, 689, 684, 684, 689, 682, 682, 689, 681, 689, 690, 681, 681, 690, 680, 690, 691, 680, 691, 692, 680, 680, 692, 679, 692, 693, 679, 679, 693, 678, 678, 693, 677, 677, 693, 694, 693, 692, 694, 692, 691, 694, 694, 691, 688, 691, 690, 688, 688, 690, 689, 694, 688, 695, 688, 686, 695, 695, 686, 696, 686, 533, 696, 696, 697, 695, 695, 697, 694, 697, 698, 694, 694, 698, 677, 698, 699, 677, 677, 699, 676, 699, 698, 700, 698, 697, 700, 700, 697, 701, 697, 696, 701, 696, 533, 701, 533, 532, 701, 532, 531, 701, 701, 531, 702, 531, 529, 702, 702, 703, 701, 701, 703, 700, 700, 703, 699, 703, 704, 699, 699, 704, 676, 676, 704, 675, 704, 705, 675, 675, 705, 687, 705, 706, 687, 687, 706, 673, 673, 706, 672, 706, 707, 672, 672, 707, 669, 669, 707, 671, 707, 708, 671, 671, 708, 667, 667, 708, 666, 666, 708, 501, 501, 708, 502, 502, 708, 503, 708, 709, 503, 503, 709, 514, 709, 710, 514, 514, 710, 517, 710, 711, 517, 517, 711, 712, 711, 706, 712, 712, 706, 713, 706, 705, 713, 705, 704, 703, 708, 707, 709, 709, 707, 710, 710, 707, 711, 707, 706, 711, 713, 714, 712, 712, 714, 517, 517, 714, 518, 714, 715, 518, 518, 715, 519, 519, 715, 526, 715, 716, 526, 526, 716, 527, 716, 717, 527, 527, 717, 528, 528, 717, 529, 717, 718, 529, 529, 718, 702, 702, 718, 703, 718, 719, 703, 703, 719, 705, 719, 720, 705, 705, 720, 713, 713, 720, 714, 720, 717, 714, 717, 716, 714, 714, 716, 715, 718, 717, 719, 719, 717, 720, 102, 722, 721, 721, 722, 723, 102, 101, 722, 102, 721, 103, 721, 724, 103, 103, 724, 725, 725, 724, 726, 724, 721, 726, 721, 723, 726, 726, 723, 727, 727, 723, 728, 723, 722, 728, 728, 722, 729, 722, 101, 729, 101, 100, 729, 100, 97, 729, 729, 97, 730, 730, 97, 731, 97, 96, 731, 96, 95, 731, 731, 95, 732, 95, 93, 732, 732, 93, 733, 733, 93, 734, 93, 91, 734, 91, 90, 734, 734, 90, 735, 90, 89, 735, 735, 89, 736, 736, 89, 737, 89, 87, 737, 87, 86, 737, 737, 86, 738, 86, 739, 738, 738, 739, 740, 739, 741, 740, 740, 741, 742, 742, 741, 743, 741, 83, 743, 83, 81, 743, 81, 80, 743, 743, 80, 744, 80, 79, 744, 744, 79, 745, 745, 79, 746, 79, 78, 746, 78, 77, 746, 746, 77, 256, 77, 75, 256, 103, 725, 106, 86, 85, 739, 85, 83, 739, 739, 83, 741, 256, 250, 746, 746, 250, 747, 250, 251, 747, 747, 251, 748, 251, 252, 748, 748, 252, 749, 749, 252, 750, 252, 751, 750, 750, 751, 752, 752, 751, 753, 751, 247, 753, 753, 247, 754, 247, 238, 754, 754, 238, 755, 755, 238, 756, 238, 233, 756, 247, 751, 252, 747, 757, 746, 746, 757, 745, 748, 757, 747, 753, 754, 758, 754, 755, 758, 755, 756, 759, 759, 756, 760, 756, 233, 760, 760, 233, 761, 233, 222, 761, 761, 222, 762, 222, 763, 762, 762, 763, 764, 764, 763, 765, 763, 219, 765, 765, 219, 766, 219, 209, 766, 766, 209, 767, 209, 768, 767, 767, 768, 769, 219, 763, 222, 209, 214, 768, 214, 770, 768, 768, 770, 769, 760, 761, 771, 771, 761, 762, 765, 766, 772, 772, 766, 767, 770, 214, 773, 214, 204, 773, 773, 204, 774, 204, 775, 774, 774, 775, 776, 776, 775, 777, 775, 195, 777, 777, 195, 778, 195, 190, 778, 778, 190, 779, 190, 780, 779, 779, 780, 781, 195, 775, 204, 190, 186, 780, 186, 782, 780, 780, 782, 781, 770, 773, 783, 783, 773, 774, 777, 778, 784, 784, 778, 779, 782, 186, 785, 186, 181, 785, 785, 181, 132, 181, 134, 132, 785, 132, 782, 132, 131, 782, 131, 129, 782, 782, 129, 781, 129, 786, 781, 781, 786, 779, 779, 786, 784, 786, 787, 784, 784, 787, 777, 777, 787, 776, 787, 788, 776, 776, 788, 774, 774, 788, 783, 788, 789, 783, 783, 789, 770, 770, 789, 769, 789, 790, 769, 769, 790, 767, 767, 790, 772, 790, 791, 772, 772, 791, 765, 765, 791, 764, 791, 792, 764, 764, 792, 762, 762, 792, 771, 792, 793, 771, 771, 793, 760, 760, 793, 759, 793, 794, 759, 759, 794, 755, 755, 794, 758, 794, 795, 758, 758, 795, 753, 753, 795, 752, 795, 796, 752, 752, 796, 750, 796, 797, 750, 750, 797, 749, 797, 798, 749, 749, 798, 748, 129, 127, 786, 127, 126, 786, 786, 126, 799, 126, 123, 799, 787, 786, 799, 798, 797, 800, 800, 797, 796, 757, 748, 801, 801, 748, 802, 748, 798, 802, 802, 798, 803, 803, 798, 804, 798, 800, 804, 802, 803, 801, 803, 805, 801, 801, 805, 743, 743, 805, 742, 742, 805, 806, 805, 803, 806, 803, 804, 806, 806, 804, 807, 804, 808, 807, 807, 808, 809, 808, 810, 809, 757, 801, 745, 745, 801, 744, 801, 743, 744, 808, 804, 800, 807, 809, 806, 809, 811, 806, 806, 811, 740, 811, 812, 740, 740, 812, 738, 812, 813, 738, 738, 813, 737, 737, 813, 736, 813, 814, 736, 814, 815, 736, 736, 815, 735, 735, 815, 734, 815, 816, 734, 816, 817, 734, 734, 817, 733, 733, 817, 732, 817, 818, 732, 732, 818, 731, 818, 819, 731, 819, 820, 731, 731, 820, 730, 730, 820, 729, 820, 821, 729, 729, 821, 728, 728, 821, 727, 727, 821, 822, 822, 821, 823, 821, 820, 823, 823, 820, 824, 820, 819, 824, 824, 819, 825, 819, 818, 825, 818, 817, 825, 825, 817, 826, 826, 817, 827, 817, 816, 827, 827, 816, 828, 816, 815, 828, 815, 814, 828, 828, 814, 829, 829, 814, 830, 814, 813, 830, 813, 812, 830, 830, 812, 831, 812, 811, 831, 831, 811, 832, 811, 809, 832, 809, 810, 832, 810, 833, 832, 832, 833, 830, 833, 834, 830, 830, 834, 829, 829, 834, 828, 828, 834, 835, 835, 834, 836, 834, 833, 836, 833, 810, 836, 810, 808, 836, 836, 808, 837, 837, 808, 838, 808, 800, 838, 800, 796, 838, 838, 796, 839, 839, 796, 840, 796, 795, 840, 840, 795, 841, 841, 795, 842, 795, 794, 842, 842, 794, 843, 843, 794, 844, 794, 793, 844, 844, 793, 845, 845, 793, 846, 793, 792, 846, 846, 792, 847, 847, 792, 848, 792, 791, 848, 848, 791, 849, 849, 791, 850, 791, 790, 850, 850, 790, 851, 851, 790, 852, 790, 789, 852, 852, 789, 853, 853, 789, 854, 789, 788, 854, 854, 788, 855, 855, 788, 856, 788, 787, 856, 856, 787, 857, 787, 799, 857, 799, 123, 857, 857, 123, 858, 123, 122, 858, 122, 121, 858, 858, 121, 859, 121, 118, 859, 740, 742, 806, 832, 830, 831, 857, 858, 856, 856, 858, 855, 858, 860, 855, 855, 860, 854, 854, 860, 853, 860, 861, 853, 853, 861, 852, 852, 861, 851, 861, 862, 851, 851, 862, 850, 850, 862, 849, 862, 863, 849, 849, 863, 848, 848, 863, 847, 863, 864, 847, 847, 864, 846, 846, 864, 845, 864, 865, 845, 845, 865, 844, 844, 865, 843, 865, 866, 843, 843, 866, 842, 842, 866, 841, 866, 867, 841, 841, 867, 840, 840, 867, 839, 867, 868, 839, 839, 868, 838, 838, 868, 837, 837, 868, 836, 868, 869, 836, 836, 869, 835, 869, 870, 835, 835, 870, 828, 828, 870, 827, 827, 870, 826, 870, 871, 826, 826, 871, 825, 871, 872, 825, 872, 873, 825, 825, 873, 824, 824, 873, 823, 873, 874, 823, 823, 874, 822, 874, 875, 822, 822, 875, 727, 875, 876, 727, 876, 877, 727, 727, 877, 726, 726, 877, 725, 877, 878, 725, 725, 878, 106, 106, 878, 107, 107, 878, 108, 878, 879, 108, 879, 880, 108, 108, 880, 110, 880, 881, 110, 110, 881, 111, 881, 882, 111, 111, 882, 112, 112, 882, 114, 882, 883, 114, 883, 884, 114, 114, 884, 115, 884, 885, 115, 115, 885, 116, 116, 885, 118, 885, 886, 118, 118, 886, 859, 886, 860, 859, 859, 860, 858, 875, 874, 887, 887, 874, 873, 887, 888, 875, 875, 888, 876, 860, 886, 889, 886, 885, 889, 889, 885, 890, 885, 891, 890, 891, 892, 890, 890, 892, 861, 892, 862, 861, 860, 889, 861, 889, 890, 861, 885, 884, 891, 884, 883, 891, 891, 883, 893, 883, 882, 893, 893, 882, 894, 894, 882, 895, 882, 881, 895, 881, 880, 895, 895, 880, 896, 880, 879, 896, 896, 879, 897, 879, 878, 897, 897, 878, 898, 878, 877, 898, 898, 877, 899, 877, 876, 899, 876, 888, 899, 899, 888, 900, 888, 887, 900, 900, 901, 899, 899, 901, 898, 898, 901, 897, 901, 902, 897, 897, 902, 896, 896, 902, 895, 902, 903, 895, 903, 904, 895, 895, 904, 894, 904, 905, 894, 894, 905, 893, 893, 905, 891, 905, 906, 891, 891, 906, 892, 892, 906, 862, 906, 907, 862, 862, 907, 863, 907, 908, 863, 863, 908, 909, 909, 908, 910, 908, 905, 910, 905, 904, 910, 904, 903, 910, 910, 903, 911, 903, 902, 911, 911, 902, 912, 912, 902, 900, 902, 901, 900, 906, 905, 907, 905, 908, 907, 863, 909, 864, 912, 913, 911, 911, 913, 910, 913, 912, 914, 912, 900, 914, 914, 900, 915, 900, 887, 915, 915, 887, 916, 916, 887, 917, 887, 873, 917, 917, 873, 918, 873, 872, 918, 918, 872, 919, 872, 871, 919, 871, 870, 919, 919, 870, 920, 870, 869, 920, 869, 868, 920, 920, 868, 921, 868, 867, 921, 921, 867, 922, 867, 923, 922, 923, 924, 922, 922, 924, 919, 919, 924, 918, 918, 924, 917, 917, 924, 916, 924, 925, 916, 916, 925, 915, 915, 925, 914, 925, 913, 914, 920, 921, 919, 921, 922, 919, 867, 866, 923, 866, 926, 923, 923, 926, 924, 924, 926, 925, 926, 927, 925, 925, 927, 928, 927, 865, 928, 928, 865, 929, 865, 864, 929, 929, 864, 930, 864, 909, 930, 909, 910, 930, 910, 913, 930, 930, 913, 929, 929, 913, 928, 913, 925, 928, 926, 866, 927, 866, 865, 927, 181, 180, 134, 134, 180, 135, 180, 931, 135, 135, 931, 137, 137, 931, 138, 138, 931, 932, 932, 931, 933, 931, 178, 933, 933, 178, 934, 178, 172, 934, 934, 172, 935, 172, 936, 935, 935, 936, 937, 936, 171, 937, 937, 171, 938, 171, 169, 938, 938, 169, 937, 169, 939, 937, 937, 939, 935, 935, 939, 934, 939, 940, 934, 934, 940, 933, 933, 940, 941, 940, 167, 941, 941, 167, 942, 167, 165, 942, 165, 166, 942, 942, 166, 943, 166, 152, 943, 152, 151, 943, 151, 147, 943, 943, 147, 942, 147, 944, 942, 944, 945, 942, 942, 945, 941, 941, 945, 933, 933, 945, 946, 945, 944, 946, 946, 944, 148, 944, 147, 148, 178, 931, 180, 172, 171, 936, 169, 168, 939, 939, 168, 940, 168, 167, 940, 148, 140, 946, 140, 139, 946, 139, 138, 946, 138, 932, 946, 946, 932, 933, 459, 70, 458, 70, 947, 458, 458, 947, 948, 947, 949, 948, 948, 949, 950, 949, 951, 950, 951, 952, 950, 950, 952, 953, 952, 954, 953, 953, 954, 445, 954, 955, 445, 445, 955, 427, 955, 956, 427, 427, 956, 399, 399, 956, 400, 956, 957, 400, 400, 957, 392, 458, 948, 450, 948, 950, 450, 950, 953, 450, 450, 953, 445, 957, 956, 958, 956, 955, 958, 955, 954, 958, 958, 954, 959, 954, 952, 959, 952, 951, 959, 951, 960, 959, 960, 76, 959, 959, 76, 961, 76, 962, 961, 962, 963, 961, 961, 963, 957, 963, 964, 957, 957, 964, 392, 392, 964, 393, 393, 964, 965, 964, 963, 965, 963, 962, 965, 962, 966, 965, 966, 394, 965, 394, 388, 965, 388, 389, 965, 965, 389, 393, 958, 959, 957, 957, 959, 961]
                rel material:binding = </root/Looks/M_Orange003> (
                    bindMaterialAs = "weakerThanDescendants"
                )
                point3f[] points = [(-0.0015577378, -0.0124110645, 0.039367367), (0.0005755279, -0.01097043, 0.03955164), (-0.0008278886, -0.009991851, 0.039796747), (0.0005755279, -0.008360583, 0.040040936), (-0.0009967344, -0.007245839, 0.04020433), (0.001979852, -0.007082441, 0.040020965), (0.0035521148, -0.008795408, 0.039530765), (0.0019235703, -0.009855686, 0.039489917), (-0.0025408554, -0.00931193, 0.039816715), (-0.00366377, -0.011840982, 0.039489917), (-0.005657239, -0.010834265, 0.039143145), (-0.00419754, -0.008278885, 0.039489917), (-0.0024845737, -0.0061038616, 0.040102664), (-0.0008841706, -0.004608761, 0.04018436), (-0.0037481932, -0.004907418, 0.039857563), (0.00046387187, -0.0058315303, 0.04018436), (0.0016149275, -0.0046904604, 0.039653316), (0.0031309077, -0.0058315303, 0.039674193), (0.0049564387, -0.0077078957, 0.039796747), (0.0046750293, -0.011459719, 0.039367367), (0.0026534197, -0.01222134, 0.039326515), (0.00054738694, -0.012519997, 0.039326515), (0.0005755279, -0.015184309, 0.03887808), (0.003074626, -0.014940119, 0.039000627), (0.005405786, -0.014205732, 0.03897975), (0.0075399596, -0.013281619, 0.03887808), (0.0061637764, -0.016734784, 0.037755165), (0.0035239735, -0.017468264, 0.037796013), (0.0063598556, -0.010590074, 0.039694168), (0.0060793534, -0.0068110162, 0.039715048), (0.007848601, -0.009584262, 0.03961247), (0.0070624696, -0.005967696, 0.039143145), (0.009084079, -0.00849675, 0.039143145), (0.009477146, -0.01222134, 0.03895978), (0.0041421666, -0.004744019, 0.03955164), (0.0025136226, -0.003738207, 0.03922485), (0.0033560356, -0.0028140945, 0.03863298), (0.0050690025, -0.00384714, 0.039102297), (0.0041984483, -0.0018082826, 0.03857216), (0.0057425695, -0.0030855185, 0.038938895), (0.0013062848, -0.0028957943, 0.039653316), (0.0024573407, -0.0020797064, 0.039347395), (0.0002668852, -0.0037109738, 0.039530765), (-0.00085602957, -0.0030582852, 0.039306547), (-0.00192357, -0.00376544, 0.039653316), (-0.0016421606, -0.002705162, 0.03922485), (-0.0026534193, -0.0029774937, 0.039449066), (-0.004562465, -0.00384714, 0.039674193), (0.00018246233, -0.0023520384, 0.039285667), (0.00096859346, -0.0012100606, 0.039775863), (0.0032434715, -0.0012100606, 0.039020598), (0.004394527, -0.000040849838, 0.03924573), (0.005433927, -0.0007752378, 0.03895978), (0.006528701, -0.0021886395, 0.039306547), (0.007876743, -0.0052069826, 0.03895978), (0.010150713, -0.007409239, 0.039041482), (0.002260354, -0.000502906, 0.03961247), (0.00855031, -0.004363662, 0.039123174), (0.009589709, -0.0030855185, 0.039694168), (0.007876743, -0.0009649622, 0.039429095), (0.009842071, 0.0005573722, 0.039755892), (0.006809202, 0.000530139, 0.039633345), (0.011190114, -0.0062127947, 0.039123174), (0.012144182, -0.0047984854, 0.0392657), (0.012874938, -0.003303384, 0.039530765), (0.015008206, -0.0061038616, 0.03857216), (0.01770429, -0.007082441, 0.037408393), (0.01388529, -0.007871294, 0.03840876), (0.020147106, -0.007898528, 0.035817068), (0.022168716, -0.008550309, 0.033796366), (0.02329163, -0.0052342163, 0.03373464), (0.023740979, -0.009202997, 0.031448867), (0.025089018, -0.009855686, 0.028979728), (0.025987713, -0.010453908, 0.026306339), (0.026493344, -0.010834265, 0.02355125), (0.026717566, -0.01105213, 0.02081613), (0.028346108, -0.0066748513, 0.020531088), (0.026745709, -0.011024897, 0.01797934), (0.0263245, -0.010644539, 0.0150817325), (0.025538366, -0.0101280175, 0.012285792), (0.02455525, -0.00931193, 0.009571553), (0.022898566, -0.008713707, 0.0069181332), (0.023657462, -0.0053150076, 0.0065713646), (0.020820674, -0.0080882525, 0.004612392), (0.01922027, -0.0043908954, 0.0025717195), (0.018462282, -0.007245839, 0.0026942685), (0.015710821, -0.006402519, 0.0013671053), (0.012874938, -0.00558734, 0.0005510179), (0.013576648, -0.0032216846, 0.0004693184), (0.010094431, -0.004880185, 0.00020424885), (0.0073711136, -0.0042547295, 0.00014252034), (0.004759452, -0.0038199064, 0.00036764788), (0.0050690025, -0.0017265831, 0.00063271745), (0.0024854818, -0.003575716, 0.0006935381), (0.0006318098, -0.0011828275, 0.0014079551), (0.00049201277, -0.0033306177, 0.0009595155), (-0.0013335181, -0.0030047267, 0.0011020357), (-0.003074626, -0.002596229, 0.0009794865), (-0.0031862815, -0.0006935382, 0.0013062846), (-0.0050680945, -0.000502906, 0.000897787), (-0.0048157335, -0.0022703388, 0.0007552667), (-0.006809203, -0.0021069397, 0.00036764788), (-0.009532521, -0.0022431056, 0.000081699574), (-0.01262167, -0.002732395, 0.00022421982), (-0.013154535, -0.00039397326, 0.00030591938), (-0.01613112, -0.00044843965, 0.0009186657), (-0.015541975, -0.0032216846, 0.0009386368), (-0.018349716, -0.0036837412, 0.0020406726), (-0.020848813, -0.004092238, 0.0036528765), (-0.023656555, -0.0003122738, 0.005775248), (-0.022982989, -0.0043908954, 0.0056735775), (-0.02480761, -0.0046359943, 0.007959348), (-0.026296359, -0.0047167856, 0.010653618), (-0.02685736, -0.0002587152, 0.01069356), (-0.027391132, -0.0046904604, 0.013632927), (-0.027980275, -0.0045542945, 0.016673965), (-0.028205402, -0.0044181286, 0.019653274), (-0.028739177, 0.00044843947, 0.019592453), (-0.027840478, -0.004227496, 0.022591732), (-0.02837334, 0.00047567268, 0.022571761), (-0.027531834, 0.00031227365, 0.025551073), (-0.026998065, -0.0040377714, 0.02549025), (-0.025847007, -0.003928839, 0.02840874), (-0.024273839, -0.0037926736, 0.031245528), (-0.024666904, -0.00009531615, 0.031388048), (-0.022645297, -0.00009531615, 0.034020588), (-0.02225223, -0.0034940164, 0.033837218), (-0.019921979, -0.0030855185, 0.03612299), (-0.02025876, 0.00004084969, 0.036306363), (-0.017366597, -0.0026779287, 0.03795941), (-0.014643281, 0.00039397314, 0.039367367), (-0.01461514, -0.0022703388, 0.03922485), (-0.011666695, -0.001998007, 0.039694168), (-0.0116948355, 0.00044843947, 0.039735015), (-0.008577543, -0.0019172155, 0.039980114), (-0.0069208588, 0.00017701555, 0.040102664), (-0.008465888, 0.0025145297, 0.040266063), (-0.0059105074, 0.0016448835, 0.040347762), (-0.00523694, 0.0028957939, 0.04053113), (-0.004618747, 0.0039560716, 0.040020965), (-0.0038044748, 0.0048257182, 0.039306547), (-0.0023166356, 0.005723505, 0.039102297), (-0.0041412585, 0.008033785, 0.03887808), (-0.0015858787, 0.0071096737, 0.039164025), (-0.0020633668, 0.00882264, 0.03897975), (-0.0000980394, 0.006185561, 0.039041482), (-0.00085602957, 0.0044181286, 0.038918927), (0.00040758995, 0.004037771, 0.038714677), (-0.001867288, 0.0036020407, 0.039000627), (0.0009413602, 0.0059404625, 0.039306547), (0.002288495, 0.008659241, 0.04022521), (0.0019517111, 0.0056418055, 0.039735015), (0.0033278947, 0.005287774, 0.039694168), (0.0060793534, 0.0067020836, 0.04018436), (0.004928298, 0.004227496, 0.039857563), (0.0056018652, 0.003194451, 0.039449066), (0.0057988516, 0.0024600632, 0.0392657), (0.005826993, 0.0015359508, 0.039429095), (0.008494028, 0.0033850833, 0.039449066), (0.009084079, 0.0022158725, 0.039816715), (0.0029629697, 0.00036674, 0.039775863), (0.003888898, 0.0018355158, 0.03889805), (0.0035239735, 0.0012100606, 0.039306547), (0.004085885, 0.002596229, 0.03922485), (0.003860757, 0.0034123166, 0.039469942), (0.0024291999, 0.002732395, 0.039041482), (0.0028504063, 0.0035748077, 0.039184), (0.0020642753, 0.0020797064, 0.0392657), (0.0015867866, 0.0013725518, 0.03955164), (0.0015867866, 0.0008560294, 0.040632803), (0.0018110063, 0.00061183854, 0.0409596), (0.0010811572, -0.00012254936, 0.041368097), (-0.0007997477, -0.00093772897, 0.039449066), (-0.0014179407, -0.001998007, 0.038918927), (-0.0028494983, -0.0023520384, 0.039164025), (-0.0048711076, -0.003276151, 0.039408218), (-0.002962062, -0.0017265831, 0.0392657), (-0.0051243766, -0.0027596282, 0.039469942), (-0.002933921, -0.0002859484, 0.039367367), (-0.0054048784, -0.0022158725, 0.039755892), (-0.0058542257, -0.0011283611, 0.040122632), (-0.008156337, -0.0034123166, 0.039469942), (-0.007819554, -0.0043091956, 0.039143145), (-0.007398347, -0.0050435835, 0.039143145), (-0.006837344, -0.0057507385, 0.039326515), (-0.009841163, -0.006946275, 0.039000627), (-0.010543779, -0.005641806, 0.03897975), (-0.005741662, -0.0069735083, 0.039429095), (-0.0074546295, -0.009638728, 0.03897975), (-0.0088870935, -0.008278885, 0.039102297), (-0.012256747, -0.00882264, 0.03851043), (-0.010936844, -0.010617306, 0.038428735), (-0.009083173, -0.012139641, 0.03840876), (-0.0069208588, -0.013417784, 0.038428735), (-0.010711717, -0.0144508295, 0.037306722), (-0.012789609, -0.012601697, 0.037061628), (-0.004590606, -0.014505294, 0.0387755), (-0.002007085, -0.015076284, 0.038938895), (-0.0023720094, -0.017658897, 0.037877712), (0.0006318098, -0.017795064, 0.03789859), (-0.0025971374, -0.019970085, 0.036306363), (0.0007443736, -0.020132577, 0.036347207), (-0.0054048784, -0.017087908, 0.037714314), (-0.008184479, -0.01594593, 0.037490092), (-0.0120879, -0.016353521, 0.035428543), (-0.009167596, -0.018066486, 0.035653666), (-0.0060230712, -0.019344632, 0.036082137), (-0.0064442772, -0.021383489, 0.034123164), (-0.0027097012, -0.021954475, 0.034285657), (-0.0067247795, -0.023123687, 0.031898215), (-0.002765983, -0.023667442, 0.031979915), (0.00085693743, -0.02225404, 0.03432651), (0.003888898, -0.019861152, 0.03626551), (0.006837343, -0.019181231, 0.036204692), (-0.009953727, -0.019970085, 0.03367382), (0.0041421666, -0.021954475, 0.034143135), (0.0042538224, -0.02380361, 0.031571414), (0.00085693743, -0.0240478, 0.031816516), (0.0006599507, -0.02554381, 0.028979728), (-0.002990203, -0.02510808, 0.029326497), (0.007286691, -0.021247322, 0.034000617), (0.0042538224, -0.025325943, 0.028673807), (0.0005755279, -0.026739346, 0.026000421), (0.004450809, -0.02654962, 0.02581614), (0.00782046, -0.024673255, 0.028775478), (0.007567192, -0.02323262, 0.031571414), (0.0103477, -0.020323208, 0.03395977), (0.010825188, -0.022090642, 0.031448867), (0.011301769, -0.023531277, 0.028796358), (0.011779258, -0.024456296, 0.025897842), (0.01461514, -0.021872777, 0.028775478), (0.013941572, -0.02051384, 0.03140802), (0.008213527, -0.025733532, 0.025897842), (0.00470317, -0.027120607, 0.022795979), (0.00857845, -0.026250053, 0.022877682), (0.012228604, -0.025026377, 0.022877682), (0.01565454, -0.02323262, 0.022959381), (0.012425591, -0.02510808, 0.019775823), (0.008802671, -0.026440687, 0.019836644), (0.015205191, -0.022743331, 0.025938692), (0.01747916, -0.019453563, 0.028878056), (0.018153638, -0.020268744, 0.026122969), (0.018659268, -0.020758031, 0.0231836), (0.01896791, -0.020921431, 0.020122593), (0.021382583, -0.01784953, 0.02355125), (0.020933239, -0.017441032, 0.026428886), (0.01587876, -0.02331432, 0.019857522), (0.012481874, -0.02510808, 0.016653085), (0.0159069, -0.023341553, 0.016775636), (0.019052332, -0.020785265, 0.017102433), (0.021888215, -0.01784953, 0.0176126), (0.018939769, -0.020241512, 0.014244766), (0.015710821, -0.022770563, 0.013796326), (0.021719368, -0.018012023, 0.02059191), (0.024077762, -0.014695019, 0.023816317), (0.024302889, -0.014803953, 0.020918708), (0.024415452, -0.014667788, 0.01797934), (0.023657462, -0.014205732, 0.026592286), (0.022870425, -0.013472251, 0.029163096), (0.021831932, -0.012656163, 0.031592295), (0.020231528, -0.016680319, 0.029102279), (0.020371325, -0.011704818, 0.03377549), (0.018602986, -0.010671773, 0.03579619), (0.01641253, -0.009366396, 0.037408393), (0.0148402685, -0.011405253, 0.037571795), (0.0125372475, -0.009420863, 0.03853131), (0.01110569, -0.010861497, 0.0386938), (0.0108805625, -0.014586996, 0.037735194), (0.008634733, -0.015809765, 0.037816893), (0.009589709, -0.018148186, 0.036082137), (0.01211604, -0.016815577, 0.036000438), (0.013127301, -0.018828109, 0.033837218), (0.014362779, -0.015076284, 0.035857916), (0.015626399, -0.016815577, 0.03375552), (0.01666489, -0.018311584, 0.0314289), (0.019332835, -0.0157553, 0.03161227), (0.018097356, -0.014505294, 0.033796366), (0.016581375, -0.01303652, 0.03575534), (0.012874938, -0.01303652, 0.037470125), (0.010684484, 0.010263274, 0.0010820648), (0.01309916, 0.010453907, 0.001592233), (0.012903078, 0.012574463, 0.0023465918), (0.015485693, 0.011840076, 0.0030410378), (0.013969714, 0.013634742, 0.003142708), (0.012172323, 0.015320474, 0.0032652577), (0.010993127, 0.012737862, 0.0017756029), (0.008719156, 0.011106595, 0.0009386368), (0.011301769, 0.008306119, 0.0007552667), (0.014082276, 0.008795406, 0.0015105334), (0.016721172, 0.009801218, 0.0028976097), (0.01514891, 0.0068373415, 0.0012654348), (0.012172323, 0.006375286, 0.00049019716), (0.009280159, 0.006320819, 0.00032679812), (0.008775438, 0.0085775405, 0.00049019716), (0.0065849824, 0.012057941, 0.0009595155), (0.009140362, 0.013934306, 0.0018573024), (0.009926493, 0.016653085, 0.0033469568), (0.013464085, 0.017468264, 0.005060831), (0.015710821, 0.015511108, 0.00493919), (0.017451929, 0.013281619, 0.004877461), (0.012986595, 0.0042002625, 0.00049019716), (0.019080473, 0.014478061, 0.007244932), (0.017142378, 0.01700621, 0.0071841115), (0.0145316245, 0.019235699, 0.0072040814), (0.0113861915, 0.02092143, 0.0074083307), (0.010740765, 0.018990597, 0.0052042594), (0.0073711136, 0.017795062, 0.003286136), (0.0069217663, 0.0150490515, 0.001795574), (0.004366386, 0.015891463, 0.0017547242), (0.004450809, 0.018637476, 0.0032652577), (0.0077641797, 0.020323208, 0.0051016808), (0.008100962, 0.022362065, 0.007346602), (0.008382372, 0.024047798, 0.009898351), (0.011863681, 0.022362065, 0.009918322), (0.015261475, 0.0205674, 0.009714073), (0.018153638, 0.018284352, 0.009754922), (0.020371325, 0.015592807, 0.009877472), (0.020848814, 0.011894541, 0.007102411), (0.01896791, 0.010915963, 0.0047140624), (0.017873136, 0.007544496, 0.0026942685), (0.018799065, 0.0049074176, 0.0025308696), (0.01599132, 0.0044725947, 0.0012245851), (0.01649695, 0.0018355158, 0.0012854058), (0.013604789, 0.0018082826, 0.00038761887), (0.010010916, 0.004118563, 0.00022421982), (0.006725687, 0.0066203843, 0.00032679812), (0.00650056, 0.009257463, 0.00042846866), (0.0042265896, 0.00999185, 0.00042846866), (0.0042538224, 0.012927586, 0.0007961165), (0.0015305046, 0.016407987, 0.0016739323), (0.004507091, 0.023367878, 0.0072857817), (0.02031595, 0.008360583, 0.0044698715), (0.0016993505, 0.013471344, 0.0008160875), (0.0018672884, 0.010535607, 0.00049019716), (0.002092416, 0.007735129, 0.00061183865), (-0.00012618034, 0.007952086, 0.00061183865), (-0.0005192459, 0.0107253315, 0.00038761887), (-0.0009967344, 0.013634742, 0.0007144169), (-0.0028776391, 0.010508373, 0.00036764788), (0.004366386, 0.0072186054, 0.0005101682), (0.0046196547, 0.004716785, 0.00063271745), (0.0071741273, 0.0042819623, 0.00036764788), (0.0049564387, 0.0024600632, 0.0007144169), (0.0076516154, 0.00210694, 0.00036764788), (0.01060006, 0.0018890745, 0.00024509858), (0.010797048, -0.0003667401, 0.0002650696), (0.013800868, -0.00072077144, 0.0004693184), (0.016721172, -0.0010194285, 0.001244556), (0.019248411, 0.0019163075, 0.0025717195), (0.021719368, 0.001998007, 0.0043064724), (0.019389117, -0.0012372937, 0.002653419), (0.0023166358, 0.0051797493, 0.0008160875), (0.007876743, -0.000013616628, 0.00032679812), (0.021213738, 0.005369474, 0.004347322), (0.022365702, 0.009094064, 0.0068164626), (0.022253139, 0.012683395, 0.009795773), (0.023319772, 0.01344411, 0.012510011), (0.021213738, 0.01659862, 0.012653439), (0.018714642, 0.019371863, 0.012571741), (0.015710821, 0.021655818, 0.012530891), (0.012284887, 0.023585742, 0.012632562), (0.008606591, 0.025244243, 0.012775988), (0.0046196547, 0.02630452, 0.0126734115), (0.004563373, 0.024971912, 0.009918322), (0.0002668852, 0.026576854, 0.012510011), (0.00049201277, 0.025325943, 0.009775802), (0.024050528, 0.009529795, 0.009449004), (0.004450809, 0.027093373, 0.015591901), (0.008691015, 0.026113886, 0.015734421), (0.012510015, 0.024347365, 0.015653629), (0.016019464, 0.022443766, 0.01555105), (0.019108614, 0.020105343, 0.015591901), (0.021663085, 0.017277634, 0.015612778), (0.023909824, 0.013987865, 0.01536768), (0.026043994, 0.010344974, 0.014877482), (0.024274748, 0.014260196, 0.018286169), (0.021916356, 0.017577196, 0.018673789), (0.019360976, 0.0205674, 0.018714638), (0.025201585, 0.009937385, 0.012143271), (0.025060879, 0.005885996, 0.008938835), (0.02329163, 0.00574983, 0.0064896652), (0.023740979, 0.0020524734, 0.006469694), (0.023853542, -0.0016176504, 0.0065713646), (0.025566507, 0.0020524734, 0.008837164), (0.021747509, -0.0014270183, 0.0044489927), (0.021551428, -0.004907418, 0.0044898423), (0.025425805, -0.005669039, 0.009122206), (0.025707213, -0.001862749, 0.008959713), (0.027110629, -0.0021069397, 0.011633104), (0.026998065, 0.001998007, 0.011469705), (0.026465205, 0.0059949285, 0.011612224), (0.027475554, 0.006158328, 0.014347346), (0.027953042, 0.0062672603, 0.017143283), (0.027981184, 0.0019435406, 0.014265643), (0.026801987, -0.0061038616, 0.011857324), (0.026493344, 0.01056284, 0.017673424), (0.024387311, 0.014178497, 0.021286357), (0.026493344, 0.010508373, 0.020551061), (0.024162184, 0.013661975, 0.024244787), (0.026183795, 0.010127109, 0.023531277), (0.028065605, 0.006375286, 0.020000042), (0.022056151, 0.017522732, 0.021755675), (0.019360976, 0.0205674, 0.021877315), (0.019108614, 0.020159809, 0.024898384), (0.015795244, 0.022688866, 0.024816683), (0.018659268, 0.019588819, 0.027795993), (0.021860072, 0.017087908, 0.024775833), (0.021354442, 0.016435219, 0.027673446), (0.016132027, 0.02306922, 0.021775646), (0.016188309, 0.022905823, 0.018652909), (0.012565387, 0.024918351, 0.018693758), (0.00857845, 0.026712108, 0.018714638), (0.0041140257, 0.027637132, 0.018510388), (0.0036928193, 0.027691599, 0.021428877), (0.008269808, 0.026848275, 0.021673976), (0.01239745, 0.024971912, 0.021734795), (0.007988399, 0.026495151, 0.024510765), (0.012088807, 0.024673255, 0.024633313), (0.0034123173, 0.02731033, 0.024306517), (0.0032434715, 0.02654962, 0.027122427), (0.0076234736, 0.025787998, 0.027265854), (0.01163946, 0.024156732, 0.0274701), (0.015317757, 0.022117876, 0.02773517), (0.014475343, 0.021220086, 0.03040856), (0.01790037, 0.018882575, 0.030551083), (0.020483889, 0.015646366, 0.030367712), (0.023684695, 0.013036518, 0.027184151), (0.025482085, 0.009529795, 0.026510585), (0.010908703, 0.023205386, 0.030204313), (0.02278691, 0.012356598, 0.030000063), (0.021382583, 0.011541418, 0.032490086), (0.019276552, 0.014749487, 0.032816883), (0.016777454, 0.017875856, 0.033061977), (0.013492226, 0.020132577, 0.03293943), (0.010010916, 0.021927243, 0.032796007), (0.024527108, 0.008958806, 0.029469924), (0.012425591, 0.018719174, 0.035306897), (0.015485693, 0.016571386, 0.035306897), (0.017816855, 0.013689207, 0.0349801), (0.01997826, 0.010779797, 0.034918375), (0.021495147, 0.0076534287, 0.034592483), (0.018069215, 0.009692285, 0.036857378), (0.01621645, 0.012383832, 0.036919106), (0.0140259955, 0.014912885, 0.037143324), (0.023236256, 0.0083333505, 0.032204133), (0.025790729, 0.0055873394, 0.028979728), (0.024443595, 0.005043583, 0.031837396), (0.022674346, 0.0044998275, 0.034347385), (0.020568311, 0.003983305, 0.036469758), (0.023319772, 0.0013189933, 0.03406144), (0.025145303, 0.00169935, 0.03148972), (0.01947354, 0.0068918085, 0.03659231), (0.015850618, 0.008523076, 0.03832706), (0.017114237, 0.0060766283, 0.038163662), (0.018069215, 0.0034667829, 0.038081963), (0.018546702, 0.00080156303, 0.037918564), (0.0210458, 0.0010194284, 0.036163837), (0.021326302, -0.0019707738, 0.036041286), (0.023544898, -0.0019172155, 0.033816338), (0.02101766, -0.0049346513, 0.03587789), (0.018799065, -0.0019172155, 0.037796013), (0.018574845, -0.004581528, 0.037653495), (0.015822478, -0.0041194716, 0.03881635), (0.016019464, -0.0018899821, 0.038918927), (0.014278357, -0.0016721168, 0.039306547), (0.010964986, -0.0015359509, 0.039735015), (0.0130428765, -0.00017701573, 0.039429095), (0.015795244, 0.0005573722, 0.03889805), (0.015289616, 0.0029230271, 0.039082326), (0.014447204, 0.0051252833, 0.039061446), (0.013379661, 0.007136906, 0.039143145), (0.011667601, 0.0039560716, 0.039775863), (0.012453732, 0.0020524734, 0.039715048), (0.010853329, 0.005532873, 0.039530765), (0.009982775, 0.0068373415, 0.039469942), (0.007988399, 0.004254729, 0.03922485), (0.0088870935, 0.008061019, 0.039898414), (0.0073992545, 0.005233308, 0.039796747), (0.007286691, 0.009610587, 0.039939266), (0.004085885, 0.0080882525, 0.040081784), (0.004928298, 0.010888729, 0.040061813), (0.0025417635, 0.011568652, 0.040020965), (0.0003513081, 0.011976242, 0.039347395), (0.0008006556, 0.009039598, 0.039469942), (-0.00049110496, 0.009121297, 0.038938895), (-0.0015023637, 0.012030708, 0.03889805), (-0.0033832686, 0.0118128415, 0.03881635), (-0.005545583, 0.0112155285, 0.0386938), (-0.0064442772, 0.0073547717, 0.03875553), (-0.0075109103, 0.010317742, 0.03873465), (-0.0067529213, 0.0143418955, 0.038428735), (-0.0042538224, 0.014994585, 0.03867383), (-0.0017828654, 0.015129841, 0.03875553), (0.00071623264, 0.014803953, 0.039102297), (0.0032716123, 0.014287429, 0.039489917), (0.0059105074, 0.01339055, 0.039408218), (0.00852217, 0.01213964, 0.039347395), (0.0070906114, 0.015891463, 0.03863298), (0.0041984483, 0.016924508, 0.0386938), (0.0012500029, 0.017604431, 0.038347032), (-0.0017828654, 0.017984785, 0.037877712), (-0.0049273893, 0.017903088, 0.037632614), (-0.0078758355, 0.01700621, 0.037306722), (-0.010739857, 0.015592807, 0.037347574), (-0.009111314, 0.013336084, 0.038551282), (-0.009616944, 0.010154342, 0.038938895), (-0.009729507, 0.007925761, 0.03889805), (-0.010234228, 0.006158328, 0.039489917), (-0.007398347, 0.005152516, 0.039980114), (-0.00801654, 0.0039016055, 0.04040858), (-0.010824281, 0.004662319, 0.040000085), (-0.013464084, 0.007544496, 0.039326515), (-0.012565388, 0.009637821, 0.03883723), (-0.011104783, 0.011704817, 0.038714677), (-0.01332338, 0.013661975, 0.037612643), (-0.01514891, 0.0112155285, 0.037796013), (-0.016411621, 0.008632008, 0.038163662), (-0.017394738, 0.012574463, 0.036041286), (-0.018967, 0.009583353, 0.03632724), (-0.017114237, 0.005885996, 0.03828621), (-0.014081368, 0.005369474, 0.039571617), (-0.011358052, 0.0028413278, 0.039857563), (-0.008858953, 0.00036674, 0.039877538), (-0.0143618705, 0.0029774935, 0.039285667), (-0.017394738, 0.0030855187, 0.038122814), (-0.017535442, 0.00023148188, 0.03810284), (-0.020202478, 0.0032216846, 0.036448877), (-0.022561781, 0.0034123166, 0.034183986), (-0.024414543, 0.00368374, 0.031571414), (-0.02609937, 0.0040650046, 0.02881633), (-0.026379872, 0.00004084969, 0.028572135), (-0.027194144, 0.00460876, 0.02581614), (-0.027980275, 0.005043583, 0.022755133), (-0.028346108, 0.005152516, 0.019653274), (-0.028485902, 0.00017701555, 0.016571386), (-0.028261686, 0.004989117, 0.016530536), (-0.027756054, 0.004662319, 0.013510378), (-0.027868617, -0.00009531615, 0.013592077), (-0.02666128, 0.0044181286, 0.01069356), (-0.02531324, 0.0041730297, 0.008041048), (-0.02553746, -0.0003122738, 0.008000199), (-0.023487708, 0.0038471392, 0.005734398), (-0.021353533, 0.0034395496, 0.0036937261), (-0.02152238, -0.0003667401, 0.0036937261), (-0.018967, 0.0029774935, 0.0020207015), (-0.018967, -0.00042120653, 0.0020615512), (-0.016271822, 0.0024872965, 0.0007961165), (-0.0133515205, 0.00202524, 0.00018337008), (-0.010094432, -0.0003667401, 0.00028594836), (-0.01029051, 0.001590417, 0.00010167057), (-0.007286691, -0.00039397326, 0.00049019716), (-0.0074827704, 0.0013189933, 0.00042846866), (-0.005208799, 0.0011828275, 0.0009595155), (-0.0032707045, 0.0011555942, 0.0013879841), (-0.0013616589, 0.0010738947, 0.0016530536), (-0.001305377, -0.00093772897, 0.0016122039), (0.0006318098, 0.00091049564, 0.001571354), (0.0027378425, 0.0006663049, 0.0011837353), (0.0027097014, -0.0014270183, 0.0010203363), (0.0051525175, 0.0003395068, 0.00073438796), (0.0077641797, -0.002134173, 0.00028594836), (0.010628201, -0.0026234624, 0.00028594836), (0.01646881, -0.0038199064, 0.0013062846), (0.0025699046, 0.0028140945, 0.001041215), (0.00046387187, 0.0030582855, 0.0013262555), (0.0050127204, 0.019371863, 0.037143324), (0.0017828655, 0.020050878, 0.036816526), (0.00023874422, 0.005369474, 0.0009186657), (-0.0022040715, 0.007762362, 0.0005709889), (-0.0050962353, 0.009855686, 0.00024509858), (-0.0037200523, 0.013308852, 0.00061183865), (-0.0063598547, 0.012492764, 0.0004693184), (-0.004590606, 0.01602763, 0.0014488049), (-0.0015023637, 0.016489685, 0.001571354), (-0.0020633668, 0.019153997, 0.0029184883), (0.0013062848, 0.019126764, 0.0031227372), (0.0010248753, 0.021546887, 0.0049800393), (0.0045352317, 0.021274555, 0.0049800393), (0.0007443736, 0.023612974, 0.007265811), (-0.0037481932, 0.02521701, 0.009510731), (-0.0032425637, 0.023504045, 0.0070207124), (-0.0026815603, 0.021546887, 0.0047549116), (-0.0064161373, 0.02092143, 0.0044698715), (-0.005489301, 0.018528542, 0.0028367888), (-0.0088870935, 0.017304866, 0.0025717195), (-0.0076234746, 0.014967353, 0.0013262555), (-0.008774529, 0.011133828, 0.0003467691), (-0.007258551, 0.022716096, 0.0067547346), (-0.010487498, 0.013363318, 0.0011020357), (-0.010852422, 0.009284697, 0.0002650696), (-0.007061564, 0.008795406, 0.00020424885), (-0.005657239, 0.006348052, 0.00032679812), (-0.0040849764, 0.0072186054, 0.00049019716), (-0.0017265835, 0.005287774, 0.000897787), (-0.0014742226, 0.0031127518, 0.0013471342), (-0.0032988456, 0.0030038187, 0.0011020357), (-0.0051243766, 0.0028140945, 0.0007961165), (-0.007370206, 0.0028957939, 0.0004084976), (-0.0102060875, 0.0035475744, 0.000040849813), (-0.013126394, 0.0044998275, 0.000081699574), (-0.015878757, 0.005505639, 0.0006935381), (-0.012340261, 0.006973508, 0.00014252034), (-0.009757648, 0.005478407, 5.5220658e-11), (-0.0070897047, 0.0042819623, 0.00028594836), (-0.0050962353, 0.0044181286, 0.0005918677), (-0.003495832, 0.004989117, 0.00083696615), (-0.007286691, 0.006185561, 0.00012254935), (-0.008690108, 0.0073547717, 0.000019971048), (-0.012930313, 0.011106595, 0.0010203363), (-0.014811219, 0.008495842, 0.00065268844), (-0.018434139, 0.006456985, 0.0018364236), (-0.015008206, 0.012819562, 0.0021223722), (-0.0122004645, 0.015456641, 0.0022040715), (-0.013772727, 0.017224073, 0.003857125), (-0.017142378, 0.009828452, 0.001958973), (-0.01691725, 0.014314663, 0.0037554544), (-0.02079253, 0.0073003056, 0.0034894773), (-0.019303784, 0.011024895, 0.0036528765), (-0.022814142, 0.008033785, 0.0055719074), (-0.02127002, 0.012112407, 0.005714427), (-0.018573936, 0.015511108, 0.0058778264), (-0.0152042825, 0.01869194, 0.005897797), (-0.010094432, 0.019317398, 0.0042656227), (-0.011245488, 0.020975897, 0.006347145), (-0.012340261, 0.022280367, 0.008673766), (-0.016439762, 0.019861152, 0.008204448), (-0.008100963, 0.024265664, 0.009163055), (-0.00897061, 0.025325943, 0.011714803), (-0.0042538224, 0.026467923, 0.012184123), (-0.009701367, 0.026005866, 0.014408165), (-0.0048157335, 0.027283099, 0.014939213), (-0.0000980394, 0.027392033, 0.0153268315), (-0.0005473869, 0.027826857, 0.018204467), (-0.013379661, 0.023178153, 0.011265456), (-0.0053485963, 0.027609898, 0.01779597), (-0.010150714, 0.02635899, 0.017244954), (-0.0056853797, 0.027528198, 0.020755311), (-0.0009685934, 0.02777239, 0.021142928), (-0.0011928133, 0.027392033, 0.024082294), (-0.0012490952, 0.026684878, 0.026959028), (-0.0058823666, 0.026495151, 0.026755687), (-0.0058542257, 0.027201401, 0.023796346), (-0.0103749335, 0.026086655, 0.023367878), (-0.01029051, 0.026331754, 0.020265114), (-0.014783076, 0.024075031, 0.023142751), (-0.014811219, 0.024428155, 0.02014347), (-0.010403074, 0.02529871, 0.026306339), (-0.0059105074, 0.025489341, 0.029510776), (-0.0012772362, 0.0256246, 0.02967417), (0.003018344, 0.025380407, 0.029795814), (0.0071459864, 0.024618788, 0.029939244), (0.0027378425, 0.023938868, 0.03238841), (-0.0013616589, 0.024211198, 0.032143317), (0.00650056, 0.023259852, 0.032612633), (0.0057707108, 0.021437952, 0.035020955), (0.002260354, 0.022199575, 0.03481671), (0.009084079, 0.020295976, 0.03518435), (0.008129103, 0.018284352, 0.037184175), (0.011190114, 0.01684281, 0.037143324), (0.009898352, 0.01461332, 0.03863298), (0.012425591, 0.0130092865, 0.03873465), (0.010628201, 0.010671772, 0.039510798), (0.012172323, 0.008986039, 0.039306547), (0.014334639, 0.010861497, 0.038428735), (-0.0016984425, 0.020350441, 0.036286388), (-0.0015023637, 0.022471, 0.034367353), (-0.005376737, 0.020323208, 0.03602041), (-0.0056853797, 0.022416532, 0.034143135), (-0.0058542257, 0.024102267, 0.031939067), (-0.0102060875, 0.022796888, 0.031571414), (-0.010459357, 0.024265664, 0.029082306), (-0.009729507, 0.021247322, 0.03387807), (-0.014250215, 0.02092143, 0.031448867), (-0.014643281, 0.022172341, 0.028796358), (-0.014811219, 0.023422342, 0.026061239), (-0.018855346, 0.020621866, 0.02585699), (-0.018995142, 0.021329021, 0.022959381), (-0.01893886, 0.021655818, 0.019959195), (-0.01467142, 0.024265664, 0.017081555), (-0.014222072, 0.02380361, 0.014081367), (-0.01747916, 0.020703565, 0.010836988), (-0.01997826, 0.016516918, 0.008286146), (-0.022926705, 0.012846796, 0.008183569), (-0.02455525, 0.008632008, 0.00797932), (-0.025930526, 0.009013272, 0.010673588), (-0.026913641, 0.009339162, 0.013551229), (-0.02744741, 0.009557027, 0.016653085), (-0.018461373, 0.019588819, 0.028693782), (-0.025144394, 0.013798141, 0.013714627), (-0.024245698, 0.01344411, 0.010836988), (-0.021073034, 0.017332098, 0.010959536), (-0.021802884, 0.017903088, 0.013796326), (-0.01812459, 0.021220086, 0.013816298), (-0.01865836, 0.021601351, 0.016898183), (-0.022364793, 0.018229885, 0.016653085), (-0.025734443, 0.014015099, 0.016714813), (-0.027419273, 0.009665052, 0.019918345), (-0.025678162, 0.01412403, 0.019795794), (-0.022617156, 0.018202653, 0.019592453), (-0.022589015, 0.017903088, 0.022673432), (-0.025425803, 0.014042331, 0.02289856), (-0.027054347, 0.009475328, 0.02304108), (-0.026520576, 0.008931573, 0.026061239), (-0.024948314, 0.01339055, 0.025979541), (-0.022308512, 0.017277634, 0.02575532), (-0.021719366, 0.01635352, 0.028673807), (-0.017731521, 0.018229885, 0.03130635), (-0.013464084, 0.019371863, 0.033796366), (-0.008915235, 0.019290164, 0.03579619), (-0.012256747, 0.017604431, 0.03583704), (-0.015120769, 0.01526601, 0.03579619), (-0.016664889, 0.016870042, 0.033796366), (-0.019220268, 0.013825374, 0.033857193), (-0.020679967, 0.015129841, 0.031388048), (-0.021129316, 0.010590073, 0.034102287), (-0.019753132, 0.0064297523, 0.03638806), (-0.022112433, 0.007000741, 0.034203958), (-0.023965197, 0.007571729, 0.031653117), (-0.025481177, 0.008224417, 0.028959755), (-0.024134044, 0.012519997, 0.028898029), (-0.022786, 0.011568652, 0.031571414), (-0.008661966, -0.0039560725, 0.00014252034), (-0.0061910087, -0.0037926736, 0.00044934743), (-0.008830812, -0.005696272, 0.000040849813), (-0.011666695, -0.004852952, 0.00020424885), (-0.014530717, -0.005885997, 0.00083696615), (-0.010459357, -0.006729317, 0.00014252034), (-0.00897061, -0.008278885, 0.00024509858), (-0.006668498, -0.0060493955, 0.00010167057), (-0.004534324, -0.00417303, 0.00049019716), (-0.0031590485, -0.004880185, 0.0005709889), (-0.0015858787, -0.0054239403, 0.00061183865), (0.00015432137, -0.0058042975, 0.0005101682), (0.002120557, -0.0060221627, 0.0003467691), (0.0043382454, -0.0061038616, 0.00022421982), (0.0067529203, -0.0064842184, 0.000040849813), (0.009252018, -0.007136906, 0.00012254935), (0.011863681, -0.007816828, 0.0005709889), (0.014586999, -0.0086864745, 0.0014288339), (0.017170519, -0.00971952, 0.0028976097), (0.015738962, -0.011949008, 0.0029593382), (0.01947354, -0.010779797, 0.0047549116), (0.01770429, -0.013254385, 0.0047549116), (0.021382583, -0.01173205, 0.0069998335), (0.022646204, -0.012656163, 0.009429032), (0.02357304, -0.013498575, 0.012163243), (0.024134044, -0.014151265, 0.015040883), (0.021719368, -0.017305775, 0.014694113), (0.018659268, -0.019480797, 0.011510555), (0.015513835, -0.021954475, 0.011061206), (0.012060666, -0.023667442, 0.010734408), (0.012341168, -0.024591554, 0.013592077), (0.00857845, -0.024863888, 0.010836988), (0.008775438, -0.0258697, 0.013714627), (0.008858953, -0.02635899, 0.016755663), (0.0049845795, -0.0272831, 0.016877307), (0.0048720157, -0.027419267, 0.019816672), (0.02124188, -0.016544152, 0.011877294), (0.0050127204, -0.02676658, 0.013918876), (0.0007443736, -0.027826857, 0.017020736), (0.0006318098, -0.02777239, 0.020040892), (0.00060366886, -0.027446501, 0.0230202), (-0.0034676916, -0.026848279, 0.023387847), (-0.0032988456, -0.026168358, 0.02636716), (-0.007370206, -0.026222821, 0.023531277), (-0.0071741273, -0.025434874, 0.026489709), (-0.0069208588, -0.02440183, 0.029306525), (-0.0108805625, -0.02298752, 0.028979728), (-0.010515638, -0.021655818, 0.031469744), (-0.014530717, -0.020812498, 0.028387858), (-0.014053227, -0.01958882, 0.030979548), (-0.0034395503, -0.027310334, 0.02032684), (-0.011076642, -0.023885306, 0.026122969), (-0.013238957, -0.018093718, 0.03332705), (-0.01613112, -0.015891463, 0.033021133), (-0.014643281, -0.014314663, 0.035266053), (-0.018321574, -0.013308852, 0.033000253), (-0.016580468, -0.011976242, 0.035326872), (-0.014530717, -0.010481141, 0.037244998), (-0.015794335, -0.0080882525, 0.037388425), (-0.013238957, -0.0068654832, 0.03861301), (-0.016749311, -0.0055056396, 0.037714314), (-0.014109509, -0.004771252, 0.039000627), (-0.017282173, -0.01727854, 0.030449409), (-0.018041072, -0.009175763, 0.035531122), (-0.011189206, -0.004065005, 0.039326515), (-0.019192128, -0.0062127947, 0.035918742), (-0.020034542, -0.010155251, 0.03334702), (-0.019809414, -0.014532528, 0.030551083), (-0.018068306, -0.018528542, 0.02773517), (-0.014754935, -0.02181831, 0.02563277), (-0.011161065, -0.024673255, 0.023408728), (-0.007342065, -0.026522385, 0.020428512), (-0.0033269865, -0.027337568, 0.017184133), (0.0009967344, -0.027337568, 0.014040517), (0.0049564387, -0.025679065, 0.011082085), (0.008382372, -0.023449576, 0.008204448), (0.011807399, -0.022362065, 0.008204448), (0.01514891, -0.020758031, 0.008530337), (-0.02129816, -0.00683825, 0.033652943), (0.011414332, -0.020730799, 0.0059794975), (0.020427609, -0.01562004, 0.009224783), (0.018012932, -0.018366052, 0.008959713), (0.01700258, -0.01700621, 0.006673943), (0.014475343, -0.019235699, 0.006285416), (0.019248411, -0.014478061, 0.0068573137), (0.01568268, -0.015483875, 0.0047349413), (0.0135203665, -0.017468264, 0.0043264437), (0.0108805625, -0.018746408, 0.0040404955), (0.012341168, -0.015511108, 0.0027351184), (0.010178854, -0.016516918, 0.002469141), (0.014278357, -0.013907073, 0.0029384592), (0.013324287, -0.010726239, 0.0015105334), (0.010740765, -0.009964618, 0.0005510179), (0.008241667, -0.009448095, 0.00024509858), (0.0059105074, -0.008986039, 0.000040849813), (0.003749101, -0.008795408, 5.5220658e-11), (0.0016149275, -0.008795408, 0.00014252034), (-0.00043482307, -0.008659242, 0.00018337008), (-0.0023166356, -0.008278885, 0.00020424885), (-0.0039733206, -0.007680663, 0.00020424885), (-0.005376737, -0.006919041, 0.000081699574), (-0.0073139244, -0.009557028, 0.00028594836), (-0.005433019, -0.010535607, 0.00032679812), (-0.0034395503, -0.011269996, 0.00030591938), (-0.0012772362, -0.011759284, 0.00020424885), (0.0009413602, -0.011949008, 0.00018337008), (0.0031590485, -0.0119217755, 0.00022421982), (0.005321363, -0.011894542, 0.00024509858), (0.0075399596, -0.0119217755, 0.00049019716), (0.009842071, -0.012003475, 0.0008160875), (0.012200464, -0.012519997, 0.001571354), (0.011498756, -0.014205732, 0.0018772735), (0.009673225, -0.014178499, 0.0013879841), (0.007511819, -0.014586996, 0.0011020357), (0.0051806583, -0.014831186, 0.0010203363), (0.0077641797, -0.017115142, 0.0023266205), (0.00801654, -0.01950803, 0.003938825), (0.008185386, -0.021628585, 0.005897797), (0.0050127204, -0.02225404, 0.005938647), (0.0049564387, -0.024183964, 0.008367846), (0.0015023637, -0.024646021, 0.008469516), (0.0012218619, -0.02630452, 0.011142907), (-0.0025971374, -0.025896933, 0.011244577), (-0.003046485, -0.026875509, 0.014143096), (-0.0068936255, -0.026087563, 0.014122217), (-0.0072304094, -0.026604088, 0.017244954), (-0.010964986, -0.025271477, 0.017163252), (-0.011132924, -0.025271477, 0.02044939), (-0.014754935, -0.023123687, 0.019980071), (-0.014783076, -0.02257993, 0.02285771), (-0.01865836, -0.020079019, 0.022244964), (-0.018461373, -0.019399095, 0.024980081), (-0.021747507, -0.016054863, 0.024959203), (-0.02096047, -0.015347709, 0.027836842), (-0.022954848, -0.011650352, 0.02814276), (-0.021634944, -0.010943197, 0.030817056), (-0.023094643, -0.007354772, 0.03106125), (-0.024498967, -0.007816828, 0.02828619), (-0.02559374, -0.008251651, 0.02546937), (-0.023965197, -0.012357507, 0.02532685), (-0.022168716, -0.016734784, 0.022061594), (-0.018602077, -0.02051384, 0.019449024), (-0.014530717, -0.02315092, 0.016959004), (-0.01057192, -0.024754953, 0.014102245), (-0.0063598547, -0.025135312, 0.011163785), (-0.002035226, -0.024537088, 0.008469516), (0.0018110063, -0.022716098, 0.005897797), (0.0050962353, -0.020079019, 0.0038162754), (0.0051525175, -0.0175772, 0.0021632218), (0.0027659833, -0.0150490515, 0.0008160875), (0.0002668852, -0.015076284, 0.00073438796), (-0.0022603536, -0.014749487, 0.000897787), (-0.004731311, -0.014124032, 0.0009595155), (-0.007061564, -0.013172685, 0.0009595155), (-0.009280159, -0.011894542, 0.0009186657), (-0.01132991, -0.010290508, 0.0007552667), (-0.013126394, -0.008306119, 0.0006935381), (-0.017086096, -0.0068110162, 0.0020615512), (-0.01944449, -0.007598963, 0.0036329054), (-0.021437956, -0.008197186, 0.0056735775), (-0.023235347, -0.008577542, 0.008000199), (-0.02461153, -0.008740941, 0.010714439), (-0.025762586, -0.008849873, 0.013551229), (-0.026379872, -0.008904341, 0.016571386), (-0.026520576, -0.00882264, 0.019612424), (-0.026351731, -0.008632008, 0.022591732), (-0.008718248, -0.015647274, 0.0021024009), (-0.011245488, -0.014042331, 0.0020615512), (-0.024527108, -0.012792328, 0.022367513), (-0.024723185, -0.01295482, 0.019388204), (-0.024723185, -0.013090987, 0.016388018), (-0.02228037, -0.017169608, 0.019163078), (-0.024134044, -0.01303652, 0.013428679), (-0.023038361, -0.012846796, 0.010612768), (-0.021550521, -0.012438298, 0.008000199), (-0.019753132, -0.011840982, 0.005632728), (-0.017787803, -0.010915964, 0.003530327), (-0.01559735, -0.009692287, 0.0018364236), (-0.013575739, -0.012085174, 0.0019181232), (-0.013071017, -0.01586423, 0.0037554544), (-0.015681772, -0.013689207, 0.0036120268), (-0.017563583, -0.014940119, 0.0058369767), (-0.01924841, -0.01594593, 0.008245296), (-0.020539263, -0.016653085, 0.010836988), (-0.021466099, -0.017033441, 0.013571197), (-0.022140574, -0.017224073, 0.016347166), (-0.018349716, -0.020622773, 0.016612237), (-0.017900368, -0.020377675, 0.013755477), (-0.014109509, -0.022716098, 0.013979695), (-0.017142378, -0.019697754, 0.010959536), (-0.016102979, -0.018746408, 0.008286146), (-0.014699561, -0.017413799, 0.0058778264), (-0.012649811, -0.020839734, 0.0083469665), (-0.01155413, -0.019480797, 0.0058778264), (-0.010178856, -0.017740598, 0.0038162754), (-0.0071741273, -0.019181231, 0.0037963046), (-0.0060230712, -0.016815577, 0.0021024009), (-0.0031862815, -0.017522732, 0.0020406726), (-0.00037854112, -0.017957553, 0.0018772735), (0.0024291999, -0.01784953, 0.0020815223), (0.002120557, -0.020432143, 0.0037345758), (-0.00091231155, -0.020377675, 0.0038162754), (-0.0014742226, -0.022688866, 0.005938647), (-0.0040286942, -0.019942854, 0.003857125), (-0.0082689, -0.021220086, 0.005856948), (-0.004787593, -0.022036176, 0.0060611963), (-0.0056018643, -0.02372191, 0.008530337), (-0.009252019, -0.022716098, 0.008306119), (-0.010094432, -0.0240478, 0.011020357), (-0.013492225, -0.021927243, 0.011082085), (-0.0040568355, 0.00031227365, 0.039857563), (-0.002962062, 0.0017810494, 0.039694168), (-0.0016421606, 0.0012645269, 0.039449066), (-0.0007153248, 0.00017701555, 0.039469942), (-0.00043482307, 0.00042120635, 0.040469404), (0.0000708063, 0.000068082845, 0.041123), (0.00037944902, 0.00080156303, 0.041775685), (0.00088507833, 0.00088326243, 0.041755717), (0.0003513081, 0.0012645269, 0.040673655), (-0.000013616549, 0.0012372937, 0.039489917), (0.00060366886, 0.002134173, 0.03897975), (0.0011092981, 0.0028957939, 0.038796376), (0.0015586456, 0.0039288388, 0.039000627), (-0.00043482307, 0.0029230271, 0.03853131), (-0.00091231155, 0.0022703388, 0.039082326), (-0.0024564324, 0.0027868613, 0.039408218), (0.025089018, -0.005560106, 0.03130635), (0.025425805, -0.0018355158, 0.031286377), (0.026408924, -0.00591323, 0.028714659), (0.026773844, -0.0017810494, 0.028592108), (0.027363898, -0.006267261, 0.026061239), (0.027840478, -0.001862749, 0.025897842), (0.026493344, 0.0020797064, 0.02865293), (0.027644403, 0.0022975719, 0.025837021), (0.026969926, 0.0060766283, 0.02595957), (0.02761626, 0.006348052, 0.02289856), (0.028682891, 0.00210694, 0.020040892), (0.028317967, 0.0022431056, 0.02293941), (0.028514955, -0.00202524, 0.02312278), (0.028009323, -0.0065114517, 0.023347002), (0.028739177, -0.0022158725, 0.02024514), (0.028121887, -0.0067020836, 0.01765345), (0.028654752, -0.0023248054, 0.017347531), (0.028571237, 0.0019707738, 0.017122405), (0.028065605, -0.002297572, 0.014469893), (0.027588118, -0.0064842184, 0.014775812)]
                color3f[] primvars:displayColor = [(0.8, 0.8, 0.8)]
                float[] primvars:displayOpacity = [1] (
                    interpolation = "constant"
                )
                float3[] primvars:normals = [(0.011371289, -0.15885966, 0.98723567), (0.06356738, -0.14440352, 0.987475), (-0.0041197613, -0.1674821, 0.98586655), (0.08037898, -0.13903569, 0.9870199), (-0.04715039, -0.07133997, 0.9963371), (0.17586868, -0.003983356, 0.98440564), (0.008920592, -0.099256255, 0.995022), (0.101313144, -0.1357458, 0.98555), (-0.12491515, -0.084321, 0.98857784), (-0.11773448, -0.13500622, 0.98382515), (-0.1932549, -0.104777284, 0.97553796), (-0.1694672, -0.06381774, 0.98346746), (-0.15622738, -0.032049946, 0.98720104), (0.01830856, 0.27025053, 0.96261585), (-0.12577301, 0.06860974, 0.9896838), (0.13380429, 0.09144481, 0.9867797), (0.15472315, 0.18534465, 0.9704164), (0.07308472, 0.07474163, 0.9945212), (-0.033567213, -0.0155859105, 0.99931496), (-0.013779163, -0.13364772, 0.99093306), (0.018255938, -0.10652182, 0.99414283), (0.016571268, -0.15558583, 0.9876834), (0.007875384, -0.2726025, 0.96209455), (0.036504257, -0.28333876, 0.9583249), (0.123176046, -0.26200122, 0.9571745), (0.1267482, -0.27736416, 0.95236754), (0.14824823, -0.4416615, 0.884849), (0.09890582, -0.46430895, 0.8801334), (0.025326658, -0.15717359, 0.9872462), (0.1843923, 0.15650885, 0.9703115), (0.20792899, -0.0120667685, 0.9780695), (0.18953566, 0.17771909, 0.9656564), (0.18296458, 0.034836892, 0.9825021), (0.21420129, -0.21983744, 0.95172966), (0.09106058, 0.25966826, 0.961395), (0.24714673, 0.2786851, 0.9280373), (0.2117697, 0.08237072, 0.9738422), (0.06807821, 0.24818031, 0.9663187), (0.037011538, -0.1118654, 0.9930338), (-0.12287336, 0.0059957784, 0.99240416), (0.070091404, -0.0026136478, 0.99753714), (0.3727929, -0.113564804, 0.92093897), (0.007439925, 0.2667285, 0.96374303), (-0.013042024, 0.28697407, 0.95784956), (-0.027249346, 0.36936128, 0.92888635), (0.031077676, 0.35905907, 0.9327972), (0.021514447, 0.35455194, 0.93478876), (-0.15809178, 0.22121155, 0.96232665), (-0.22849996, -0.026447985, 0.9731846), (0.06336768, -0.46006495, 0.8856212), (0.30094185, -0.22518912, 0.92667353), (0.16946442, -0.32343695, 0.93095124), (-0.19091327, -0.15142804, 0.96985656), (-0.21170813, -0.1043682, 0.9717443), (-0.005396308, 0.0029681332, 0.999981), (0.08187741, -0.04771956, 0.9954994), (0.32834658, -0.44425654, 0.8335615), (-0.13256155, -0.1835828, 0.9740251), (-0.0882275, -0.13599117, 0.9867737), (-0.0718706, -0.06663236, 0.9951858), (-0.022914479, -0.034986444, 0.9991251), (-0.17045228, -0.06633555, 0.9831305), (0.06249957, -0.15594488, 0.9857865), (0.10433038, -0.18767823, 0.9766739), (0.12878689, -0.11677436, 0.98477286), (0.27643085, -0.14581496, 0.94990736), (0.23224592, -0.22350974, 0.94662833), (0.409567, -0.2288513, 0.8831093), (0.22046077, -0.16679831, 0.9610282), (0.055849846, -0.023441108, 0.998164), (0.47184348, -0.16541567, 0.86602616), (0.6163336, -0.15284261, 0.7725103), (0.5652431, -0.24994095, 0.78614867), (0.6904252, -0.29794806, 0.6591965), (0.7330614, -0.15333886, 0.6626524), (0.76612973, -0.32661572, 0.5535047), (0.8275893, -0.16782446, 0.53565943), (0.82632947, -0.358383, 0.43444368), (0.89793247, -0.16857105, 0.40657228), (0.9355292, -0.19042383, 0.29752958), (0.8733541, -0.3894587, 0.2925313), (0.893747, -0.41687486, 0.16562472), (0.95954716, -0.21360385, 0.18341936), (0.89912087, -0.4347583, 0.05066482), (0.9745364, -0.22297296, 0.023700183), (0.9678615, -0.22030216, -0.12128941), (0.90091974, -0.425441, -0.085694596), (0.877863, -0.40881863, -0.2494472), (0.9463436, -0.21709889, -0.23937805), (0.8504381, -0.38466907, -0.3588659), (0.90134424, -0.20982572, -0.37888232), (0.83749044, -0.17133142, -0.518898), (0.8134988, -0.3355378, -0.47500947), (0.7253193, -0.30251417, -0.61838275), (0.752655, -0.13006327, -0.6454408), (0.614417, -0.26508006, -0.7431179), (0.6554711, -0.110115685, -0.7471493), (0.5188984, -0.09488601, -0.84955347), (0.47065327, -0.23400933, -0.8507204), (0.32393152, -0.15636793, -0.9330689), (0.33497468, -0.08582233, -0.9383105), (0.18138269, -0.08815629, -0.9794533), (0.17328179, -0.045823503, -0.9838057), (0.07093268, 0.0028376232, -0.99747705), (0.03523294, 0.008623381, -0.9993419), (-0.050147437, 0.049711317, -0.9975038), (-0.017055638, 0.061776906, -0.9979442), (-0.105261974, 0.10544566, -0.98883826), (-0.12774779, 0.10014954, -0.98673743), (-0.111741155, 0.1576807, -0.98114765), (-0.16024235, 0.118658185, -0.9799197), (-0.1098059, 0.13580249, -0.98463213), (-0.07104943, 0.2006506, -0.9770831), (0.03254591, 0.21168593, -0.97679573), (0.03321245, 0.12151017, -0.9920343), (0.14807884, 0.17599106, -0.9731905), (0.1936312, 0.1103553, -0.974848), (0.2026163, 0.0829676, -0.9757372), (0.17476027, 0.13155031, -0.97578347), (0.13345781, 0.06767445, -0.9887412), (0.13586383, 0.041804366, -0.9898451), (0.01976457, 0.040623385, -0.99897903), (0.016689623, 0.0048477985, -0.99984896), (-0.12494605, -0.01636621, -0.99202853), (-0.108819395, -0.025461802, -0.9937354), (-0.3007513, -0.05137056, -0.95231813), (-0.29858944, -0.08207931, -0.9508456), (-0.4417359, -0.13291356, -0.8872448), (-0.46155703, -0.04519381, -0.8859586), (-0.59960383, -0.16728179, -0.7826187), (-0.6295198, -0.043104872, -0.7757879), (-0.7336827, -0.040272146, -0.67829776), (-0.7123551, -0.19292803, -0.6747807), (-0.8045748, -0.22823751, -0.5482399), (-0.8362361, -0.038088135, -0.54704505), (-0.8843745, -0.24355167, -0.39820132), (-0.9217868, -0.033416055, -0.38625446), (-0.93793136, -0.23095591, -0.2587355), (-0.9631612, -0.039053984, -0.26607385), (-0.9909556, -0.029467126, -0.13091467), (-0.96676564, -0.2277108, -0.11624146), (-0.9716942, -0.23345551, 0.036179367), (-0.99975175, -0.011036203, 0.019356325), (-0.9548248, -0.21872103, 0.20117326), (-0.9806925, -0.014774935, 0.19499683), (-0.94950897, -0.030964695, 0.31220827), (-0.92074406, -0.21232423, 0.32733595), (-0.8803718, -0.22100744, 0.41964415), (-0.90105385, -0.048865847, 0.43094552), (-0.8123495, -0.20335895, 0.546565), (-0.8254364, -0.04208637, 0.5629239), (-0.74559945, -0.06063384, 0.6636301), (-0.7251089, -0.17759718, 0.66533923), (-0.62261516, -0.15320395, 0.76738447), (-0.62524164, -0.06415596, 0.77778983), (-0.48137078, -0.12607963, 0.86740196), (-0.4715757, -0.033084426, 0.88120466), (-0.27486578, -0.009082663, 0.9614397), (-0.28509226, -0.09671385, 0.95360833), (-0.092595786, -0.106903635, 0.9899484), (-0.094751045, -0.02263756, 0.99524355), (-0.047432538, -0.17459418, 0.9834973), (-0.09861099, -0.047430605, 0.99399513), (-0.033593543, -0.065984644, 0.9972549), (-0.116454855, -0.10255045, 0.98788756), (0.018030055, -0.16211145, 0.9866078), (-0.04042462, 0.13589105, 0.9898987), (0.14884177, 0.08554366, 0.98515403), (0.275743, 0.33928448, 0.8993619), (0.06465418, 0.38188082, 0.92194724), (0.042997673, 0.20119636, 0.97860676), (0.20781207, 0.26859182, 0.94057035), (0.031274468, 0.010690726, 0.99945366), (-0.06901996, 0.03944028, 0.9968354), (0.003880293, 0.022983126, 0.9997284), (-0.02862188, 0.07016959, 0.99712425), (-0.1743427, 0.0070449226, 0.98465985), (-0.093286656, -0.06713493, 0.9933733), (0.10772127, -0.07469116, 0.9913714), (-0.11148323, -0.15825957, 0.98108387), (0.24944958, 0.06843019, 0.965967), (-0.36793074, -0.12212559, 0.9217984), (-0.4241234, -0.046255074, 0.9044224), (-0.19441006, -0.042748876, 0.97998834), (-0.21200047, -0.21844205, 0.9525434), (-0.12111924, -0.18170497, 0.97586554), (0.010090141, -0.04916498, 0.9987397), (0.023587547, -0.057577033, 0.99806243), (-0.04205136, -0.22594553, 0.973232), (0.25546312, -0.23088026, 0.93884665), (0.027466226, -0.28344676, 0.9585947), (-0.09297772, -0.026318934, 0.9953203), (0.040065404, -0.07218557, 0.9965862), (-0.14014935, 0.08230343, 0.98670375), (-0.15128304, 0.16865562, 0.9739963), (-0.07620462, 0.08694522, 0.9932942), (0.34497088, -0.15703486, 0.9253838), (0.021657107, 0.11244976, 0.9934214), (0.07464738, 0.46820033, 0.8804637), (-0.006203003, -0.32660633, 0.9451401), (-0.16054612, -0.24851915, 0.9552294), (-0.14975166, 0.14062805, 0.9786716), (-0.24106804, -0.13064557, 0.9616745), (-0.008759557, 0.32958847, 0.9440841), (-0.00083896966, 0.37535596, 0.9268803), (0.12786484, 0.93432903, 0.33268595), (0.22247507, 0.9012374, 0.37185484), (0.1291361, 0.8947591, 0.42746916), (0.45307413, -0.23281479, 0.8605353), (0.8275488, 0.53585947, -0.16738456), (0.82754886, 0.53585947, -0.16738458), (0.82754886, 0.53585947, -0.1673846), (0.63446456, -0.60551155, 0.4804275), (0.17837764, -0.7241599, 0.6661635), (-0.27835453, -0.3034002, 0.9112997), (0.028531054, -0.09892229, 0.994686), (0.07231488, 0.09127093, 0.9931969), (-0.07161131, 0.09790492, 0.992616), (-0.2826405, 0.66527385, 0.6910318), (-0.2826405, 0.6652739, 0.6910318), (-0.2826405, 0.66527385, 0.6910318), (0.058543604, -0.10683504, 0.99255174), (0.12430517, -0.21674886, 0.968281), (0.13576862, -0.1480258, 0.9796199), (0.19645494, -0.3097323, 0.93030715), (0.110538125, -0.12498768, 0.9859815), (0.03269793, -0.30068502, 0.95316285), (0.010670832, -0.17583683, 0.9843615), (-0.11382773, 0.04297827, 0.99257046), (-0.15396145, 0.034473594, 0.9874752), (-0.12312169, -0.025391242, 0.9920668), (-0.053031057, -0.13703433, 0.9891457), (-0.13888565, -0.074630536, 0.9874923), (-0.110708155, -0.12652613, 0.9857661), (-0.09214025, -0.09524949, 0.99117994), (-0.23639597, -0.18828015, 0.9532406), (-0.22918957, -0.2496434, 0.9408242), (-0.17953353, -0.23261864, 0.9558537), (-0.20194492, -0.22305754, 0.95365804), (-0.34323287, -0.36945793, 0.86353457), (-0.37330306, -0.35956144, 0.8551961), (-0.18766342, -0.26220143, 0.9465901), (-0.04196832, -0.2793078, 0.95928395), (-0.07794603, -0.4652195, 0.88175684), (0.0265444, -0.4587865, 0.88815), (-0.09898081, -0.62862253, 0.7713861), (0.019573858, -0.62259835, 0.7822967), (-0.20455952, -0.43442333, 0.87717265), (-0.26765373, -0.40265477, 0.875346), (-0.41928238, -0.5160652, 0.7469131), (-0.35138282, -0.55737525, 0.7522386), (-0.24708827, -0.5869516, 0.7709963), (-0.25312847, -0.70138, 0.6663273), (-0.10280678, -0.7518158, 0.6513092), (-0.24768698, -0.80562973, 0.538156), (-0.09660101, -0.8372541, 0.5382135), (0.019341601, -0.7579708, 0.6520016), (0.11909355, -0.6156881, 0.7789383), (0.19422007, -0.59836555, 0.777327), (-0.38926044, -0.6416244, 0.6609043), (0.14974107, -0.75242275, 0.64143413), (0.12900661, -0.8398001, 0.5273453), (0.019721791, -0.8511317, 0.5245817), (0.0106093325, -0.9080885, 0.41864395), (-0.11566849, -0.90244526, 0.41498607), (0.20168531, -0.72720444, 0.65612257), (0.11629115, -0.8976113, 0.42517102), (-0.015821315, -0.95502687, 0.29609716), (0.12359536, -0.94897014, 0.29013768), (0.22901784, -0.8791154, 0.41797945), (0.21384309, -0.81096035, 0.5446232), (0.31102118, -0.6827693, 0.6611293), (0.33725363, -0.7745428, 0.5351106), (0.34543055, -0.8405493, 0.41731825), (0.3717949, -0.88491035, 0.2805393), (0.49339786, -0.76177704, 0.4198263), (0.46168298, -0.6986103, 0.5466192), (0.261488, -0.92342246, 0.2809181), (0.14983478, -0.97723216, 0.15022239), (0.26794097, -0.9532172, 0.13994525), (0.3911146, -0.9094596, 0.1411122), (0.53708434, -0.8311425, 0.14402263), (0.40460467, -0.9140409, 0.028710939), (0.28253657, -0.95876586, 0.030678894), (0.5200551, -0.8066269, 0.28088388), (0.5989873, -0.6835846, 0.41704473), (0.63386464, -0.71564066, 0.2933835), (0.66326994, -0.72966856, 0.16630358), (0.67264736, -0.73849255, 0.046629004), (0.7259131, -0.66825724, 0.16273406), (0.698745, -0.65349966, 0.29102165), (0.5378066, -0.8423065, 0.0358303), (0.39923877, -0.9127055, -0.08704672), (0.54546964, -0.83280444, -0.094337426), (0.6780645, -0.7292732, -0.09159158), (0.75780845, -0.64752173, -0.08026194), (0.6739064, -0.70729864, -0.21349205), (0.5433725, -0.8063373, -0.2335945), (0.7449233, -0.66439354, 0.060584288), (0.79713607, -0.58228683, 0.15973714), (0.80951935, -0.58524686, 0.046525016), (0.8127434, -0.576516, -0.08412809), (0.773016, -0.5568032, 0.3040007), (0.7380347, -0.521515, 0.42816666), (0.69247746, -0.46760046, 0.54938585), (0.66808116, -0.62024915, 0.41104552), (0.61524665, -0.41931993, 0.6675644), (0.51029205, -0.35824925, 0.78183097), (0.38091698, -0.23568748, 0.89406574), (0.34529033, -0.30243245, 0.8884307), (0.21591818, -0.13238859, 0.96739477), (0.26201555, -0.14760509, 0.95370895), (0.30406976, -0.37320134, 0.87650573), (0.20293015, -0.41703567, 0.88594615), (0.2829601, -0.5592557, 0.7792091), (0.3708903, -0.5152461, 0.77263296), (0.43298864, -0.6127531, 0.66110104), (0.42786857, -0.4701896, 0.7719133), (0.49273708, -0.5643854, 0.6623287), (0.5422328, -0.6361978, 0.5488497), (0.61081123, -0.57347554, 0.5459262), (0.5380207, -0.5072043, 0.6732589), (0.47068372, -0.42955983, 0.7706719), (0.31966925, -0.33281258, 0.8871569), (0.18369642, 0.23684503, -0.9540231), (0.29280832, 0.3368153, -0.8948848), (0.26195353, 0.28006253, -0.9235504), (0.41186014, 0.3434789, -0.84403414), (0.3519382, 0.39035508, -0.85074234), (0.29000258, 0.4432322, -0.84820026), (0.23529987, 0.3108261, -0.9208806), (0.1187608, 0.22758779, -0.96648836), (0.15194555, 0.18392268, -0.97112566), (0.29285666, 0.24932885, -0.9230764), (0.43180636, 0.31280366, -0.8459888), (0.30949306, 0.19836496, -0.92998135), (0.14679816, 0.12932469, -0.980676), (0.039451975, 0.078067064, -0.9961672), (0.0788597, 0.12223079, -0.98936385), (0.11182761, 0.22020277, -0.96902287), (0.18708003, 0.35194796, -0.9171334), (0.24137098, 0.48070168, -0.84301007), (0.35785535, 0.557673, -0.74895954), (0.46989772, 0.47528496, -0.74384165), (0.54139537, 0.42006096, -0.72831297), (0.16229497, 0.07504785, -0.9838843), (0.6415219, 0.47922796, -0.5989911), (0.5760662, 0.5457545, -0.6085226), (0.42875087, 0.66740394, -0.60888803), (0.34481305, 0.7218103, -0.6000782), (0.29616737, 0.60787135, -0.73673415), (0.1993927, 0.49835953, -0.8437301), (0.1649738, 0.35664678, -0.91955787), (0.1255051, 0.38821304, -0.91298366), (0.13248049, 0.5170649, -0.8456316), (0.25011742, 0.62373614, -0.74053663), (0.2774645, 0.7411342, -0.6113375), (0.29832008, 0.8313617, -0.468874), (0.38865036, 0.79204893, -0.4707542), (0.48347834, 0.7489045, -0.45320055), (0.63351476, 0.6276204, -0.45249504), (0.70764667, 0.5267434, -0.47093263), (0.6716601, 0.44919536, -0.5891486), (0.55440545, 0.38435084, -0.73817945), (0.455487, 0.26030678, -0.85133547), (0.4923902, 0.13596682, -0.8596889), (0.3316697, 0.09578582, -0.9385202), (0.36090657, 0.043669857, -0.931579), (0.17082821, 0.026648363, -0.98494035), (0.016052641, 0.018826026, -0.9996939), (-0.0393306, 0.001770167, -0.99922466), (0.047558047, 0.11185256, -0.9925861), (0.0073751155, 0.06118546, -0.99809915), (0.09575794, 0.21402478, -0.97212344), (0.07146373, 0.38738865, -0.91914254), (0.14184834, 0.78666615, -0.60086215), (0.59410787, 0.2972498, -0.74744797), (0.041926794, 0.20383793, -0.97810644), (0.008862899, 0.03294557, -0.99941784), (-0.03589898, -0.067528374, -0.99707127), (0.01566368, -0.08997124, -0.9958212), (0.02768848, 0.026264537, -0.99927145), (0.026781077, 0.20471948, -0.97845423), (0.03079996, 0.023357136, -0.9992527), (-0.07724542, -0.049734145, -0.9957708), (-0.107484624, -0.06102276, -0.9923323), (-0.08506802, -0.02987431, -0.99592716), (-0.13265641, -0.035020474, -0.9905432), (-0.08921561, -0.008771164, -0.9959737), (0.008351798, -0.004421068, -0.99995536), (0.024568163, -0.009232149, -0.9996555), (0.16528827, -0.017175684, -0.9860957), (0.36140734, -0.0069586476, -0.932382), (0.5071746, 0.038409602, -0.860987), (0.65643924, 0.04249638, -0.75318086), (0.5361469, -0.0075053726, -0.8440913), (-0.07222314, -0.08915877, -0.9933954), (-0.0833662, 0.013884151, -0.9964223), (0.63875854, 0.16611631, -0.7512608), (0.70955765, 0.35140094, -0.61077434), (0.7383772, 0.47872245, -0.4749989), (0.7864984, 0.5098986, -0.34845927), (0.7421884, 0.5810442, -0.33398196), (0.6471303, 0.6891088, -0.32611564), (0.51911366, 0.7906827, -0.3245641), (0.41713884, 0.8452575, -0.33396855), (0.31137207, 0.8927524, -0.32563868), (0.15875514, 0.9283928, -0.3359816), (0.14588356, 0.86960703, -0.47170076), (0.041750938, 0.93765765, -0.34504336), (0.045864776, 0.87477005, -0.48236275), (0.79078144, 0.38235116, -0.47798783), (0.14897622, 0.9659188, -0.2116766), (0.31722233, 0.9219086, -0.22238372), (0.43339267, 0.8761248, -0.21113051), (0.5300407, 0.82139534, -0.21063353), (0.6620145, 0.71947414, -0.20998484), (0.7707121, 0.6073608, -0.19265483), (0.8146183, 0.5419017, -0.20673533), (0.8727273, 0.4234497, -0.24297632), (0.8294917, 0.55164486, -0.08735816), (0.78493834, 0.61486685, -0.076227136), (0.6776455, 0.7309376, -0.08078843), (0.84072644, 0.395158, -0.37017468), (0.8284258, 0.2098822, -0.519288), (0.7452964, 0.18478215, -0.640616), (0.7629214, 0.05419131, -0.6442159), (0.7556443, -0.027481826, -0.65440536), (0.8361334, 0.06849799, -0.54423237), (0.66171324, -0.031780493, -0.7490831), (0.83858985, -0.03752954, -0.5434691), (0.9183411, -0.040316716, -0.3937312), (0.91241187, 0.06875116, -0.40345752), (0.88467884, 0.2334396, -0.40354595), (0.93661076, 0.23409358, -0.26069248), (0.96460104, 0.2394848, -0.110416494), (0.9620343, 0.065696605, -0.26490387), (0.89996845, 0.4271565, -0.08714376), (0.84610873, 0.52806735, 0.072419256), (0.9078083, 0.41341966, 0.07048558), (0.84891963, 0.4886734, 0.20133002), (0.8975102, 0.385605, 0.21397254), (0.9676864, 0.24780157, 0.046662755), (0.7887134, 0.6112498, 0.06561084), (0.6801899, 0.728766, 0.079004884), (0.66700864, 0.71833545, 0.19772162), (0.52482474, 0.827499, 0.19951066), (0.650605, 0.69232255, 0.31209376), (0.78509337, 0.5863372, 0.1995923), (0.7648099, 0.55264443, 0.33113426), (0.5300257, 0.8453625, 0.06659585), (0.5344892, 0.8404203, -0.08952647), (0.44475392, 0.8920069, -0.08073276), (0.31124035, 0.9463673, -0.08670857), (0.12312482, 0.98910826, -0.080655225), (0.0977242, 0.9931048, 0.06475157), (0.29428595, 0.9532859, 0.06813017), (0.43687722, 0.89666706, 0.07159964), (0.28050706, 0.9370384, 0.208026), (0.4208684, 0.88775027, 0.18646543), (0.085077785, 0.97586083, 0.2011405), (0.08717691, 0.93983054, 0.330331), (0.2511546, 0.9052979, 0.34257427), (0.38873664, 0.86625314, 0.31383002), (0.5062086, 0.7971798, 0.32902452), (0.45805606, 0.767655, 0.44820797), (0.61590207, 0.6586679, 0.43222833), (0.73189205, 0.50594383, 0.45645908), (0.8388998, 0.45033032, 0.30569553), (0.881525, 0.35601798, 0.31010485), (0.35033017, 0.82128745, 0.45028394), (0.7888209, 0.41097265, 0.45701525), (0.73393685, 0.3930068, 0.5539697), (0.6839074, 0.44162783, 0.5807198), (0.56577784, 0.59480566, 0.5710531), (0.41345277, 0.7298648, 0.5443842), (0.3109594, 0.77039194, 0.5565973), (0.8510391, 0.32380933, 0.41337624), (0.35640362, 0.6316363, 0.6884853), (0.5052259, 0.50179064, 0.70210606), (0.6060498, 0.41391113, 0.6792505), (0.66807896, 0.360511, 0.65092427), (0.70201415, 0.25447664, 0.6651449), (0.53287196, 0.2600301, 0.8052526), (0.50093496, 0.34956193, 0.7917517), (0.41564795, 0.41901422, 0.80725694), (0.7825324, 0.310252, 0.53980243), (0.88592845, 0.21286382, 0.412092), (0.83207077, 0.18500239, 0.52290756), (0.7405627, 0.156695, 0.65346265), (0.6108755, 0.111765444, 0.78379834), (0.7521083, 0.04314092, 0.6576261), (0.8537252, 0.08077342, 0.514421), (0.5746554, 0.20103042, 0.79332083), (0.3688268, 0.15958993, 0.91569525), (0.40408766, 0.140691, 0.90383583), (0.43428743, 0.076157235, 0.89754915), (0.461218, 0.015035243, 0.88715947), (0.6323445, 0.019255195, 0.77444804), (0.64468306, -0.040706895, 0.7633653), (0.7540951, -0.031641394, 0.6560025), (0.4810802, -0.041682594, 0.8756852), (0.29336834, -0.025372522, 0.9556628), (0.18429673, 0.0045261774, 0.9828602), (0.1792685, -0.016747143, 0.9836576), (0.2694561, 0.010658711, 0.96295375), (0.2672363, 0.03587739, 0.96296287), (0.24927723, 0.0989677, 0.963362), (0.20360601, 0.08388952, 0.9754523), (0.05470602, 0.08305933, 0.99504185), (0.14401221, -0.015586937, 0.98945314), (-0.0053062863, 0.096167535, 0.9953511), (0.102517165, -0.07242673, 0.992091), (0.15156388, -0.034896, 0.9878313), (0.106308535, 0.10200211, 0.98908746), (0.06622827, 0.11991002, 0.99057335), (-0.12002396, 0.1567391, 0.98031986), (-0.24405843, 0.05695012, 0.9680869), (-0.13424319, 0.003301707, 0.9909429), (-0.055368505, 0.031641062, 0.99796444), (-0.041498955, 0.046824988, 0.9980407), (0.04756718, 0.054699916, 0.9973691), (-0.105009615, 0.20276493, 0.97358066), (-0.09072812, 0.17952763, 0.97956026), (-0.09174383, 0.18405055, 0.9786258), (-0.103486665, 0.19564763, 0.9751986), (-0.016628202, 0.22843999, 0.973416), (0.11028282, 0.22195236, 0.9688007), (0.106264435, 0.1996054, 0.97409725), (0.15497589, 0.3543037, 0.92219925), (0.06678128, 0.3946987, 0.91638047), (-0.047986396, 0.41293228, 0.90949667), (-0.08540669, 0.43470147, 0.89651567), (-0.13695186, 0.4262942, 0.89415747), (-0.2021082, 0.39747164, 0.89508015), (-0.19997472, 0.41505408, 0.8875473), (-0.07080436, 0.24681251, 0.96647316), (0.018580982, 0.054426532, 0.9983449), (0.05513455, 0.14688241, 0.9876161), (0.043532003, 0.32814953, 0.9436222), (-0.079842374, 0.13065141, 0.9882082), (-0.13848382, 0.21885023, 0.96588135), (-0.106752895, 0.20112069, 0.9737322), (-0.13605337, 0.20219012, 0.96984977), (-0.30296555, 0.37003413, 0.8782293), (-0.34269506, 0.3127843, 0.8858476), (-0.40436396, 0.22573796, 0.8863025), (-0.4974518, 0.39822513, 0.770687), (-0.5713544, 0.26053774, 0.77825063), (-0.45536676, 0.083212115, 0.8864068), (-0.2629654, 0.054570735, 0.96326065), (-0.13909842, -0.04704962, 0.98916024), (-0.28127912, -0.004178705, 0.9596169), (-0.44395256, 0.010173721, 0.89599264), (-0.6153437, 0.030523095, 0.7876677), (-0.75450575, 0.036016677, 0.6553044), (-0.8284629, 0.05138591, 0.5576816), (-0.89442104, 0.0742375, 0.44102132), (-0.9477666, 0.10048778, 0.30272225), (-0.97217625, 0.1324315, 0.1932235), (-0.9903494, 0.13210702, 0.041902363), (-0.9881353, 0.112210296, -0.104869254), (-0.95754, 0.09494753, -0.27221718), (-0.9083995, 0.08590063, -0.40918392), (-0.8371895, 0.08170881, -0.5407749), (-0.7371541, 0.054835208, -0.673496), (-0.6328216, 0.037687376, -0.77337986), (-0.48799276, 0.0099093625, -0.8727914), (-0.32226163, -0.025207976, -0.946315), (-0.12101006, -0.04585805, -0.9915914), (0.03064914, -0.057288527, -0.99788713), (0.15200333, -0.022870723, -0.9881154), (0.21613686, -0.030611994, -0.9758831), (0.17523251, -0.049219336, -0.98329604), (0.046683345, -0.048797045, -0.99771714), (-0.10770428, -0.016595528, -0.9940445), (-0.18252672, -0.0012379774, -0.9832001), (-0.1483602, 0.013691224, -0.9888386), (-0.14214216, -0.09547391, -0.98523116), (-0.08785651, -0.15598577, -0.98384434), (0.123064816, 0.59054863, 0.7975635), (-0.006701332, 0.61310387, 0.7899739), (-0.027304677, -0.13741986, -0.9901365), (0.046564095, -0.0918607, -0.9946826), (0.03841526, 0.021983668, -0.99902004), (0.0033415554, 0.19876963, -0.98004055), (-0.03592386, 0.19468482, -0.9802078), (-0.0524435, 0.3758742, -0.9251856), (0.011997538, 0.37700653, -0.9261329), (-0.00063438795, 0.5340104, -0.8454777), (0.08946951, 0.5482752, -0.8314983), (0.054607425, 0.67779744, -0.733218), (0.13399209, 0.645538, -0.7518822), (0.035866633, 0.7883319, -0.6142039), (-0.06812064, 0.86345005, -0.4998134), (-0.04525316, 0.78539246, -0.6173418), (-0.011799962, 0.69051844, -0.7232185), (-0.14475742, 0.6595117, -0.7376243), (-0.091031805, 0.50014436, -0.8611439), (-0.15924354, 0.48683515, -0.85885566), (-0.10635853, 0.3514607, -0.93014157), (-0.06681344, 0.15972796, -0.9848974), (-0.19069164, 0.7631208, -0.61748147), (-0.15420087, 0.2962259, -0.9425881), (-0.107091345, 0.14362416, -0.9838209), (0.02858272, 0.036756366, -0.99891543), (0.12555654, -0.058694746, -0.99034864), (0.10420908, -0.08199754, -0.99116945), (0.04837295, -0.1518238, -0.9872231), (0.06557263, -0.16566357, -0.9839999), (0.15379022, -0.13860562, -0.97833383), (0.17863412, -0.10854967, -0.9779094), (0.13279513, -0.06032153, -0.98930615), (0.039476972, -0.027893383, -0.99883103), (-0.115098216, 0.014946562, -0.99324167), (-0.3010956, 0.05015726, -0.952274), (-0.101205066, 0.084219, -0.99129444), (0.010262276, -0.019558761, -0.999756), (0.11692503, -0.09501713, -0.988585), (0.16681476, -0.10785338, -0.9800717), (0.118976295, -0.1206472, -0.9855399), (0.10174658, -0.0330421, -0.99426144), (0.02215842, 0.04995783, -0.99850553), (-0.21366613, 0.25149527, -0.94397926), (-0.24615094, 0.19329421, -0.94976157), (-0.4705804, 0.109521806, -0.87553364), (-0.33913153, 0.3378215, -0.87799), (-0.24497041, 0.42419204, -0.87180877), (-0.3453859, 0.5505115, -0.76003003), (-0.4173371, 0.27157858, -0.8672224), (-0.46569788, 0.4450565, -0.7648857), (-0.60778934, 0.15738627, -0.77834547), (-0.5355192, 0.32453048, -0.7796789), (-0.7213086, 0.19475624, -0.6646683), (-0.6431295, 0.39274272, -0.6573717), (-0.56041265, 0.53251606, -0.6343218), (-0.43010518, 0.6358967, -0.6408158), (-0.24421766, 0.62119, -0.7446346), (-0.29568896, 0.71849793, -0.6295466), (-0.35557833, 0.7858455, -0.50597507), (-0.4971426, 0.697976, -0.51544017), (-0.23276463, 0.82942677, -0.50781095), (-0.27942622, 0.8832971, -0.37644008), (-0.091574594, 0.92653996, -0.3648807), (-0.3171244, 0.9171671, -0.24132264), (-0.11469236, 0.9693633, -0.21721052), (0.032337915, 0.9780271, -0.20595439), (0.0051735733, 0.9977753, -0.06646486), (-0.40925956, 0.82987535, -0.3792275), (-0.14088674, 0.98785686, -0.06549549), (-0.32863146, 0.9396041, -0.09563229), (-0.15326941, 0.9867818, 0.052632708), (-0.01925724, 0.9974482, 0.06874765), (-0.021412715, 0.98295105, 0.18261623), (-0.014974085, 0.9539955, 0.29944643), (-0.16259347, 0.94522274, 0.2830502), (-0.1549904, 0.97397757, 0.16536541), (-0.33596516, 0.9292686, 0.15358205), (-0.326888, 0.94449085, 0.03288264), (-0.47854266, 0.8655293, 0.14783813), (-0.4796278, 0.8771232, 0.02474163), (-0.3402705, 0.89699495, 0.2821633), (-0.16335219, 0.8929366, 0.4195002), (-0.005680747, 0.90074754, 0.43430594), (0.09179516, 0.8888087, 0.44899082), (0.22097057, 0.86491317, 0.45066318), (0.07444461, 0.83934796, 0.5384729), (-0.013645426, 0.8340954, 0.5514514), (0.19714601, 0.81007224, 0.55219245), (0.16932741, 0.72251517, 0.6702984), (0.04143183, 0.7430292, 0.66797525), (0.2550352, 0.6909202, 0.67645127), (0.21414642, 0.53847784, 0.81497425), (0.28468043, 0.4939268, 0.8215798), (0.17689295, 0.34521374, 0.9217029), (0.28762776, 0.29257518, 0.9119594), (0.14095542, 0.13892265, 0.98022044), (0.21787086, 0.052194387, 0.97458094), (0.3669737, 0.20724638, 0.90685123), (-0.0627946, 0.619548, 0.782443), (-0.038207576, 0.73407006, 0.67799807), (-0.13919961, 0.597523, 0.789677), (-0.1481591, 0.7207352, 0.67719245), (-0.16377223, 0.8211379, 0.54672784), (-0.32687446, 0.7770936, 0.53784627), (-0.34959874, 0.8447419, 0.40520597), (-0.30342895, 0.6881342, 0.659092), (-0.4658826, 0.7189895, 0.51575917), (-0.47543547, 0.7781519, 0.4104153), (-0.47157708, 0.83367306, 0.28740966), (-0.6139774, 0.7394747, 0.27605963), (-0.6188397, 0.7721076, 0.14452365), (-0.6197631, 0.78475875, 0.0068926853), (-0.48190814, 0.86574477, -0.13509516), (-0.45918888, 0.8519561, -0.25162706), (-0.5556344, 0.7472522, -0.36453307), (-0.6255982, 0.5839321, -0.51734936), (-0.7270731, 0.43729636, -0.52927935), (-0.81160843, 0.23112632, -0.53653735), (-0.87965435, 0.24888812, -0.40529364), (-0.9268923, 0.27022007, -0.26048404), (-0.9566481, 0.2747667, -0.096579686), (-0.58255863, 0.69328755, 0.42423785), (-0.8332622, 0.48826468, -0.2593679), (-0.7908532, 0.46937466, -0.3927325), (-0.67708236, 0.6305364, -0.37945142), (-0.7008728, 0.6647915, -0.2585141), (-0.5899973, 0.77377737, -0.23059025), (-0.60461044, 0.78491914, -0.13545552), (-0.72476083, 0.6760885, -0.13276292), (-0.8642767, 0.49264896, -0.10160129), (-0.9569708, 0.28260738, 0.06587722), (-0.8715231, 0.48866457, 0.040674143), (-0.7461056, 0.66580266, 0.005762101), (-0.7467438, 0.6511254, 0.13568081), (-0.8661801, 0.4746234, 0.1564117), (-0.949489, 0.26225987, 0.1723091), (-0.927867, 0.22857302, 0.29464778), (-0.85167193, 0.43705663, 0.28919983), (-0.7361604, 0.62271917, 0.26512), (-0.7011374, 0.5743272, 0.4225572), (-0.564542, 0.6284673, 0.5350899), (-0.40921187, 0.6319488, 0.65816903), (-0.2482946, 0.55488884, 0.79400766), (-0.32879224, 0.5274077, 0.7834136), (-0.43078622, 0.47499016, 0.76733786), (-0.52044874, 0.55082935, 0.6524723), (-0.5937651, 0.46070707, 0.65969086), (-0.65183026, 0.51329434, 0.55825275), (-0.67506695, 0.311014, 0.66899544), (-0.6119613, 0.13644226, 0.7790294), (-0.7241518, 0.15353198, 0.6723333), (-0.81274325, 0.16951142, 0.55741763), (-0.8744315, 0.19969721, 0.44214314), (-0.8119562, 0.38567945, 0.4381533), (-0.75324386, 0.34941506, 0.5572547), (0.05863706, 0.041736264, -0.9974065), (0.053919517, 0.021331424, -0.9983175), (-0.0131825665, 0.018003328, -0.999751), (-0.1090971, -0.039612032, -0.9932414), (-0.29802635, -0.10392582, -0.9488834), (-0.089158855, -0.07321303, -0.993323), (-0.056213215, -0.11671597, -0.9915733), (0.025958449, 0.05743613, -0.99801165), (0.11675712, 0.1266711, -0.98504937), (0.097462736, 0.13631266, -0.98585993), (0.02541407, 0.15246627, -0.9879819), (-0.04584372, 0.14075044, -0.9889831), (-0.05979906, 0.11580895, -0.9914698), (-0.061812144, 0.08175729, -0.99473375), (-0.017299913, 0.027298238, -0.9994776), (0.09375547, -0.03305467, -0.9950464), (0.19928648, -0.093406364, -0.9754794), (0.33414832, -0.20870724, -0.91912246), (0.447223, -0.2956244, -0.8441551), (0.4426266, -0.32641935, -0.83518386), (0.5627532, -0.35851115, -0.74483466), (0.5251544, -0.419739, -0.74029183), (0.670667, -0.41488874, -0.61487645), (0.74619406, -0.46452296, -0.47687808), (0.7906717, -0.5074913, -0.3424775), (0.8062927, -0.5452408, -0.22935623), (0.75934076, -0.61238116, -0.21997951), (0.6684467, -0.6578255, -0.34705102), (0.526945, -0.7733006, -0.35261172), (0.36562374, -0.84602344, -0.38802522), (0.39537048, -0.88458747, -0.24736053), (0.23213024, -0.8847019, -0.40425006), (0.26161125, -0.9317369, -0.2518449), (0.27545103, -0.95700943, -0.09088237), (0.17979553, -0.9786501, -0.09958698), (0.17073114, -0.9845222, 0.039585285), (0.7428506, -0.5705607, -0.35019046), (0.17010885, -0.9501765, -0.26120445), (-0.0077827093, -0.9968565, -0.07884649), (-0.013763369, -0.9980383, 0.061075233), (-0.015461018, -0.984811, 0.17293988), (-0.14408636, -0.97267497, 0.18205082), (-0.13682055, -0.9464545, 0.2924104), (-0.27037537, -0.94674945, 0.17482187), (-0.27298468, -0.9107476, 0.3098682), (-0.25620183, -0.88256735, 0.39425296), (-0.4303686, -0.8157328, 0.38647503), (-0.42077497, -0.72560173, 0.54447275), (-0.53175503, -0.7534187, 0.38677743), (-0.5121828, -0.6844417, 0.518853), (-0.1564825, -0.98510575, 0.071272805), (-0.43421733, -0.85456175, 0.28492016), (-0.4698782, -0.6050224, 0.64277714), (-0.5443932, -0.5445245, 0.6380667), (-0.47025928, -0.4601318, 0.75308365), (-0.60896975, -0.45319358, 0.6509773), (-0.53068, -0.4005781, 0.74693763), (-0.39791697, -0.32657495, 0.85732776), (-0.4280182, -0.27241468, 0.8617371), (-0.20837125, -0.20120294, 0.9571305), (-0.45165685, -0.22914657, 0.8622632), (-0.23615108, -0.21012197, 0.9487262), (-0.58692247, -0.6210491, 0.519442), (-0.56377774, -0.33210894, 0.75621307), (-0.03227665, -0.20420618, 0.9783957), (-0.5977421, -0.25729388, 0.7592788), (-0.67181754, -0.36651668, 0.64368224), (-0.67987937, -0.5051211, 0.5316171), (-0.61472625, -0.6867364, 0.38794953), (-0.533737, -0.79871196, 0.27782002), (-0.43606117, -0.87586975, 0.20664679), (-0.26052517, -0.96337086, 0.063585974), (-0.15553771, -0.9846412, -0.07930759), (0.008115102, -0.967995, -0.25083825), (0.1521322, -0.89681816, -0.41541922), (0.20270403, -0.8135349, -0.5450431), (0.33590376, -0.7804871, -0.5272652), (0.5082354, -0.69417614, -0.5097217), (-0.70973015, -0.28769293, 0.64305204), (0.30179265, -0.6853543, -0.66272974), (0.6931621, -0.52712756, -0.49159223), (0.6340286, -0.580705, -0.51067543), (0.57476103, -0.5000152, -0.647792), (0.4807383, -0.5911231, -0.6476604), (0.61303824, -0.47643065, -0.6302364), (0.51290196, -0.4339253, -0.7407027), (0.43676668, -0.481364, -0.7599497), (0.2682102, -0.57147557, -0.7755507), (0.3658274, -0.40597188, -0.8374706), (0.22868401, -0.44748178, -0.8645598), (0.44453403, -0.36672592, -0.81725246), (0.33399317, -0.24645771, -0.9097841), (0.18994029, -0.1619203, -0.9683514), (0.09120156, -0.1081628, -0.989941), (0.026559947, -0.03315614, -0.99909717), (-0.024546288, 0.013094219, -0.99961287), (-0.03625573, 0.035004754, -0.9987292), (-0.011230065, 0.058345545, -0.9982333), (0.0051227985, 0.05417824, -0.9985182), (0.050970297, 0.028665915, -0.9982887), (0.054253742, 0.026279882, -0.9981813), (-0.05875855, -0.1261347, -0.9902714), (-0.044282753, -0.12229067, -0.9915059), (-0.06012843, -0.108645976, -0.9922604), (-0.04660309, -0.10163367, -0.9937297), (0.0031866014, -0.098437324, -0.9951381), (0.006697829, -0.11940556, -0.99282295), (0.056807533, -0.15768602, -0.98585397), (0.117657706, -0.17708418, -0.9771376), (0.18513905, -0.21542211, -0.9588101), (0.31336403, -0.25855568, -0.9137571), (0.2933404, -0.32558426, -0.89885837), (0.20559892, -0.32097614, -0.9245017), (0.124854594, -0.3348853, -0.9339503), (0.095363945, -0.32829082, -0.93975043), (0.14907312, -0.4728422, -0.8684454), (0.16933887, -0.60292375, -0.77962), (0.17914137, -0.7182645, -0.6723128), (0.12478893, -0.7381538, -0.66299057), (0.12772916, -0.8294665, -0.543756), (0.04070046, -0.83079195, -0.5550931), (0.028809536, -0.9076146, -0.41881463), (-0.14185913, -0.9065178, -0.39761975), (-0.15381067, -0.9563835, -0.2483402), (-0.25928625, -0.93027484, -0.259537), (-0.26137134, -0.9615323, -0.08450323), (-0.41636887, -0.90277267, -0.10788221), (-0.41516897, -0.90614325, 0.08086442), (-0.5394131, -0.83984166, 0.060823042), (-0.53576034, -0.8232826, 0.18752699), (-0.6228911, -0.7644403, 0.16624603), (-0.6225299, -0.73299193, 0.27418837), (-0.75336796, -0.58923775, 0.2919515), (-0.7298359, -0.54921705, 0.4070628), (-0.8046329, -0.3986284, 0.44006962), (-0.75765663, -0.38037235, 0.5303522), (-0.7875853, -0.3206136, 0.52622837), (-0.84221065, -0.3274699, 0.42830443), (-0.8831747, -0.32886153, 0.33444366), (-0.8431752, -0.43630293, 0.3141581), (-0.7698189, -0.6137757, 0.1750951), (-0.6186466, -0.7843162, 0.04609258), (-0.5190821, -0.8478343, -0.10830861), (-0.40237632, -0.882069, -0.24504606), (-0.2195691, -0.88659686, -0.40710604), (-0.11479123, -0.83191377, -0.54290175), (0.041621573, -0.7465714, -0.6640021), (0.11935578, -0.6203137, -0.7752194), (0.1111983, -0.47456166, -0.8731702), (0.061640322, -0.30460522, -0.950482), (-0.024506757, -0.27771088, -0.96035194), (-0.095825456, -0.27705413, -0.95606405), (-0.10237394, -0.26984712, -0.9574457), (-0.11808835, -0.26247135, -0.9576868), (-0.13474122, -0.2569191, -0.9569939), (-0.16172007, -0.23000859, -0.9596576), (-0.23728853, -0.15324353, -0.95927596), (-0.439913, -0.1728033, -0.88125783), (-0.574277, -0.24255414, -0.78190374), (-0.6874621, -0.29174343, -0.6650427), (-0.7822347, -0.3293137, -0.5288301), (-0.848451, -0.3380849, -0.40722162), (-0.89639235, -0.34359255, -0.28004456), (-0.928559, -0.3543736, -0.11044237), (-0.9296887, -0.36707342, 0.030596081), (-0.91885155, -0.35363176, 0.17508945), (-0.21400626, -0.41422367, -0.88465816), (-0.25477517, -0.39926237, -0.8807266), (-0.873574, -0.4607442, 0.15679084), (-0.8891138, -0.45448816, 0.054010794), (-0.88794553, -0.44965065, -0.096783444), (-0.7724688, -0.63297284, 0.0513554), (-0.85515696, -0.44325414, -0.268761), (-0.80211574, -0.41767958, -0.42679524), (-0.72579485, -0.40753654, -0.5541985), (-0.63737106, -0.3890374, -0.6651377), (-0.53771573, -0.32990748, -0.77590126), (-0.40327668, -0.24162981, -0.88260007), (-0.3073525, -0.35634318, -0.882357), (-0.3609455, -0.51752394, -0.77581406), (-0.43955082, -0.46257755, -0.76994616), (-0.53920174, -0.51729774, -0.6645784), (-0.6179802, -0.5608575, -0.5509441), (-0.68249863, -0.60964274, -0.40315166), (-0.7282925, -0.6304356, -0.26859066), (-0.75976557, -0.6375907, -0.12741433), (-0.6065419, -0.78914726, -0.09671432), (-0.5824221, -0.7726256, -0.2526541), (-0.48611164, -0.8345785, -0.25917956), (-0.54278105, -0.7414636, -0.39448747), (-0.4940231, -0.68307513, -0.5379122), (-0.44084492, -0.6007316, -0.6669163), (-0.4351097, -0.7326959, -0.52329355), (-0.3857523, -0.65335906, -0.65139633), (-0.3043509, -0.5442831, -0.7817458), (-0.19752954, -0.5820943, -0.78876376), (-0.15142171, -0.4380421, -0.88610977), (-0.12807028, -0.4607443, -0.87824404), (-0.03564443, -0.48674226, -0.87281805), (0.079715304, -0.48492232, -0.8709167), (0.045903362, -0.63226825, -0.7733886), (-0.062761225, -0.6442305, -0.762252), (-0.083542936, -0.7400765, -0.66731346), (-0.12958866, -0.6261665, -0.7688448), (-0.25367182, -0.708777, -0.6582444), (-0.15532689, -0.74257356, -0.65150446), (-0.18907955, -0.8156399, -0.5467912), (-0.3088833, -0.78204197, -0.5412961), (-0.36936197, -0.8502975, -0.37492123), (-0.4775684, -0.7922934, -0.3797363), (0.2259535, -0.15547033, 0.9616516), (0.2698437, 0.023808789, 0.96260977), (0.111768685, 0.07891315, 0.990596), (-0.5471935, 0.15590532, 0.82235813), (-0.895552, 0.2889061, 0.33840802), (-0.57798606, -0.4767595, 0.6622934), (-0.46716478, -0.18340823, 0.86493844), (0.09224319, -0.34235984, 0.93503), (0.8469564, -0.03922327, 0.5302136), (0.8469563, -0.039223265, 0.5302136), (0.8469563, -0.03922327, 0.5302136), (-0.16308026, 0.9785801, -0.12564136), (0.09985499, 0.98326993, 0.15234633), (0.1783452, 0.9482981, 0.2625331), (-0.7598322, 0.6099115, 0.22508438), (-0.31905705, 0.4951428, 0.80810654), (-0.04160367, 0.37609074, 0.9256484), (-0.15363277, 0.14295919, 0.9777319), (-0.20543551, -0.2163924, 0.95444775), (0.07060691, 0.24237444, 0.9676102), (0.17431724, 0.36376554, 0.91503453), (0.32794705, 0.20247288, 0.9227435), (-0.08433209, 0.99643296, 0.0030740323), (0.8528798, -0.016025081, 0.5218614), (0.91502, -0.007623513, 0.40333655), (0.95256, -0.018589476, 0.30378255), (0.90747446, 0.099802196, 0.40808043), (0.94733757, 0.10555742, 0.30233973), (0.9205414, 0.24944554, 0.3006337), (0.95089376, 0.2475855, 0.18574877), (0.9953455, 0.088636264, 0.037827075), (0.9792028, 0.110521086, 0.17013769), (0.985875, -0.026343852, 0.16539794), (0.9988899, -0.0420244, 0.021279788), (0.9915666, -0.05928613, -0.11524294), (0.9893875, 0.07675131, -0.12337625), (0.96495134, -0.05530165, -0.2565359)] (
                    interpolation = "faceVarying"
                )
                int[] primvars:normals:indices = [0, 1, 2, 1, 3, 2, 2, 3, 4, 4, 3, 5, 5, 3, 6, 6, 3, 7, 3, 1, 7, 4, 8, 2, 8, 0, 2, 0, 8, 9, 9, 8, 10, 10, 8, 11, 8, 4, 11, 11, 4, 12, 4, 13, 12, 13, 14, 12, 12, 14, 11, 13, 4, 15, 4, 5, 15, 15, 5, 16, 16, 5, 17, 5, 6, 17, 17, 6, 18, 18, 6, 19, 6, 7, 19, 19, 7, 20, 7, 1, 20, 20, 1, 21, 1, 0, 21, 0, 22, 21, 21, 22, 20, 22, 23, 20, 20, 23, 19, 23, 24, 19, 19, 24, 25, 25, 24, 26, 26, 24, 27, 24, 23, 27, 27, 23, 22, 13, 15, 16, 25, 28, 19, 19, 28, 18, 18, 28, 29, 28, 30, 29, 29, 30, 31, 31, 30, 32, 32, 30, 33, 33, 30, 25, 30, 28, 25, 31, 34, 29, 29, 34, 18, 18, 34, 17, 17, 34, 16, 16, 34, 35, 35, 34, 36, 34, 37, 36, 36, 37, 38, 38, 37, 39, 39, 37, 31, 37, 34, 31, 35, 36, 40, 40, 36, 41, 36, 38, 41, 35, 40, 16, 40, 42, 16, 16, 42, 13, 42, 43, 13, 13, 43, 44, 43, 45, 44, 45, 46, 44, 46, 47, 44, 47, 14, 44, 44, 14, 13, 45, 43, 48, 43, 42, 48, 42, 40, 48, 48, 40, 49, 40, 41, 49, 49, 41, 50, 41, 38, 50, 50, 38, 51, 51, 38, 52, 52, 38, 53, 38, 39, 53, 53, 39, 54, 39, 31, 54, 54, 31, 55, 31, 32, 55, 49, 50, 56, 50, 51, 56, 55, 57, 54, 54, 57, 53, 57, 58, 53, 53, 58, 59, 58, 60, 59, 60, 61, 59, 59, 61, 53, 61, 52, 53, 55, 62, 57, 57, 62, 58, 62, 63, 58, 58, 63, 64, 64, 63, 65, 63, 66, 65, 65, 66, 67, 67, 66, 68, 66, 63, 68, 63, 62, 68, 68, 62, 55, 64, 69, 58, 58, 69, 60, 65, 67, 70, 70, 67, 71, 67, 72, 71, 72, 73, 71, 71, 73, 74, 73, 75, 74, 74, 75, 76, 75, 77, 76, 76, 77, 78, 78, 77, 79, 77, 80, 79, 80, 81, 79, 79, 81, 82, 81, 83, 82, 82, 83, 84, 84, 83, 85, 83, 86, 85, 86, 87, 85, 85, 87, 88, 87, 89, 88, 88, 89, 90, 90, 89, 91, 89, 92, 91, 92, 93, 91, 91, 93, 94, 93, 95, 94, 94, 95, 96, 96, 95, 97, 95, 98, 97, 98, 99, 97, 97, 99, 100, 99, 101, 100, 100, 101, 102, 101, 103, 102, 102, 103, 104, 104, 103, 105, 103, 106, 105, 106, 107, 105, 105, 107, 108, 107, 109, 108, 108, 109, 110, 110, 109, 111, 109, 112, 111, 112, 113, 111, 111, 113, 114, 113, 115, 114, 114, 115, 116, 116, 115, 117, 115, 118, 117, 118, 119, 117, 117, 119, 120, 119, 121, 120, 120, 121, 122, 121, 123, 122, 122, 123, 124, 124, 123, 125, 123, 126, 125, 126, 127, 125, 125, 127, 128, 127, 129, 128, 128, 129, 130, 130, 129, 131, 129, 132, 131, 132, 133, 131, 131, 133, 134, 133, 135, 134, 134, 135, 136, 135, 137, 136, 136, 137, 138, 138, 137, 139, 137, 140, 139, 140, 141, 139, 139, 141, 142, 141, 143, 142, 142, 143, 144, 144, 143, 145, 143, 146, 145, 146, 147, 145, 145, 147, 148, 147, 149, 148, 148, 149, 150, 150, 149, 151, 149, 152, 151, 152, 153, 151, 151, 153, 154, 153, 155, 154, 154, 155, 156, 156, 155, 157, 155, 158, 157, 158, 159, 157, 157, 159, 160, 159, 161, 160, 160, 161, 162, 161, 163, 162, 162, 163, 164, 163, 165, 164, 164, 165, 166, 165, 167, 166, 167, 168, 166, 166, 168, 169, 169, 168, 170, 168, 171, 170, 171, 172, 170, 170, 172, 173, 172, 174, 173, 173, 174, 175, 175, 174, 176, 176, 174, 177, 174, 178, 177, 177, 178, 179, 179, 178, 180, 178, 172, 180, 180, 172, 171, 174, 172, 178, 179, 181, 177, 177, 181, 176, 176, 181, 182, 182, 181, 183, 181, 184, 183, 184, 185, 183, 183, 185, 186, 186, 185, 187, 185, 188, 187, 187, 188, 189, 188, 190, 189, 190, 191, 189, 189, 191, 192, 191, 193, 192, 192, 193, 194, 194, 193, 195, 193, 61, 195, 195, 61, 60, 179, 184, 181, 61, 193, 52, 52, 193, 51, 193, 196, 51, 51, 196, 56, 191, 197, 193, 197, 198, 193, 193, 198, 196, 191, 190, 197, 197, 190, 199, 190, 200, 199, 199, 200, 201, 201, 200, 202, 202, 200, 185, 185, 200, 188, 200, 190, 188, 201, 203, 199, 199, 203, 197, 197, 203, 198, 203, 204, 198, 205, 206, 207, 198, 208, 196, 196, 208, 56, 209, 210, 211, 56, 212, 49, 212, 213, 49, 213, 214, 49, 49, 214, 48, 214, 215, 48, 48, 215, 45, 215, 216, 45, 45, 216, 46, 216, 217, 46, 46, 217, 47, 218, 219, 220, 215, 214, 216, 214, 221, 216, 216, 221, 217, 217, 221, 222, 221, 223, 222, 222, 223, 224, 223, 225, 224, 225, 226, 224, 224, 226, 222, 226, 227, 222, 222, 227, 217, 227, 228, 217, 217, 228, 229, 229, 228, 230, 230, 228, 231, 228, 227, 231, 231, 227, 226, 223, 221, 214, 217, 229, 47, 47, 229, 14, 229, 232, 14, 14, 232, 11, 232, 233, 11, 11, 233, 10, 232, 229, 233, 233, 229, 234, 229, 230, 234, 234, 230, 235, 230, 231, 235, 235, 236, 234, 234, 236, 233, 236, 237, 233, 233, 237, 238, 238, 237, 239, 239, 237, 240, 237, 236, 240, 240, 236, 235, 233, 238, 10, 10, 238, 9, 238, 241, 9, 241, 242, 9, 242, 0, 9, 0, 242, 22, 242, 243, 22, 22, 243, 244, 243, 245, 244, 245, 246, 244, 246, 27, 244, 244, 27, 22, 245, 243, 247, 243, 242, 247, 242, 241, 247, 241, 238, 247, 247, 238, 248, 238, 239, 248, 248, 239, 249, 239, 240, 249, 249, 250, 248, 248, 250, 247, 250, 251, 247, 247, 251, 245, 251, 252, 245, 245, 252, 253, 252, 254, 253, 254, 255, 253, 255, 256, 253, 253, 256, 245, 245, 256, 246, 256, 257, 246, 246, 257, 27, 257, 258, 27, 27, 258, 26, 251, 250, 259, 259, 250, 249, 251, 259, 252, 252, 259, 254, 258, 257, 260, 257, 256, 260, 260, 256, 261, 256, 262, 261, 261, 262, 263, 263, 262, 264, 262, 255, 264, 264, 255, 254, 256, 255, 262, 258, 260, 265, 260, 261, 265, 261, 263, 266, 263, 267, 266, 267, 268, 266, 268, 269, 266, 266, 269, 261, 269, 270, 261, 261, 270, 265, 270, 271, 265, 265, 271, 258, 264, 267, 263, 271, 270, 272, 270, 269, 272, 272, 269, 273, 269, 274, 273, 274, 275, 273, 275, 276, 273, 273, 276, 272, 276, 271, 272, 274, 269, 277, 269, 268, 277, 277, 268, 278, 268, 267, 278, 278, 279, 277, 277, 279, 274, 279, 280, 274, 274, 280, 281, 281, 280, 282, 282, 280, 283, 280, 279, 283, 283, 279, 278, 281, 284, 274, 274, 284, 275, 284, 285, 275, 275, 285, 276, 285, 284, 286, 284, 281, 286, 286, 281, 287, 281, 288, 287, 288, 289, 287, 289, 290, 287, 287, 290, 286, 290, 285, 286, 288, 281, 291, 281, 282, 291, 291, 282, 292, 282, 283, 292, 292, 293, 291, 291, 293, 288, 293, 294, 288, 288, 294, 295, 295, 294, 296, 296, 294, 297, 294, 293, 297, 297, 293, 292, 295, 298, 288, 288, 298, 289, 298, 299, 289, 289, 299, 290, 299, 298, 300, 298, 295, 300, 295, 301, 300, 301, 83, 300, 300, 83, 299, 83, 81, 299, 81, 80, 299, 299, 80, 302, 80, 77, 302, 302, 77, 303, 77, 304, 303, 304, 305, 303, 303, 305, 290, 305, 285, 290, 299, 302, 290, 302, 303, 290, 77, 75, 304, 75, 73, 304, 304, 73, 306, 73, 72, 306, 306, 72, 307, 72, 67, 307, 307, 67, 308, 67, 68, 308, 308, 68, 309, 309, 68, 310, 68, 55, 310, 310, 55, 311, 55, 32, 311, 32, 33, 311, 311, 33, 312, 33, 25, 312, 312, 25, 313, 25, 26, 313, 26, 258, 313, 313, 258, 314, 258, 271, 314, 314, 271, 315, 271, 316, 315, 315, 316, 317, 317, 316, 318, 316, 276, 318, 318, 276, 319, 276, 285, 319, 319, 285, 320, 285, 305, 320, 305, 304, 320, 304, 321, 320, 320, 321, 319, 319, 321, 318, 321, 317, 318, 313, 314, 312, 314, 315, 312, 312, 315, 317, 276, 316, 271, 304, 306, 321, 306, 307, 321, 321, 307, 322, 307, 308, 322, 308, 309, 322, 322, 309, 317, 309, 323, 317, 317, 323, 312, 312, 323, 311, 311, 323, 310, 323, 309, 310, 317, 321, 322, 324, 325, 326, 326, 325, 327, 327, 325, 328, 328, 325, 329, 329, 325, 330, 325, 324, 330, 330, 324, 331, 331, 324, 332, 324, 326, 332, 332, 326, 333, 326, 334, 333, 334, 335, 333, 333, 335, 332, 335, 336, 332, 336, 337, 332, 337, 338, 332, 332, 338, 331, 338, 339, 331, 339, 340, 331, 331, 340, 330, 340, 341, 330, 330, 341, 329, 341, 342, 329, 329, 342, 328, 342, 343, 328, 328, 343, 327, 343, 344, 327, 344, 334, 327, 327, 334, 326, 335, 345, 336, 344, 343, 346, 346, 343, 347, 343, 342, 347, 347, 342, 348, 348, 342, 349, 349, 342, 350, 342, 341, 350, 350, 341, 351, 341, 340, 351, 351, 340, 352, 340, 339, 352, 339, 353, 352, 353, 354, 352, 352, 354, 351, 354, 355, 351, 351, 355, 350, 355, 356, 350, 350, 356, 349, 356, 357, 349, 357, 358, 349, 349, 358, 348, 358, 359, 348, 359, 360, 348, 348, 360, 347, 360, 361, 347, 347, 361, 346, 361, 362, 346, 346, 362, 344, 362, 363, 344, 344, 363, 334, 363, 364, 334, 334, 364, 335, 364, 365, 335, 335, 365, 366, 365, 367, 366, 367, 368, 366, 366, 368, 345, 368, 369, 345, 345, 369, 336, 336, 369, 337, 369, 370, 337, 337, 370, 338, 370, 371, 338, 338, 371, 339, 371, 372, 339, 372, 373, 339, 339, 373, 353, 373, 374, 353, 353, 374, 354, 335, 366, 345, 370, 372, 371, 355, 375, 356, 356, 375, 357, 363, 376, 364, 364, 376, 365, 374, 373, 377, 373, 372, 377, 377, 372, 378, 372, 379, 378, 379, 380, 378, 380, 381, 378, 378, 381, 382, 381, 383, 382, 378, 382, 377, 382, 374, 377, 379, 372, 384, 372, 370, 384, 384, 370, 385, 370, 386, 385, 385, 386, 387, 387, 386, 388, 386, 369, 388, 388, 369, 389, 369, 368, 389, 389, 368, 390, 390, 368, 391, 391, 368, 392, 368, 367, 392, 392, 367, 393, 367, 365, 393, 365, 394, 393, 394, 395, 393, 393, 395, 392, 369, 386, 370, 379, 384, 396, 384, 385, 396, 388, 389, 397, 389, 390, 397, 394, 365, 398, 365, 376, 398, 398, 376, 399, 376, 363, 399, 363, 362, 399, 399, 362, 400, 362, 361, 400, 400, 361, 401, 401, 361, 402, 402, 361, 403, 361, 360, 403, 403, 360, 404, 360, 359, 404, 404, 359, 405, 359, 358, 405, 358, 357, 405, 405, 357, 406, 406, 357, 407, 357, 408, 407, 407, 408, 409, 409, 408, 410, 410, 408, 375, 408, 357, 375, 399, 400, 411, 400, 401, 411, 409, 412, 407, 407, 412, 406, 412, 413, 406, 406, 413, 405, 413, 414, 405, 414, 415, 405, 405, 415, 404, 404, 415, 403, 415, 416, 403, 403, 416, 402, 416, 417, 402, 402, 417, 401, 417, 418, 401, 401, 418, 419, 419, 418, 420, 420, 418, 421, 418, 417, 421, 421, 417, 422, 417, 416, 422, 422, 416, 415, 419, 423, 401, 401, 423, 411, 423, 424, 411, 411, 424, 399, 424, 425, 399, 399, 425, 398, 398, 425, 394, 425, 426, 394, 394, 426, 427, 427, 426, 428, 428, 426, 424, 426, 425, 424, 427, 429, 394, 394, 429, 395, 429, 97, 395, 395, 97, 392, 97, 429, 96, 429, 427, 96, 96, 427, 94, 94, 427, 91, 427, 430, 91, 91, 430, 431, 431, 430, 432, 430, 428, 432, 428, 424, 432, 432, 424, 433, 424, 423, 433, 423, 419, 433, 433, 419, 434, 419, 435, 434, 435, 436, 434, 436, 432, 434, 434, 432, 433, 427, 428, 430, 91, 431, 90, 435, 419, 437, 419, 420, 437, 420, 438, 437, 437, 438, 439, 438, 440, 439, 440, 441, 439, 441, 442, 439, 442, 435, 439, 439, 435, 437, 440, 438, 443, 438, 420, 443, 420, 421, 443, 421, 422, 443, 422, 444, 443, 443, 444, 445, 444, 446, 445, 446, 447, 445, 445, 447, 448, 447, 449, 448, 449, 440, 448, 440, 443, 448, 448, 443, 445, 446, 444, 450, 444, 422, 450, 450, 422, 451, 422, 415, 451, 451, 415, 452, 415, 414, 452, 452, 414, 453, 414, 413, 453, 413, 412, 453, 412, 454, 453, 454, 455, 453, 455, 456, 453, 453, 456, 457, 456, 458, 457, 458, 459, 457, 459, 446, 457, 446, 450, 457, 450, 451, 457, 451, 452, 457, 457, 452, 453, 458, 456, 460, 460, 456, 455, 460, 461, 458, 461, 462, 458, 458, 462, 459, 462, 463, 459, 459, 463, 446, 463, 464, 446, 446, 464, 447, 464, 465, 447, 465, 466, 447, 466, 467, 447, 447, 467, 449, 467, 468, 449, 449, 468, 440, 468, 469, 440, 440, 469, 441, 463, 470, 464, 464, 470, 465, 469, 468, 471, 468, 467, 471, 471, 467, 472, 472, 467, 473, 473, 467, 474, 467, 466, 474, 474, 466, 475, 466, 465, 475, 475, 465, 476, 465, 470, 476, 469, 471, 477, 471, 472, 477, 476, 478, 475, 475, 478, 474, 478, 479, 474, 474, 479, 473, 479, 480, 473, 473, 480, 472, 480, 481, 472, 472, 481, 482, 482, 481, 483, 483, 481, 484, 481, 480, 484, 484, 480, 485, 480, 479, 485, 485, 479, 478, 482, 486, 472, 472, 486, 477, 486, 487, 477, 477, 487, 469, 487, 486, 488, 486, 482, 488, 488, 482, 489, 482, 490, 489, 490, 491, 489, 491, 492, 489, 489, 492, 488, 492, 487, 488, 490, 482, 493, 482, 483, 493, 483, 494, 493, 494, 495, 493, 493, 495, 490, 495, 496, 490, 496, 497, 490, 490, 497, 498, 497, 499, 498, 498, 499, 500, 500, 499, 71, 499, 501, 71, 71, 501, 70, 70, 501, 65, 501, 502, 65, 502, 503, 65, 65, 503, 64, 64, 503, 69, 69, 503, 504, 504, 503, 505, 503, 502, 505, 505, 502, 497, 502, 501, 497, 497, 501, 499, 490, 498, 491, 498, 500, 491, 491, 500, 492, 497, 506, 505, 505, 506, 504, 497, 496, 506, 496, 495, 506, 506, 495, 507, 495, 508, 507, 508, 509, 507, 507, 509, 506, 509, 510, 506, 506, 510, 504, 504, 510, 69, 69, 510, 60, 60, 510, 195, 510, 509, 195, 195, 509, 194, 509, 511, 194, 194, 511, 512, 512, 511, 508, 511, 509, 508, 508, 495, 494, 194, 512, 192, 512, 513, 192, 192, 513, 189, 189, 513, 187, 513, 514, 187, 187, 514, 186, 514, 515, 186, 186, 515, 183, 515, 516, 183, 516, 517, 183, 183, 517, 182, 182, 517, 176, 517, 518, 176, 518, 519, 176, 176, 519, 175, 519, 520, 175, 175, 520, 173, 173, 520, 170, 170, 520, 521, 521, 520, 522, 520, 519, 522, 522, 519, 523, 523, 519, 524, 519, 518, 524, 518, 517, 524, 524, 517, 525, 525, 517, 526, 517, 516, 526, 526, 516, 527, 516, 515, 527, 527, 515, 528, 515, 514, 528, 528, 514, 513, 526, 527, 529, 529, 527, 528, 529, 530, 526, 526, 530, 525, 530, 531, 525, 525, 531, 524, 531, 532, 524, 532, 533, 524, 524, 533, 523, 523, 533, 522, 533, 534, 522, 534, 535, 522, 535, 536, 522, 522, 536, 521, 536, 537, 521, 521, 537, 170, 537, 538, 170, 538, 539, 170, 170, 539, 169, 169, 539, 166, 166, 539, 540, 540, 539, 541, 539, 538, 541, 541, 538, 542, 538, 537, 542, 542, 537, 543, 537, 536, 543, 543, 536, 544, 536, 535, 544, 543, 544, 542, 544, 545, 542, 542, 545, 541, 541, 545, 546, 545, 547, 546, 547, 548, 546, 548, 549, 546, 546, 549, 541, 549, 550, 541, 541, 550, 540, 550, 551, 540, 540, 551, 166, 166, 551, 164, 164, 551, 162, 162, 551, 160, 160, 551, 157, 157, 551, 552, 551, 550, 552, 550, 549, 552, 549, 553, 552, 552, 553, 157, 157, 553, 156, 553, 554, 156, 156, 554, 154, 154, 554, 151, 554, 555, 151, 555, 556, 151, 151, 556, 150, 556, 557, 150, 150, 557, 148, 148, 557, 145, 557, 558, 145, 558, 559, 145, 145, 559, 144, 559, 560, 144, 144, 560, 142, 142, 560, 139, 560, 561, 139, 561, 562, 139, 139, 562, 138, 562, 563, 138, 138, 563, 136, 563, 564, 136, 136, 564, 134, 134, 564, 131, 564, 565, 131, 565, 566, 131, 131, 566, 130, 566, 567, 130, 130, 567, 128, 128, 567, 125, 567, 568, 125, 568, 569, 125, 125, 569, 124, 124, 569, 122, 569, 570, 122, 122, 570, 120, 570, 571, 120, 120, 571, 117, 571, 572, 117, 572, 573, 117, 117, 573, 116, 573, 574, 116, 116, 574, 114, 114, 574, 111, 574, 575, 111, 575, 576, 111, 111, 576, 110, 576, 577, 110, 110, 577, 108, 108, 577, 105, 577, 397, 105, 397, 390, 105, 105, 390, 104, 390, 391, 104, 104, 391, 102, 391, 392, 102, 102, 392, 100, 392, 97, 100, 547, 545, 544, 549, 554, 553, 397, 577, 388, 388, 577, 387, 577, 578, 387, 387, 578, 385, 578, 396, 385, 577, 576, 578, 576, 575, 578, 578, 575, 579, 575, 574, 579, 531, 530, 580, 530, 529, 580, 580, 581, 531, 581, 532, 531, 579, 582, 578, 578, 582, 396, 396, 582, 379, 379, 582, 380, 582, 583, 380, 380, 583, 381, 381, 583, 383, 583, 584, 383, 383, 584, 585, 584, 586, 585, 586, 587, 585, 585, 587, 382, 587, 588, 382, 382, 588, 374, 588, 589, 374, 374, 589, 590, 589, 591, 590, 590, 591, 354, 591, 592, 354, 354, 592, 355, 355, 592, 375, 592, 591, 375, 591, 593, 375, 375, 593, 410, 593, 594, 410, 410, 594, 409, 382, 383, 585, 589, 588, 587, 374, 590, 354, 594, 593, 595, 593, 591, 595, 595, 591, 596, 591, 589, 596, 596, 589, 597, 589, 598, 597, 597, 598, 599, 598, 587, 599, 599, 587, 600, 587, 586, 600, 600, 586, 601, 586, 584, 601, 589, 587, 598, 596, 602, 595, 595, 602, 594, 602, 596, 597, 601, 603, 600, 603, 599, 600, 603, 601, 604, 604, 601, 605, 601, 584, 605, 605, 584, 606, 606, 584, 607, 584, 583, 607, 607, 583, 608, 583, 582, 608, 608, 582, 609, 582, 579, 609, 579, 574, 609, 609, 574, 610, 574, 573, 610, 573, 572, 610, 610, 572, 611, 572, 571, 611, 611, 571, 612, 571, 570, 612, 612, 570, 613, 570, 569, 613, 613, 569, 614, 569, 568, 614, 614, 568, 615, 568, 567, 615, 610, 608, 609, 615, 616, 614, 614, 616, 613, 616, 617, 613, 613, 617, 612, 617, 618, 612, 612, 618, 611, 618, 619, 611, 611, 619, 610, 619, 620, 610, 610, 620, 608, 608, 620, 607, 620, 619, 607, 607, 619, 606, 619, 621, 606, 606, 621, 605, 621, 622, 605, 605, 622, 604, 622, 616, 604, 604, 616, 623, 623, 616, 624, 616, 615, 624, 624, 615, 625, 615, 567, 625, 619, 618, 621, 618, 617, 621, 621, 617, 622, 617, 616, 622, 604, 623, 603, 623, 626, 603, 603, 626, 627, 626, 628, 627, 628, 599, 627, 627, 599, 603, 625, 629, 624, 624, 629, 623, 623, 629, 626, 629, 630, 626, 626, 630, 628, 625, 631, 629, 631, 632, 629, 629, 632, 630, 625, 567, 631, 567, 566, 631, 566, 565, 631, 631, 565, 633, 565, 564, 633, 633, 634, 631, 631, 634, 632, 632, 634, 630, 634, 635, 630, 635, 636, 630, 630, 636, 628, 636, 637, 628, 628, 637, 599, 599, 637, 597, 597, 637, 602, 637, 638, 602, 602, 638, 639, 639, 638, 640, 640, 638, 636, 638, 637, 636, 639, 641, 602, 602, 641, 594, 641, 642, 594, 594, 642, 643, 642, 644, 643, 644, 645, 643, 643, 645, 409, 645, 646, 409, 409, 646, 412, 646, 647, 412, 412, 647, 454, 594, 643, 409, 639, 648, 641, 648, 642, 641, 647, 646, 649, 646, 645, 649, 649, 645, 650, 645, 644, 650, 650, 651, 649, 649, 651, 647, 651, 652, 647, 647, 652, 454, 454, 652, 455, 652, 653, 455, 455, 653, 460, 460, 653, 461, 461, 653, 654, 654, 653, 655, 655, 653, 656, 653, 651, 656, 656, 651, 657, 651, 658, 657, 657, 658, 659, 659, 658, 660, 660, 658, 650, 658, 651, 650, 653, 652, 651, 659, 661, 657, 657, 661, 656, 656, 661, 655, 661, 662, 655, 655, 662, 654, 662, 663, 654, 654, 663, 461, 663, 664, 461, 461, 664, 665, 665, 664, 666, 666, 664, 667, 664, 663, 667, 667, 663, 662, 461, 665, 462, 462, 665, 463, 463, 665, 470, 470, 665, 476, 665, 668, 476, 476, 668, 669, 668, 670, 669, 670, 580, 669, 669, 580, 671, 580, 672, 671, 671, 672, 478, 672, 673, 478, 478, 673, 485, 665, 666, 668, 668, 666, 670, 666, 667, 670, 669, 671, 476, 671, 478, 476, 673, 672, 529, 672, 580, 529, 529, 674, 673, 673, 674, 485, 485, 674, 675, 674, 528, 675, 675, 528, 676, 528, 513, 676, 676, 513, 677, 513, 512, 677, 512, 508, 677, 508, 678, 677, 677, 678, 676, 676, 678, 675, 675, 678, 485, 485, 678, 484, 484, 678, 483, 483, 678, 494, 678, 508, 494, 529, 528, 674, 580, 670, 581, 581, 670, 679, 670, 680, 679, 679, 680, 681, 681, 680, 682, 680, 667, 682, 682, 667, 683, 667, 662, 683, 683, 662, 684, 684, 662, 685, 662, 661, 685, 581, 679, 532, 532, 679, 533, 679, 681, 533, 667, 680, 670, 682, 683, 686, 686, 683, 684, 684, 685, 687, 687, 685, 688, 685, 661, 688, 688, 661, 689, 661, 659, 689, 689, 659, 690, 690, 659, 691, 691, 659, 692, 659, 660, 692, 692, 660, 693, 660, 650, 693, 693, 650, 694, 650, 644, 694, 644, 642, 694, 642, 648, 694, 694, 648, 695, 648, 639, 695, 639, 640, 695, 695, 640, 696, 640, 636, 696, 636, 635, 696, 635, 634, 696, 696, 634, 697, 634, 698, 697, 697, 698, 699, 698, 564, 699, 564, 563, 699, 563, 562, 699, 699, 562, 700, 562, 561, 700, 700, 561, 701, 561, 560, 701, 634, 633, 698, 633, 564, 698, 688, 689, 702, 689, 690, 702, 701, 703, 700, 700, 703, 699, 703, 704, 699, 699, 704, 697, 697, 704, 696, 704, 705, 696, 696, 705, 695, 705, 706, 695, 706, 707, 695, 695, 707, 694, 707, 708, 694, 694, 708, 693, 693, 708, 692, 692, 708, 709, 708, 707, 709, 707, 706, 709, 709, 706, 703, 706, 705, 703, 703, 705, 704, 709, 703, 710, 703, 701, 710, 710, 701, 711, 701, 560, 711, 711, 712, 710, 710, 712, 709, 712, 713, 709, 709, 713, 692, 713, 714, 692, 692, 714, 691, 714, 713, 715, 713, 712, 715, 715, 712, 716, 712, 711, 716, 711, 560, 716, 560, 559, 716, 559, 558, 716, 716, 558, 717, 558, 557, 717, 717, 718, 716, 716, 718, 715, 715, 718, 714, 718, 719, 714, 714, 719, 691, 691, 719, 690, 719, 720, 690, 690, 720, 702, 720, 721, 702, 702, 721, 688, 688, 721, 687, 721, 722, 687, 687, 722, 684, 684, 722, 686, 722, 723, 686, 686, 723, 682, 682, 723, 681, 681, 723, 533, 533, 723, 534, 534, 723, 535, 723, 724, 535, 535, 724, 544, 724, 725, 544, 544, 725, 547, 725, 726, 547, 547, 726, 727, 726, 721, 727, 727, 721, 728, 721, 720, 728, 720, 719, 718, 723, 722, 724, 724, 722, 725, 725, 722, 726, 722, 721, 726, 728, 729, 727, 727, 729, 547, 547, 729, 548, 729, 730, 548, 548, 730, 549, 549, 730, 554, 730, 731, 554, 554, 731, 555, 731, 732, 555, 555, 732, 556, 556, 732, 557, 732, 733, 557, 557, 733, 717, 717, 733, 718, 733, 734, 718, 718, 734, 720, 734, 735, 720, 720, 735, 728, 728, 735, 729, 735, 732, 729, 732, 731, 729, 729, 731, 730, 733, 732, 734, 734, 732, 735, 121, 736, 737, 737, 736, 738, 121, 119, 736, 121, 737, 123, 737, 739, 123, 123, 739, 740, 740, 739, 741, 739, 737, 741, 737, 738, 741, 741, 738, 742, 742, 738, 743, 738, 736, 743, 743, 736, 744, 736, 119, 744, 119, 118, 744, 118, 115, 744, 744, 115, 745, 745, 115, 746, 115, 113, 746, 113, 112, 746, 746, 112, 747, 112, 109, 747, 747, 109, 748, 748, 109, 749, 109, 107, 749, 107, 106, 749, 749, 106, 750, 106, 103, 750, 750, 103, 751, 751, 103, 752, 103, 101, 752, 101, 99, 752, 752, 99, 753, 99, 754, 753, 753, 754, 755, 754, 756, 755, 755, 756, 757, 757, 756, 758, 756, 95, 758, 95, 93, 758, 93, 92, 758, 758, 92, 759, 92, 89, 759, 759, 89, 760, 760, 89, 761, 89, 87, 761, 87, 86, 761, 761, 86, 301, 86, 83, 301, 123, 740, 126, 99, 98, 754, 98, 95, 754, 754, 95, 756, 301, 295, 761, 761, 295, 762, 295, 296, 762, 762, 296, 763, 296, 297, 763, 763, 297, 764, 764, 297, 765, 297, 766, 765, 765, 766, 767, 767, 766, 768, 766, 292, 768, 768, 292, 769, 292, 283, 769, 769, 283, 770, 770, 283, 771, 283, 278, 771, 292, 766, 297, 762, 772, 761, 761, 772, 760, 763, 772, 762, 768, 769, 773, 769, 770, 773, 770, 771, 774, 774, 771, 775, 771, 278, 775, 775, 278, 776, 278, 267, 776, 776, 267, 777, 267, 778, 777, 777, 778, 779, 779, 778, 780, 778, 264, 780, 780, 264, 781, 264, 254, 781, 781, 254, 782, 254, 783, 782, 782, 783, 784, 264, 778, 267, 254, 259, 783, 259, 785, 783, 783, 785, 784, 775, 776, 786, 786, 776, 777, 780, 781, 787, 787, 781, 782, 785, 259, 788, 259, 249, 788, 788, 249, 789, 249, 790, 789, 789, 790, 791, 791, 790, 792, 790, 240, 792, 792, 240, 793, 240, 235, 793, 793, 235, 794, 235, 795, 794, 794, 795, 796, 240, 790, 249, 235, 231, 795, 231, 797, 795, 795, 797, 796, 785, 788, 798, 798, 788, 789, 792, 793, 799, 799, 793, 794, 797, 231, 800, 231, 226, 800, 800, 226, 159, 226, 161, 159, 800, 159, 797, 159, 158, 797, 158, 155, 797, 797, 155, 796, 155, 801, 796, 796, 801, 794, 794, 801, 799, 801, 802, 799, 799, 802, 792, 792, 802, 791, 802, 803, 791, 791, 803, 789, 789, 803, 798, 803, 804, 798, 798, 804, 785, 785, 804, 784, 804, 805, 784, 784, 805, 782, 782, 805, 787, 805, 806, 787, 787, 806, 780, 780, 806, 779, 806, 807, 779, 779, 807, 777, 777, 807, 786, 807, 808, 786, 786, 808, 775, 775, 808, 774, 808, 809, 774, 774, 809, 770, 770, 809, 773, 809, 810, 773, 773, 810, 768, 768, 810, 767, 810, 811, 767, 767, 811, 765, 811, 812, 765, 765, 812, 764, 812, 813, 764, 764, 813, 763, 155, 153, 801, 153, 152, 801, 801, 152, 814, 152, 149, 814, 802, 801, 814, 813, 812, 815, 815, 812, 811, 772, 763, 816, 816, 763, 817, 763, 813, 817, 817, 813, 818, 818, 813, 819, 813, 815, 819, 817, 818, 816, 818, 820, 816, 816, 820, 758, 758, 820, 757, 757, 820, 821, 820, 818, 821, 818, 819, 821, 821, 819, 822, 819, 823, 822, 822, 823, 824, 823, 825, 824, 772, 816, 760, 760, 816, 759, 816, 758, 759, 823, 819, 815, 822, 824, 821, 824, 826, 821, 821, 826, 755, 826, 827, 755, 755, 827, 753, 827, 828, 753, 753, 828, 752, 752, 828, 751, 828, 829, 751, 829, 830, 751, 751, 830, 750, 750, 830, 749, 830, 831, 749, 831, 832, 749, 749, 832, 748, 748, 832, 747, 832, 833, 747, 747, 833, 746, 833, 834, 746, 834, 835, 746, 746, 835, 745, 745, 835, 744, 835, 836, 744, 744, 836, 743, 743, 836, 742, 742, 836, 837, 837, 836, 838, 836, 835, 838, 838, 835, 839, 835, 834, 839, 839, 834, 840, 834, 833, 840, 833, 832, 840, 840, 832, 841, 841, 832, 842, 832, 831, 842, 842, 831, 843, 831, 830, 843, 830, 829, 843, 843, 829, 844, 844, 829, 845, 829, 828, 845, 828, 827, 845, 845, 827, 846, 827, 826, 846, 846, 826, 847, 826, 824, 847, 824, 825, 847, 825, 848, 847, 847, 848, 845, 848, 849, 845, 845, 849, 844, 844, 849, 843, 843, 849, 850, 850, 849, 851, 849, 848, 851, 848, 825, 851, 825, 823, 851, 851, 823, 852, 852, 823, 853, 823, 815, 853, 815, 811, 853, 853, 811, 854, 854, 811, 855, 811, 810, 855, 855, 810, 856, 856, 810, 857, 810, 809, 857, 857, 809, 858, 858, 809, 859, 809, 808, 859, 859, 808, 860, 860, 808, 861, 808, 807, 861, 861, 807, 862, 862, 807, 863, 807, 806, 863, 863, 806, 864, 864, 806, 865, 806, 805, 865, 865, 805, 866, 866, 805, 867, 805, 804, 867, 867, 804, 868, 868, 804, 869, 804, 803, 869, 869, 803, 870, 870, 803, 871, 803, 802, 871, 871, 802, 872, 802, 814, 872, 814, 149, 872, 872, 149, 873, 149, 147, 873, 147, 146, 873, 873, 146, 874, 146, 143, 874, 755, 757, 821, 847, 845, 846, 872, 873, 871, 871, 873, 870, 873, 875, 870, 870, 875, 869, 869, 875, 868, 875, 876, 868, 868, 876, 867, 867, 876, 866, 876, 877, 866, 866, 877, 865, 865, 877, 864, 877, 878, 864, 864, 878, 863, 863, 878, 862, 878, 879, 862, 862, 879, 861, 861, 879, 860, 879, 880, 860, 860, 880, 859, 859, 880, 858, 880, 881, 858, 858, 881, 857, 857, 881, 856, 881, 882, 856, 856, 882, 855, 855, 882, 854, 882, 883, 854, 854, 883, 853, 853, 883, 852, 852, 883, 851, 883, 884, 851, 851, 884, 850, 884, 885, 850, 850, 885, 843, 843, 885, 842, 842, 885, 841, 885, 886, 841, 841, 886, 840, 886, 887, 840, 887, 888, 840, 840, 888, 839, 839, 888, 838, 888, 889, 838, 838, 889, 837, 889, 890, 837, 837, 890, 742, 890, 891, 742, 891, 892, 742, 742, 892, 741, 741, 892, 740, 892, 893, 740, 740, 893, 126, 126, 893, 127, 127, 893, 129, 893, 894, 129, 894, 895, 129, 129, 895, 132, 895, 896, 132, 132, 896, 133, 896, 897, 133, 133, 897, 135, 135, 897, 137, 897, 898, 137, 898, 899, 137, 137, 899, 140, 899, 900, 140, 140, 900, 141, 141, 900, 143, 900, 901, 143, 143, 901, 874, 901, 875, 874, 874, 875, 873, 890, 889, 902, 902, 889, 888, 902, 903, 890, 890, 903, 891, 875, 901, 904, 901, 900, 904, 904, 900, 905, 900, 906, 905, 906, 907, 905, 905, 907, 876, 907, 877, 876, 875, 904, 876, 904, 905, 876, 900, 899, 906, 899, 898, 906, 906, 898, 908, 898, 897, 908, 908, 897, 909, 909, 897, 910, 897, 896, 910, 896, 895, 910, 910, 895, 911, 895, 894, 911, 911, 894, 912, 894, 893, 912, 912, 893, 913, 893, 892, 913, 913, 892, 914, 892, 891, 914, 891, 903, 914, 914, 903, 915, 903, 902, 915, 915, 916, 914, 914, 916, 913, 913, 916, 912, 916, 917, 912, 912, 917, 911, 911, 917, 910, 917, 918, 910, 918, 919, 910, 910, 919, 909, 919, 920, 909, 909, 920, 908, 908, 920, 906, 920, 921, 906, 906, 921, 907, 907, 921, 877, 921, 922, 877, 877, 922, 878, 922, 923, 878, 878, 923, 924, 924, 923, 925, 923, 920, 925, 920, 919, 925, 919, 918, 925, 925, 918, 926, 918, 917, 926, 926, 917, 927, 927, 917, 915, 917, 916, 915, 921, 920, 922, 920, 923, 922, 878, 924, 879, 927, 928, 926, 926, 928, 925, 928, 927, 929, 927, 915, 929, 929, 915, 930, 915, 902, 930, 930, 902, 931, 931, 902, 932, 902, 888, 932, 932, 888, 933, 888, 887, 933, 933, 887, 934, 887, 886, 934, 886, 885, 934, 934, 885, 935, 885, 884, 935, 884, 883, 935, 935, 883, 936, 883, 882, 936, 936, 882, 937, 882, 938, 937, 938, 939, 937, 937, 939, 934, 934, 939, 933, 933, 939, 932, 932, 939, 931, 939, 940, 931, 931, 940, 930, 930, 940, 929, 940, 928, 929, 935, 936, 934, 936, 937, 934, 882, 881, 938, 881, 941, 938, 938, 941, 939, 939, 941, 940, 941, 942, 940, 940, 942, 943, 942, 880, 943, 943, 880, 944, 880, 879, 944, 944, 879, 945, 879, 924, 945, 924, 925, 945, 925, 928, 945, 945, 928, 944, 944, 928, 943, 928, 940, 943, 941, 881, 942, 881, 880, 942, 226, 225, 161, 161, 225, 163, 225, 946, 163, 163, 946, 165, 165, 946, 167, 167, 946, 947, 947, 946, 948, 946, 223, 948, 948, 223, 949, 223, 214, 949, 949, 214, 950, 214, 951, 950, 950, 951, 952, 951, 213, 952, 952, 213, 953, 954, 955, 956, 957, 206, 958, 206, 959, 958, 952, 960, 950, 950, 960, 949, 960, 961, 949, 949, 961, 948, 948, 961, 962, 961, 203, 962, 962, 203, 963, 203, 201, 963, 201, 202, 963, 963, 202, 964, 202, 185, 964, 185, 184, 964, 184, 179, 964, 964, 179, 963, 179, 965, 963, 965, 966, 963, 963, 966, 962, 962, 966, 948, 948, 966, 967, 966, 965, 967, 967, 965, 180, 965, 179, 180, 223, 946, 225, 214, 213, 951, 206, 205, 959, 959, 205, 968, 204, 203, 961, 180, 171, 967, 171, 168, 967, 168, 167, 967, 167, 947, 967, 967, 947, 948, 71, 74, 500, 74, 76, 500, 500, 76, 969, 76, 78, 969, 969, 78, 970, 78, 79, 970, 79, 971, 970, 970, 971, 972, 971, 973, 972, 972, 973, 487, 973, 974, 487, 487, 974, 469, 974, 975, 469, 469, 975, 441, 441, 975, 442, 975, 976, 442, 442, 976, 435, 500, 969, 492, 969, 970, 492, 970, 972, 492, 492, 972, 487, 976, 975, 977, 975, 974, 977, 974, 973, 977, 977, 973, 978, 973, 971, 978, 971, 79, 978, 79, 82, 978, 82, 84, 978, 978, 84, 979, 84, 85, 979, 85, 980, 979, 979, 980, 976, 980, 981, 976, 976, 981, 435, 435, 981, 436, 436, 981, 982, 981, 980, 982, 980, 85, 982, 85, 88, 982, 88, 90, 982, 90, 431, 982, 431, 432, 982, 982, 432, 436, 977, 978, 976, 976, 978, 979]
                texCoord2f[] primvars:st = [(0.596008, 0.864916), (0.29892, 0.484016), (0.620816, 0.746389), (0.436094, 0.213323), (0.755923, 0.48172498), (0.783893, 0.590002), (0.009371, 0.286633), (0.922404, 0.685016), (0.037219, 0.34414804), (0.349874, 0.18583202), (0.084647, 0.52453), (0.574362, 0.28120697), (0.259276, 0.172086), (0.762368, 0.650773), (0.370547, 0.292903), (0.765408, 0.538275), (0.241399, 0.48956203), (0.758355, 0.919054), (0.439985, 0.865277), (0.349752, 0.28591), (0.622762, 0.798961), (0.354008, 0.596513), (0.227779, 0.54768), (0.866708, 0.664518), (0.493371, 0.776292), (0.615465, 0.545871), (0.264018, 0.13904798), (0.43281, 0.855631), (0.422595, 0.839474), (0.873153, 0.46942604), (0.501276, 0.802216), (0.576794, 0.79052), (0.431716, 0.508493), (0.4789, 0.87637), (0.390855, 0.29953504), (0.439864, 0.837062), (0.463091, 0.35572302), (0.570835, 0.648843), (0.519152, 0.634615), (0.540555, 0.878299), (0.61887, 0.42939496), (0.292353, 0.33305502), (0.410799, 0.626778), (0.171231, 0.17715001), (0.232157, 0.612309), (0.507478, 0.835736), (0.583969, 0.671994), (0.854547, 0.777619), (0.941497, 0.684654), (0.925931, 0.728062), (0.464307, 0.878299), (0.651461, 0.42204), (0.755801, 0.829828), (0.069932, 0.327749), (0.797269, 0.940999), (0.786081, 0.7863), (0.320323, 0.622678), (0.470995, 0.878179), (0.353279, 0.4681), (0.713725, 0.699244), (0.350968, 0.620146), (0.572538, 0.574327), (0.72394, 0.812947), (0.974452, 0.752418), (0.597103, 0.882037), (0.306216, 0.570107), (0.662649, 0.782924), (0.638814, 0.738552), (0.848831, 0.721671), (0.953901, 0.592052), (0.197134, 0.38381696), (0.887989, 0.751212), (0.887381, 0.656319), (0.475981, 0.13048697), (0.781582, 0.982959), (0.565849, 0.21030802), (0.549067, 0.800769), (0.687701, 0.587591), (0.290286, 0.450616), (0.476346, 0.303634), (0.428676, 0.45821297), (0.648178, 0.602783), (0.528151, 0.28217196), (0.022262, 0.235268), (0.098996, 0.22357202), (0.456402, 0.22417498), (0.806025, 0.586385), (0.469171, 0.829225), (0.469536, 0.566731), (0.407637, 0.608812), (0.892002, 0.521395), (0.472576, 0.542375), (0.162354, 0.515607), (0.376384, 0.526097), (0.685025, 0.986336), (0.651705, 0.81343), (0.438161, 0.566972), (0.328835, 0.27976), (0.901974, 0.575171), (0.224131, 0.646432), (0.096564, 0.130005), (0.91073, 0.709373), (0.741816, 0.748319), (0.169164, 0.20222998), (0.597346, 0.898556), (0.847007, 0.917728), (0.717859, 0.544183), (0.037827, 0.444588), (0.470995, 0.831395), (0.401557, 0.16557503), (0.609385, 0.621593), (0.140343, 0.42939496), (0.897961, 0.561064), (0.8374, 0.701294), (0.437067, 0.14423299), (0.241034, 0.10926598), (0.291502, 0.10613102), (0.362764, 0.38478196), (0.7451, 0.80523), (0.678702, 0.624849), (0.229117, 0.36983), (0.152382, 0.58325), (0.660339, 0.835374), (0.930673, 0.761944), (0.515747, 0.129161), (0.341969, 0.49486804), (0.514044, 0.8115), (0.877409, 0.73192), (0.544811, 0.274817), (0.123683, 0.16762501), (0.648543, 0.883243), (0.269612, 0.44217598), (0.496898, 0.82609), (0.202363, 0.502826), (0.937362, 0.8408), (0.456159, 0.850929), (0.457862, 0.764235), (0.521827, 0.703344), (0.682715, 0.930871), (0.113346, 0.30496097), (0.583118, 0.19788897), (0.137424, 0.6146), (0.609993, 0.825367), (0.480724, 0.51621), (0.811619, 0.742169), (0.596495, 0.915437), (0.750572, 0.987903), (0.423325, 0.603145), (0.379789, 0.05078602), (0.473914, 0.837424), (0.087079, 0.48088098), (0.751423, 0.626537), (0.591144, 0.25745404), (0.846399, 0.672597), (0.821713, 0.560823), (0.518422, 0.795705), (0.531313, 0.806677), (0.511612, 0.552503), (0.268153, 0.533452), (0.484494, 0.711061), (0.438039, 0.739275), (0.032234, 0.260709), (0.092794, 0.30291104), (0.173907, 0.27554), (0.478535, 0.849241), (0.266572, 0.10661298), (0.74668, 0.714678), (0.18546, 0.40552104), (0.408489, 0.588435), (0.19458, 0.638836), (0.530583, 0.748921), (0.12198, 0.286874), (0.684904, 0.41685498), (0.566214, 0.902174), (0.632369, 0.46448302), (0.271558, 0.327991), (0.46005, 0.846467), (0.296731, 0.595187), (0.372858, 0.357893), (0.553202, 0.665603), (0.537758, 0.791485), (0.380154, 0.615203), (0.027856, 0.41432297), (0.193851, 0.174739), (0.952563, 0.638474), (0.141802, 0.13808298), (0.426608, 0.24358702), (0.917905, 0.866121), (0.8177, 0.799202), (0.476832, 0.677058), (0.628964, 0.611465), (0.867316, 0.487633), (0.836792, 0.49607396), (0.455186, 0.515125), (0.493128, 0.684534), (0.718224, 0.41540802), (0.482791, 0.790038), (0.027734, 0.48799503), (0.409097, 0.061034977), (0.321174, 0.211635), (0.039044, 0.2378), (0.4986, 0.621714), (0.356197, 0.25600696), (0.771002, 0.949681), (0.105928, 0.392258), (0.673108, 0.879988), (0.47744, 0.610018), (0.484494, 0.799925), (0.714454, 0.959206), (0.867559, 0.542978), (0.621303, 0.50584), (0.076499, 0.41854298), (0.483156, 0.770746), (0.962413, 0.852255), (0.774164, 0.56444), (0.615587, 0.845021), (0.483886, 0.841283), (0.721143, 0.666568), (0.263532, 0.074781), (0.740843, 0.540566), (0.104347, 0.502826), (0.505897, 0.785094), (0.580199, 0.707443), (0.182784, 0.528629), (0.554905, 0.13832498), (0.046097, 0.21693999), (0.772583, 0.620146), (0.108239, 0.13953), (0.165759, 0.29700303), (0.515747, 0.76544), (0.532529, 0.572398), (0.260005, 0.617494), (0.718346, 0.989591), (0.444485, 0.846709), (0.426487, 0.10323703), (0.331997, 0.46363902), (0.46528, 0.640765), (0.238602, 0.29000902), (0.10532, 0.32244396), (0.204917, 0.605677), (0.440593, 0.433856), (0.364953, 0.11794698), (0.258789, 0.041381), (0.84117, 0.539843), (0.055096, 0.30821598), (0.492641, 0.848517), (0.559404, 0.79679), (0.458834, 0.824643), (0.849318, 0.813912), (0.111522, 0.59579), (0.502127, 0.191257), (0.36471, 0.44169402), (0.436094, 0.37682402), (0.28761, 0.140495), (0.448741, 0.820061), (0.491182, 0.746028), (0.563296, 0.720345), (0.690376, 0.85117), (0.881909, 0.530076), (0.186919, 0.228033), (0.420893, 0.879023), (0.46455, 0.814635), (0.212821, 0.20235002), (0.217321, 0.392619), (0.086714, 0.573122), (0.143991, 0.29169703), (0.079782, 0.28217196), (0.312905, 0.337878), (0.470022, 0.47473204), (0.064095, 0.14990002), (0.657055, 0.728906), (0.793864, 0.667653), (0.074067, 0.24081397), (0.220118, 0.338722), (0.86841, 0.946545), (0.463212, 0.864313), (0.019951, 0.349694), (0.534596, 0.478711), (0.514409, 0.35114098), (0.855276, 0.877214), (0.15372, 0.412273), (0.751302, 0.450858), (0.405935, 0.236112), (0.482913, 0.060190976), (0.75118, 0.568419), (0.885435, 0.785577), (0.783163, 0.644503), (0.421622, 0.756277), (0.484494, 0.741928), (0.178163, 0.59579), (0.488507, 0.816806), (0.063608, 0.546715), (0.681863, 0.827658), (0.433175, 0.827658), (0.446552, 0.184143), (0.199566, 0.33124602), (0.477197, 0.789917), (0.551743, 0.780392), (0.182298, 0.492095), (0.64684, 0.49535), (0.534475, 0.717933), (0.049137, 0.260589), (0.695848, 0.548886), (0.411164, 0.867086), (0.236049, 0.45640397), (0.151774, 0.271079), (0.871937, 0.902897), (0.782676, 0.48425698), (0.546027, 0.830672), (0.454092, 0.833445), (0.438526, 0.07273102), (0.733912, 0.925686), (0.236535, 0.07876003), (0.377479, 0.26203597), (0.490817, 0.883123), (0.609507, 0.72131), (0.320323, 0.49052703), (0.742059, 0.862866), (0.214889, 0.446396), (0.568038, 0.831998), (0.546392, 0.734211), (0.449227, 0.530558), (0.655353, 0.953418), (0.099726, 0.339204), (0.903798, 0.73602), (0.535447, 0.36802197), (0.507234, 0.889151), (0.119183, 0.357773), (0.118332, 0.34161603), (0.067743, 0.260709), (0.142897, 0.22501898), (0.542136, 0.869256), (0.672256, 0.804748), (0.69293, 0.796428), (0.709347, 0.732161), (0.787662, 0.846226), (0.831198, 0.889754), (0.462483, 0.498003), (0.148369, 0.180888), (0.997436, 0.690563), (0.280435, 0.41781998), (0.486318, 0.649085), (0.860384, 0.599769), (0.495438, 0.83863), (0.864519, 0.506684), (0.378451, 0.15822), (0.252709, 0.556603), (0.223036, 0.513075), (0.733912, 0.781356), (0.453119, 0.785215), (0.896015, 0.674405), (0.688673, 0.651496), (0.421987, 0.34318304), (0.262316, 0.500173), (0.353765, 0.0061730146), (0.454335, 0.600734), (0.7648, 0.855028), (0.538609, 0.23743796), (0.082579, 0.122408986), (0.960711, 0.68791), (0.27776, 0.47569597), (0.510518, 0.824884), (0.500546, 0.855511), (0.057163, 0.364766), (0.063608, 0.177391), (0.91681, 0.784974), (0.943199, 0.70877), (0.846642, 0.624969), (0.469414, 0.32931697), (0.921674, 0.511507), (0.042692, 0.285307), (0.282624, 0.360426), (0.998044, 0.723721), (0.418217, 0.274334), (0.91681, 0.666086), (0.603426, 0.804869), (0.273017, 0.23659402), (0.281287, 0.17304999), (0.877044, 0.578306), (0.667635, 0.594946), (0.42746, 0.847432), (0.363615, 0.49848497), (0.753126, 0.682243), (0.424906, 0.793414), (0.877896, 0.638112), (0.663014, 0.694421), (0.189229, 0.35319102), (0.684782, 0.517416), (0.072729, 0.303514), (0.255749, 0.20391798), (0.792648, 0.7529), (0.725886, 0.896506), (0.471725, 0.412997), (0.123804, 0.48281002), (0.215983, 0.11372697), (0.179744, 0.457972), (0.277274, 0.20476198), (0.299163, 0.20669103), (0.424298, 0.17389399), (0.541893, 0.764235), (0.502735, 0.754106), (0.50164, 0.458695), (0.55527, 0.629431), (0.396936, 0.42119598), (0.479508, 0.387555), (0.557458, 0.262397), (0.519882, 0.40986204), (0.11821, 0.379838), (0.597103, 0.696109), (0.411286, 0.83031), (0.506383, 0.724083), (0.703023, 0.764476), (0.44412, 0.547801), (0.883125, 0.822352), (0.673594, 0.48727202), (0.553202, 0.592173), (0.602818, 0.754106), (0.773434, 0.763511), (0.342212, 0.37839103), (0.722359, 0.44965196), (0.14691, 0.20307398), (0.434999, 0.704911), (0.461875, 0.794379), (0.471238, 0.824643), (0.844818, 0.45109904), (0.471603, 0.706599), (0.452511, 0.896989), (0.359602, 0.573363), (0.570349, 0.862745), (0.165516, 0.628466), (0.215862, 0.172809), (0.797634, 0.810053), (0.639544, 0.640644), (0.385991, 0.571072), (0.397058, 0.832481), (0.995004, 0.757362), (0.914864, 0.607365), (0.507842, 0.692733), (0.3821, 0.593137), (0.311081, 0.45809197), (0.618506, 0.964632), (0.669216, 0.659575), (0.102523, 0.18944901), (0.814295, 0.43638802), (0.261829, 0.35403502), (0.852723, 0.580477), (0.709955, 0.642573), (0.809795, 0.46255302), (0.472211, 0.7904), (0.367142, 0.549609), (0.322512, 0.37224197), (0.259276, 0.40998197), (0.511977, 0.875285), (0.525232, 0.914231), (0.536907, 0.684293), (0.527543, 0.389605), (0.943807, 0.618338), (0.805296, 0.689719), (0.103131, 0.359823), (0.835576, 0.652581), (0.552351, 0.18197298), (0.988072, 0.790761), (0.125264, 0.18559003), (0.877774, 0.86166), (0.206011, 0.414685), (0.300866, 0.30471897), (0.342212, 0.31545103), (0.402287, 0.337034), (0.518057, 0.17220598), (0.765773, 0.706599), (0.039773, 0.19342798), (0.793621, 0.61472), (0.259397, 0.295435), (0.144356, 0.540204), (0.33297, 0.343907), (0.90392, 0.69213), (0.637598, 0.534055), (0.325309, 0.597237), (0.55527, 0.30737197), (0.280071, 0.30037904), (0.730263, 0.634133), (0.815024, 0.609536), (0.712144, 0.844176), (0.806998, 0.900606), (0.529367, 0.30411696), (0.946847, 0.773157), (0.319107, 0.038848996), (0.293447, 0.23900598), (0.760422, 0.739758), (0.589077, 0.828743), (0.467712, 0.766043), (0.521219, 0.846829), (0.613398, 0.777016), (0.899055, 0.844056), (0.217199, 0.14254498), (0.195431, 0.27976), (0.919242, 0.553709), (0.510761, 0.505237), (0.170623, 0.15206999), (0.286759, 0.650531), (0.804079, 0.638233), (0.485345, 0.363199), (0.123318, 0.523083), (0.053515, 0.335949), (0.437431, 0.282533), (0.443269, 0.63558), (0.343428, 0.43699098), (0.965453, 0.783527), (0.437431, 0.772916), (0.451903, 0.11529499), (0.459807, 0.15689301), (0.105077, 0.094917), (0.740722, 0.601095), (0.814781, 0.660298), (0.749478, 0.890236), (0.191054, 0.11987603), (0.589685, 0.634013), (0.418582, 0.427104), (0.27095, 0.385988), (0.302933, 0.36609304), (0.949523, 0.546957), (0.172691, 0.06995797), (0.42904, 0.31279802), (0.765895, 0.796549), (0.467225, 0.820905), (0.632491, 0.67742), (0.047678, 0.404074), (0.624343, 0.944857), (0.39803, 0.267582), (0.120643, 0.22429502), (0.200782, 0.057780027), (0.399611, 0.844779), (0.782312, 0.425416), (0.593211, 0.22345102), (0.514166, 0.27059603), (0.125507, 0.446396), (0.473184, 0.767852), (0.469901, 0.737587), (0.825239, 0.63148), (0.89188, 0.613394), (0.094254, 0.24226099), (0.630788, 0.820302), (0.489601, 0.806074), (0.476103, 0.531161), (0.178771, 0.32425296), (0.522192, 0.326905), (0.468806, 0.860937), (0.678094, 0.904706), (0.050475, 0.172809), (0.579834, 0.48883903), (0.71336, 0.788832), (0.425027, 0.527906), (0.060447, 0.282654), (0.82451, 0.764114), (0.817578, 0.710699), (0.863059, 0.837786), (0.654258, 0.563476), (0.976276, 0.661745), (0.446066, 0.799925), (0.109211, 0.174739), (0.461145, 0.57481), (0.936024, 0.600131), (0.100334, 0.283257), (0.91304, 0.725289), (0.157976, 0.048494995), (0.20893, 0.22996199), (0.392315, 0.795343), (0.173299, 0.42577803), (0.597467, 0.518862), (0.741573, 0.658248), (0.055947, 0.239488), (0.200174, 0.46882296), (0.400219, 0.526941), (0.492885, 0.41974902), (0.43585, 0.816444), (0.054123, 0.197407), (0.068229, 0.20162702), (0.811254, 0.973916), (0.910365, 0.538757), (0.809065, 0.835736), (0.308162, 0.274817), (0.076985, 0.15496397), (0.838859, 0.473526), (0.158949, 0.36356103), (0.143748, 0.46448302), (0.087322, 0.16195703), (0.915837, 0.75073), (0.07127, 0.457489), (0.533015, 0.527544), (0.496654, 0.868292), (0.062149, 0.22007501), (0.400584, 0.09346998), (0.442539, 0.349212), (0.311932, 0.39949203), (0.43962, 0.488236), (0.147153, 0.15870202), (0.728804, 0.481243), (0.446795, 0.25299203), (0.505045, 0.658731), (0.470874, 0.838751), (0.457983, 0.672115), (0.642462, 0.791726), (0.535934, 0.154482), (0.701078, 0.48244798), (0.015452, 0.25902104), (0.234468, 0.20307398), (0.837157, 0.604351), (0.456889, 0.29242098), (0.463091, 0.900003), (0.044029, 0.517777), (0.456037, 0.864795), (0.115413, 0.24418998), (0.514409, 0.596152), (0.501884, 0.393584), (0.593454, 0.558894), (0.864883, 0.525253), (0.63322, 0.572398), (0.978101, 0.604833), (0.342456, 0.548765), (0.392923, 0.19776899), (0.292475, 0.540687), (0.511004, 0.08297998), (0.18777, 0.30279), (0.465888, 0.26444697), (0.867194, 0.712025), (0.452146, 0.59591), (0.970196, 0.634495), (0.319107, 0.0019530058), (0.158098, 0.10601002), (0.733425, 0.690322), (0.655353, 0.929062), (0.453848, 0.810174), (0.894313, 0.505599), (0.079661, 0.380803), (0.546392, 0.339445), (0.535326, 0.109025), (0.4547, 0.703826), (0.497749, 0.15002), (0.785838, 0.511869), (0.475738, 0.829948), (0.894434, 0.547318), (0.692079, 0.45121896), (0.544568, 0.845262), (0.050596, 0.47292304), (0.229725, 0.048254013), (0.444849, 0.826934), (0.363859, 0.224657), (0.178042, 0.37429202), (0.444849, 0.757724), (0.122223, 0.41155), (0.907568, 0.590846), (0.386234, 0.44687903), (0.582996, 0.26878798), (0.413353, 0.13422501), (0.058379, 0.43180704), (0.661555, 0.455922), (0.022018, 0.382491), (0.437188, 0.890598), (0.28761, 0.271079), (0.772948, 0.882037), (0.41992, 0.027032971), (0.47817, 0.739034), (0.969345, 0.583371), (0.574727, 0.740602), (0.284692, 0.0026770234), (0.484737, 0.827055), (0.436337, 0.670668), (0.685025, 0.958603), (0.527543, 0.778463), (0.550648, 0.701415), (0.448619, 0.32039404), (0.288705, 0.038608015), (0.561593, 0.915557), (0.960103, 0.56444), (0.13937, 0.35234702), (0.249912, 0.37827098), (0.960467, 0.71516), (0.900758, 0.804869), (0.760301, 0.511146), (0.651461, 0.761341), (0.127574, 0.567334), (0.601845, 0.660057), (0.900393, 0.631119), (0.412988, 0.766767), (0.33224, 0.40552104), (0.289434, 0.621352), (0.938213, 0.662348), (0.674567, 0.555397), (0.166367, 0.12807602), (0.313756, 0.24322599), (0.086592, 0.322685), (0.846277, 0.560461), (0.092429, 0.405159), (0.310594, 0.14338899), (0.457618, 0.38225), (0.943929, 0.880952), (0.450322, 0.465447), (0.940037, 0.735296), (0.256965, 0.466412), (0.030531, 0.214046), (0.468077, 0.19716597), (0.528151, 0.821749), (0.142532, 0.500535), (0.842629, 0.753744), (0.480237, 0.803542), (0.079417, 0.22236598), (0.773191, 0.674767), (0.304271, 0.17606497), (0.822321, 0.930629), (0.829617, 0.825246), (0.23009, 0.31520998), (0.164665, 0.226224), (0.226928, 0.42421), (0.498235, 0.31533003), (0.412623, 0.567696), (0.708131, 0.580597), (0.349387, 0.043672025), (0.605372, 0.475334), (0.780609, 0.45471597), (0.719562, 0.869739), (0.518301, 0.735055), (0.555878, 0.506323), (0.932011, 0.642694), (0.569619, 0.847794), (0.956211, 0.744098), (0.48498, 0.27783096), (0.779271, 0.730353), (0.536055, 0.19692498), (0.568525, 0.889634), (0.733912, 0.837183), (0.20966, 0.08503002), (0.586888, 0.947992), (0.24602, 0.263241), (0.190689, 0.566731), (0.638206, 0.841162), (0.474157, 0.8115), (0.169286, 0.34463), (0.283962, 0.508975), (0.237629, 0.17184502), (0.071999, 0.354276), (0.552594, 0.551177), (0.938335, 0.557688), (0.117724, 0.15146697), (0.836306, 0.78847), (0.477684, 0.768937), (0.374438, 0.47244096), (0.667757, 0.857199), (0.507234, 0.23153001), (0.883733, 0.59579), (0.937362, 0.529955), (0.279463, 0.564802), (0.428676, 0.402507), (0.21574, 0.575292), (0.193851, 0.146644), (0.476103, 0.23755902), (0.551378, 0.22345102), (0.409948, 0.30580497), (0.564998, 0.814153), (0.929336, 0.583612), (0.135479, 0.310507), (0.33297, 0.14688498), (0.166732, 0.554794), (0.471725, 0.902053), (0.521827, 0.670185), (0.915229, 0.524771), (0.825969, 0.680917), (0.632004, 0.769902), (0.604764, 0.24418998), (0.481818, 0.446396), (0.318134, 0.07357502), (0.659001, 0.632686), (0.62337, 0.884087), (0.37383, 0.08503002), (0.928728, 0.541531), (0.962048, 0.611585), (0.451416, 0.856475), (0.472941, 0.855993), (0.436702, 0.614238), (0.958157, 0.662468), (0.346104, 0.07755399), (0.230698, 0.23213303), (0.921066, 0.905791), (0.456889, 0.736261), (0.385626, 0.501861), (0.926904, 0.705273), (0.743275, 0.956553), (0.837887, 0.51838), (0.107995, 0.42662203), (0.489601, 0.49113), (0.384775, 0.23044503), (0.241764, 0.582527), (0.025788, 0.286995), (0.537636, 0.88674), (0.592968, 0.847191), (0.463212, 0.840921), (0.415055, 0.370916), (0.857222, 0.692251), (0.543717, 0.857319), (0.001953, 0.351744), (0.420528, 0.804748), (0.652921, 0.90555), (0.894313, 0.719742), (0.56062, 0.457851), (0.68308, 0.772916), (0.101915, 0.20560598), (0.719562, 0.608571), (0.626775, 0.712869), (0.68162, 0.684654), (0.244804, 0.523565), (0.065919, 0.499691), (0.651097, 0.667894), (0.585428, 0.762185), (0.537636, 0.648843), (0.790581, 0.537552), (0.135235, 0.39671898), (0.332848, 0.572881), (0.217199, 0.28470397), (0.569862, 0.876973), (0.979438, 0.690563), (0.487047, 0.860937), (0.340753, 0.11095399), (0.80566, 0.775207), (0.45324, 0.875526), (0.79654, 0.872874), (0.015087, 0.455801), (0.301717, 0.425416), (0.224739, 0.25914204), (0.933592, 0.800166), (0.322512, 0.43180704), (0.492885, 0.10661298), (0.183514, 0.09443498), (0.55831, 0.751936), (0.573511, 0.612309), (0.59236, 0.596755), (0.329808, 0.520792), (0.488993, 0.534899), (0.8419, 0.85129), (0.619965, 0.864674), (0.371398, 0.19161898), (0.007061, 0.421678), (0.02141, 0.31738), (0.815754, 0.537913), (0.395963, 0.477143), (0.450322, 0.839715), (0.147518, 0.38104403), (0.525962, 0.25226903), (0.504437, 0.846226), (0.159071, 0.24937499), (0.267059, 0.267582), (0.064946, 0.39274), (0.290772, 0.072128), (0.797877, 0.561908), (0.518544, 0.857922), (0.157368, 0.317259), (0.895529, 0.927615), (0.75045, 0.41794002), (0.626045, 0.903982), (0.993423, 0.658972), (0.55454, 0.927133), (0.4305, 0.783406), (0.194094, 0.43663), (0.3534, 0.41082597), (0.219388, 0.017145991), (0.829009, 0.582888), (0.440107, 0.808124), (0.507478, 0.37224197), (0.762246, 0.594705), (0.46151, 0.43904102), (0.316188, 0.10697502), (0.644651, 0.704067), (0.953049, 0.812947), (0.811619, 0.51416), (0.384167, 0.390449), (0.4063, 0.396357), (0.670797, 0.750971), (0.241034, 0.34668), (0.414569, 0.20488298), (0.577402, 0.23647296), (0.702415, 0.90133), (0.317404, 0.545751), (0.524381, 0.835254), (0.417852, 0.547439), (0.403868, 0.855269), (0.495195, 0.716487), (0.70886, 0.930147), (0.091092, 0.44169402), (0.334673, 0.24925399), (0.382343, 0.33003998), (0.702658, 0.820061), (0.532286, 0.899883), (0.321539, 0.30930102), (0.614736, 0.686463), (0.520976, 0.213202), (0.727831, 0.723118), (0.709468, 0.513316), (0.382829, 0.636424), (0.128912, 0.366575), (0.342699, 0.21814597), (0.782676, 0.910614), (0.393409, 0.364766), (0.395841, 0.814756), (0.566701, 0.685619), (0.871694, 0.765199), (0.856614, 0.644864), (0.568282, 0.770987), (0.809795, 0.488598), (0.4986, 0.815118), (0.840319, 0.961738), (0.700956, 0.675732), (0.515747, 0.86576), (0.352427, 0.644382), (0.595035, 0.783647), (0.252222, 0.23478502), (0.566822, 0.24949598), (0.1598, 0.44507003), (0.388788, 0.126508), (0.69901, 0.616529), (0.220604, 0.47907197), (0.250763, 0.32208204), (0.209052, 0.36139), (0.570957, 0.16846901), (0.483642, 0.904947), (0.004264, 0.31810296), (0.694511, 0.708408), (0.784987, 0.698159), (0.130006, 0.26722002), (0.729291, 0.573966), (0.419069, 0.8197), (0.105198, 0.547318), (0.450079, 0.40805304), (0.092673, 0.36970997), (0.86768, 0.800528), (0.574605, 0.533693), (0.876558, 0.683449), (0.868775, 0.619182), (0.734763, 0.510904), (0.254898, 0.649808), (0.204674, 0.538637), (0.392436, 0.549006), (0.500668, 0.908444), (0.495317, 0.25299203), (0.946118, 0.574448), (0.546635, 0.814394), (0.095226, 0.16979504), (0.923499, 0.624366), (0.591995, 0.730353), (0.107022, 0.46255302), (0.488264, 0.21296102), (0.038071, 0.31364202), (0.132682, 0.12072003), (0.626532, 0.924118), (0.306581, 0.515848), (0.166124, 0.39418697), (0.191054, 0.201989), (0.362399, 0.32256496), (0.899785, 0.490045), (0.675905, 0.718295), (0.753855, 0.773037), (0.319593, 0.648482), (0.268639, 0.589279), (0.978709, 0.720948), (0.690376, 0.741084), (0.040138, 0.374412), (0.108482, 0.263965), (0.593576, 0.931835), (0.588225, 0.441211), (0.07504, 0.18317902), (0.451903, 0.041261017), (0.291745, 0.393102), (0.909149, 0.648602), (0.467347, 0.556844), (0.986492, 0.629792), (0.123804, 0.20464098), (0.644043, 0.861781), (0.407151, 0.45206296), (0.087444, 0.261674), (0.660582, 0.524047), (0.871329, 0.560823), (0.162719, 0.479434), (0.417488, 0.48196602), (0.535204, 0.612188), (0.355224, 0.15195), (0.352792, 0.3509), (0.481697, 0.17232698), (0.405935, 0.777498), (0.777204, 0.820664), (0.722845, 0.756759), (0.209052, 0.30845702), (0.408489, 0.504876), (0.24067, 0.14001298), (0.819889, 0.863107), (0.651097, 0.977775), (0.375411, 0.41577), (0.512828, 0.433374), (0.002561, 0.386711), (0.798364, 0.720586), (0.130006, 0.06947601), (0.584091, 0.809571), (0.504924, 0.291938), (0.387207, 0.015819013), (0.202971, 0.25552404), (0.085498, 0.34499204), (0.083674, 0.20500302), (0.8858, 0.701897), (0.6967, 0.875285), (0.46455, 0.829828), (0.25125, 0.008222997), (0.145815, 0.086355984), (0.92362, 0.568178), (0.901487, 0.768937), (0.248331, 0.433495), (0.327376, 0.18064702), (0.859898, 0.743254), (0.490817, 0.339445), (0.612547, 0.58325), (0.97652, 0.822352), (0.086349, 0.18848401), (0.180838, 0.25226903), (0.490939, 0.794861), (0.238116, 0.401421), (0.493249, 0.580356), (0.433418, 0.587832), (0.126723, 0.327267), (0.62033, 0.649687), (0.830468, 0.731679), (0.13706, 0.24636102), (0.148612, 0.335707), (0.352792, 0.523806), (0.120399, 0.10613102), (0.917905, 0.824643), (0.467104, 0.08708), (0.188135, 0.030771017), (0.895407, 0.885655)] (
                    interpolation = "faceVarying"
                )
                texCoord2f[] primvars:st1 = [(0.596008, 0.864916), (0.29892, 0.484016), (0.620816, 0.746389), (0.436094, 0.213323), (0.755923, 0.48172498), (0.783893, 0.590002), (0.009371, 0.286633), (0.922404, 0.685016), (0.037219, 0.34414804), (0.349874, 0.18583202), (0.084647, 0.52453), (0.574362, 0.28120697), (0.259276, 0.172086), (0.762368, 0.650773), (0.370547, 0.292903), (0.765408, 0.538275), (0.241399, 0.48956203), (0.758355, 0.919054), (0.439985, 0.865277), (0.349752, 0.28591), (0.622762, 0.798961), (0.354008, 0.596513), (0.227779, 0.54768), (0.866708, 0.664518), (0.493371, 0.776292), (0.615465, 0.545871), (0.264018, 0.13904798), (0.43281, 0.855631), (0.422595, 0.839474), (0.873153, 0.46942604), (0.501276, 0.802216), (0.576794, 0.79052), (0.431716, 0.508493), (0.4789, 0.87637), (0.390855, 0.29953504), (0.439864, 0.837062), (0.463091, 0.35572302), (0.570835, 0.648843), (0.519152, 0.634615), (0.540555, 0.878299), (0.61887, 0.42939496), (0.292353, 0.33305502), (0.410799, 0.626778), (0.171231, 0.17715001), (0.232157, 0.612309), (0.507478, 0.835736), (0.583969, 0.671994), (0.854547, 0.777619), (0.941497, 0.684654), (0.925931, 0.728062), (0.464307, 0.878299), (0.651461, 0.42204), (0.755801, 0.829828), (0.069932, 0.327749), (0.797269, 0.940999), (0.786081, 0.7863), (0.320323, 0.622678), (0.470995, 0.878179), (0.353279, 0.4681), (0.713725, 0.699244), (0.350968, 0.620146), (0.572538, 0.574327), (0.72394, 0.812947), (0.974452, 0.752418), (0.597103, 0.882037), (0.306216, 0.570107), (0.662649, 0.782924), (0.638814, 0.738552), (0.848831, 0.721671), (0.953901, 0.592052), (0.197134, 0.38381696), (0.887989, 0.751212), (0.887381, 0.656319), (0.475981, 0.13048697), (0.781582, 0.982959), (0.565849, 0.21030802), (0.549067, 0.800769), (0.687701, 0.587591), (0.290286, 0.450616), (0.476346, 0.303634), (0.428676, 0.45821297), (0.648178, 0.602783), (0.528151, 0.28217196), (0.022262, 0.235268), (0.098996, 0.22357202), (0.456402, 0.22417498), (0.806025, 0.586385), (0.469171, 0.829225), (0.469536, 0.566731), (0.407637, 0.608812), (0.892002, 0.521395), (0.472576, 0.542375), (0.162354, 0.515607), (0.376384, 0.526097), (0.685025, 0.986336), (0.651705, 0.81343), (0.438161, 0.566972), (0.328835, 0.27976), (0.901974, 0.575171), (0.224131, 0.646432), (0.096564, 0.130005), (0.91073, 0.709373), (0.741816, 0.748319), (0.169164, 0.20222998), (0.597346, 0.898556), (0.847007, 0.917728), (0.717859, 0.544183), (0.037827, 0.444588), (0.470995, 0.831395), (0.401557, 0.16557503), (0.609385, 0.621593), (0.140343, 0.42939496), (0.897961, 0.561064), (0.8374, 0.701294), (0.437067, 0.14423299), (0.241034, 0.10926598), (0.291502, 0.10613102), (0.362764, 0.38478196), (0.7451, 0.80523), (0.678702, 0.624849), (0.229117, 0.36983), (0.152382, 0.58325), (0.660339, 0.835374), (0.930673, 0.761944), (0.515747, 0.129161), (0.341969, 0.49486804), (0.514044, 0.8115), (0.877409, 0.73192), (0.544811, 0.274817), (0.123683, 0.16762501), (0.648543, 0.883243), (0.269612, 0.44217598), (0.496898, 0.82609), (0.202363, 0.502826), (0.937362, 0.8408), (0.456159, 0.850929), (0.457862, 0.764235), (0.521827, 0.703344), (0.682715, 0.930871), (0.113346, 0.30496097), (0.583118, 0.19788897), (0.137424, 0.6146), (0.609993, 0.825367), (0.480724, 0.51621), (0.811619, 0.742169), (0.596495, 0.915437), (0.750572, 0.987903), (0.423325, 0.603145), (0.379789, 0.05078602), (0.473914, 0.837424), (0.087079, 0.48088098), (0.751423, 0.626537), (0.591144, 0.25745404), (0.846399, 0.672597), (0.821713, 0.560823), (0.518422, 0.795705), (0.531313, 0.806677), (0.511612, 0.552503), (0.268153, 0.533452), (0.484494, 0.711061), (0.438039, 0.739275), (0.032234, 0.260709), (0.092794, 0.30291104), (0.173907, 0.27554), (0.478535, 0.849241), (0.266572, 0.10661298), (0.74668, 0.714678), (0.18546, 0.40552104), (0.408489, 0.588435), (0.19458, 0.638836), (0.530583, 0.748921), (0.12198, 0.286874), (0.684904, 0.41685498), (0.566214, 0.902174), (0.632369, 0.46448302), (0.271558, 0.327991), (0.46005, 0.846467), (0.296731, 0.595187), (0.372858, 0.357893), (0.553202, 0.665603), (0.537758, 0.791485), (0.380154, 0.615203), (0.027856, 0.41432297), (0.193851, 0.174739), (0.952563, 0.638474), (0.141802, 0.13808298), (0.426608, 0.24358702), (0.917905, 0.866121), (0.8177, 0.799202), (0.476832, 0.677058), (0.628964, 0.611465), (0.867316, 0.487633), (0.836792, 0.49607396), (0.455186, 0.515125), (0.493128, 0.684534), (0.718224, 0.41540802), (0.482791, 0.790038), (0.027734, 0.48799503), (0.409097, 0.061034977), (0.321174, 0.211635), (0.039044, 0.2378), (0.4986, 0.621714), (0.356197, 0.25600696), (0.771002, 0.949681), (0.105928, 0.392258), (0.673108, 0.879988), (0.47744, 0.610018), (0.484494, 0.799925), (0.714454, 0.959206), (0.867559, 0.542978), (0.621303, 0.50584), (0.076499, 0.41854298), (0.483156, 0.770746), (0.962413, 0.852255), (0.774164, 0.56444), (0.615587, 0.845021), (0.483886, 0.841283), (0.721143, 0.666568), (0.263532, 0.074781), (0.740843, 0.540566), (0.104347, 0.502826), (0.505897, 0.785094), (0.580199, 0.707443), (0.182784, 0.528629), (0.554905, 0.13832498), (0.046097, 0.21693999), (0.772583, 0.620146), (0.108239, 0.13953), (0.165759, 0.29700303), (0.515747, 0.76544), (0.532529, 0.572398), (0.260005, 0.617494), (0.718346, 0.989591), (0.444485, 0.846709), (0.426487, 0.10323703), (0.331997, 0.46363902), (0.46528, 0.640765), (0.238602, 0.29000902), (0.10532, 0.32244396), (0.204917, 0.605677), (0.440593, 0.433856), (0.364953, 0.11794698), (0.258789, 0.041381), (0.84117, 0.539843), (0.055096, 0.30821598), (0.492641, 0.848517), (0.559404, 0.79679), (0.458834, 0.824643), (0.849318, 0.813912), (0.111522, 0.59579), (0.502127, 0.191257), (0.36471, 0.44169402), (0.436094, 0.37682402), (0.28761, 0.140495), (0.448741, 0.820061), (0.491182, 0.746028), (0.563296, 0.720345), (0.690376, 0.85117), (0.881909, 0.530076), (0.186919, 0.228033), (0.420893, 0.879023), (0.46455, 0.814635), (0.212821, 0.20235002), (0.217321, 0.392619), (0.086714, 0.573122), (0.143991, 0.29169703), (0.079782, 0.28217196), (0.312905, 0.337878), (0.470022, 0.47473204), (0.064095, 0.14990002), (0.657055, 0.728906), (0.793864, 0.667653), (0.074067, 0.24081397), (0.220118, 0.338722), (0.86841, 0.946545), (0.463212, 0.864313), (0.019951, 0.349694), (0.534596, 0.478711), (0.514409, 0.35114098), (0.855276, 0.877214), (0.15372, 0.412273), (0.751302, 0.450858), (0.405935, 0.236112), (0.482913, 0.060190976), (0.75118, 0.568419), (0.885435, 0.785577), (0.783163, 0.644503), (0.421622, 0.756277), (0.484494, 0.741928), (0.178163, 0.59579), (0.488507, 0.816806), (0.063608, 0.546715), (0.681863, 0.827658), (0.433175, 0.827658), (0.446552, 0.184143), (0.199566, 0.33124602), (0.477197, 0.789917), (0.551743, 0.780392), (0.182298, 0.492095), (0.64684, 0.49535), (0.534475, 0.717933), (0.049137, 0.260589), (0.695848, 0.548886), (0.411164, 0.867086), (0.236049, 0.45640397), (0.151774, 0.271079), (0.871937, 0.902897), (0.782676, 0.48425698), (0.546027, 0.830672), (0.454092, 0.833445), (0.438526, 0.07273102), (0.733912, 0.925686), (0.236535, 0.07876003), (0.377479, 0.26203597), (0.490817, 0.883123), (0.609507, 0.72131), (0.320323, 0.49052703), (0.742059, 0.862866), (0.214889, 0.446396), (0.568038, 0.831998), (0.546392, 0.734211), (0.449227, 0.530558), (0.655353, 0.953418), (0.099726, 0.339204), (0.903798, 0.73602), (0.535447, 0.36802197), (0.507234, 0.889151), (0.119183, 0.357773), (0.118332, 0.34161603), (0.067743, 0.260709), (0.142897, 0.22501898), (0.542136, 0.869256), (0.672256, 0.804748), (0.69293, 0.796428), (0.709347, 0.732161), (0.787662, 0.846226), (0.831198, 0.889754), (0.462483, 0.498003), (0.148369, 0.180888), (0.997436, 0.690563), (0.280435, 0.41781998), (0.486318, 0.649085), (0.860384, 0.599769), (0.495438, 0.83863), (0.864519, 0.506684), (0.378451, 0.15822), (0.252709, 0.556603), (0.223036, 0.513075), (0.733912, 0.781356), (0.453119, 0.785215), (0.896015, 0.674405), (0.688673, 0.651496), (0.421987, 0.34318304), (0.262316, 0.500173), (0.353765, 0.0061730146), (0.454335, 0.600734), (0.7648, 0.855028), (0.538609, 0.23743796), (0.082579, 0.122408986), (0.960711, 0.68791), (0.27776, 0.47569597), (0.510518, 0.824884), (0.500546, 0.855511), (0.057163, 0.364766), (0.063608, 0.177391), (0.91681, 0.784974), (0.943199, 0.70877), (0.846642, 0.624969), (0.469414, 0.32931697), (0.921674, 0.511507), (0.042692, 0.285307), (0.282624, 0.360426), (0.998044, 0.723721), (0.418217, 0.274334), (0.91681, 0.666086), (0.603426, 0.804869), (0.273017, 0.23659402), (0.281287, 0.17304999), (0.877044, 0.578306), (0.667635, 0.594946), (0.42746, 0.847432), (0.363615, 0.49848497), (0.753126, 0.682243), (0.424906, 0.793414), (0.877896, 0.638112), (0.663014, 0.694421), (0.189229, 0.35319102), (0.684782, 0.517416), (0.072729, 0.303514), (0.255749, 0.20391798), (0.792648, 0.7529), (0.725886, 0.896506), (0.471725, 0.412997), (0.123804, 0.48281002), (0.215983, 0.11372697), (0.179744, 0.457972), (0.277274, 0.20476198), (0.299163, 0.20669103), (0.424298, 0.17389399), (0.541893, 0.764235), (0.502735, 0.754106), (0.50164, 0.458695), (0.55527, 0.629431), (0.396936, 0.42119598), (0.479508, 0.387555), (0.557458, 0.262397), (0.519882, 0.40986204), (0.11821, 0.379838), (0.597103, 0.696109), (0.411286, 0.83031), (0.506383, 0.724083), (0.703023, 0.764476), (0.44412, 0.547801), (0.883125, 0.822352), (0.673594, 0.48727202), (0.553202, 0.592173), (0.602818, 0.754106), (0.773434, 0.763511), (0.342212, 0.37839103), (0.722359, 0.44965196), (0.14691, 0.20307398), (0.434999, 0.704911), (0.461875, 0.794379), (0.471238, 0.824643), (0.844818, 0.45109904), (0.471603, 0.706599), (0.452511, 0.896989), (0.359602, 0.573363), (0.570349, 0.862745), (0.165516, 0.628466), (0.215862, 0.172809), (0.797634, 0.810053), (0.639544, 0.640644), (0.385991, 0.571072), (0.397058, 0.832481), (0.995004, 0.757362), (0.914864, 0.607365), (0.507842, 0.692733), (0.3821, 0.593137), (0.311081, 0.45809197), (0.618506, 0.964632), (0.669216, 0.659575), (0.102523, 0.18944901), (0.814295, 0.43638802), (0.261829, 0.35403502), (0.852723, 0.580477), (0.709955, 0.642573), (0.809795, 0.46255302), (0.472211, 0.7904), (0.367142, 0.549609), (0.322512, 0.37224197), (0.259276, 0.40998197), (0.511977, 0.875285), (0.525232, 0.914231), (0.536907, 0.684293), (0.527543, 0.389605), (0.943807, 0.618338), (0.805296, 0.689719), (0.103131, 0.359823), (0.835576, 0.652581), (0.552351, 0.18197298), (0.988072, 0.790761), (0.125264, 0.18559003), (0.877774, 0.86166), (0.206011, 0.414685), (0.300866, 0.30471897), (0.342212, 0.31545103), (0.402287, 0.337034), (0.518057, 0.17220598), (0.765773, 0.706599), (0.039773, 0.19342798), (0.793621, 0.61472), (0.259397, 0.295435), (0.144356, 0.540204), (0.33297, 0.343907), (0.90392, 0.69213), (0.637598, 0.534055), (0.325309, 0.597237), (0.55527, 0.30737197), (0.280071, 0.30037904), (0.730263, 0.634133), (0.815024, 0.609536), (0.712144, 0.844176), (0.806998, 0.900606), (0.529367, 0.30411696), (0.946847, 0.773157), (0.319107, 0.038848996), (0.293447, 0.23900598), (0.760422, 0.739758), (0.589077, 0.828743), (0.467712, 0.766043), (0.521219, 0.846829), (0.613398, 0.777016), (0.899055, 0.844056), (0.217199, 0.14254498), (0.195431, 0.27976), (0.919242, 0.553709), (0.510761, 0.505237), (0.170623, 0.15206999), (0.286759, 0.650531), (0.804079, 0.638233), (0.485345, 0.363199), (0.123318, 0.523083), (0.053515, 0.335949), (0.437431, 0.282533), (0.443269, 0.63558), (0.343428, 0.43699098), (0.965453, 0.783527), (0.437431, 0.772916), (0.451903, 0.11529499), (0.459807, 0.15689301), (0.105077, 0.094917), (0.740722, 0.601095), (0.814781, 0.660298), (0.749478, 0.890236), (0.191054, 0.11987603), (0.589685, 0.634013), (0.418582, 0.427104), (0.27095, 0.385988), (0.302933, 0.36609304), (0.949523, 0.546957), (0.172691, 0.06995797), (0.42904, 0.31279802), (0.765895, 0.796549), (0.467225, 0.820905), (0.632491, 0.67742), (0.047678, 0.404074), (0.624343, 0.944857), (0.39803, 0.267582), (0.120643, 0.22429502), (0.200782, 0.057780027), (0.399611, 0.844779), (0.782312, 0.425416), (0.593211, 0.22345102), (0.514166, 0.27059603), (0.125507, 0.446396), (0.473184, 0.767852), (0.469901, 0.737587), (0.825239, 0.63148), (0.89188, 0.613394), (0.094254, 0.24226099), (0.630788, 0.820302), (0.489601, 0.806074), (0.476103, 0.531161), (0.178771, 0.32425296), (0.522192, 0.326905), (0.468806, 0.860937), (0.678094, 0.904706), (0.050475, 0.172809), (0.579834, 0.48883903), (0.71336, 0.788832), (0.425027, 0.527906), (0.060447, 0.282654), (0.82451, 0.764114), (0.817578, 0.710699), (0.863059, 0.837786), (0.654258, 0.563476), (0.976276, 0.661745), (0.446066, 0.799925), (0.109211, 0.174739), (0.461145, 0.57481), (0.936024, 0.600131), (0.100334, 0.283257), (0.91304, 0.725289), (0.157976, 0.048494995), (0.20893, 0.22996199), (0.392315, 0.795343), (0.173299, 0.42577803), (0.597467, 0.518862), (0.741573, 0.658248), (0.055947, 0.239488), (0.200174, 0.46882296), (0.400219, 0.526941), (0.492885, 0.41974902), (0.43585, 0.816444), (0.054123, 0.197407), (0.068229, 0.20162702), (0.811254, 0.973916), (0.910365, 0.538757), (0.809065, 0.835736), (0.308162, 0.274817), (0.076985, 0.15496397), (0.838859, 0.473526), (0.158949, 0.36356103), (0.143748, 0.46448302), (0.087322, 0.16195703), (0.915837, 0.75073), (0.07127, 0.457489), (0.533015, 0.527544), (0.496654, 0.868292), (0.062149, 0.22007501), (0.400584, 0.09346998), (0.442539, 0.349212), (0.311932, 0.39949203), (0.43962, 0.488236), (0.147153, 0.15870202), (0.728804, 0.481243), (0.446795, 0.25299203), (0.505045, 0.658731), (0.470874, 0.838751), (0.457983, 0.672115), (0.642462, 0.791726), (0.535934, 0.154482), (0.701078, 0.48244798), (0.015452, 0.25902104), (0.234468, 0.20307398), (0.837157, 0.604351), (0.456889, 0.29242098), (0.463091, 0.900003), (0.044029, 0.517777), (0.456037, 0.864795), (0.115413, 0.24418998), (0.514409, 0.596152), (0.501884, 0.393584), (0.593454, 0.558894), (0.864883, 0.525253), (0.63322, 0.572398), (0.978101, 0.604833), (0.342456, 0.548765), (0.392923, 0.19776899), (0.292475, 0.540687), (0.511004, 0.08297998), (0.18777, 0.30279), (0.465888, 0.26444697), (0.867194, 0.712025), (0.452146, 0.59591), (0.970196, 0.634495), (0.319107, 0.0019530058), (0.158098, 0.10601002), (0.733425, 0.690322), (0.655353, 0.929062), (0.453848, 0.810174), (0.894313, 0.505599), (0.079661, 0.380803), (0.546392, 0.339445), (0.535326, 0.109025), (0.4547, 0.703826), (0.497749, 0.15002), (0.785838, 0.511869), (0.475738, 0.829948), (0.894434, 0.547318), (0.692079, 0.45121896), (0.544568, 0.845262), (0.050596, 0.47292304), (0.229725, 0.048254013), (0.444849, 0.826934), (0.363859, 0.224657), (0.178042, 0.37429202), (0.444849, 0.757724), (0.122223, 0.41155), (0.907568, 0.590846), (0.386234, 0.44687903), (0.582996, 0.26878798), (0.413353, 0.13422501), (0.058379, 0.43180704), (0.661555, 0.455922), (0.022018, 0.382491), (0.437188, 0.890598), (0.28761, 0.271079), (0.772948, 0.882037), (0.41992, 0.027032971), (0.47817, 0.739034), (0.969345, 0.583371), (0.574727, 0.740602), (0.284692, 0.0026770234), (0.484737, 0.827055), (0.436337, 0.670668), (0.685025, 0.958603), (0.527543, 0.778463), (0.550648, 0.701415), (0.448619, 0.32039404), (0.288705, 0.038608015), (0.561593, 0.915557), (0.960103, 0.56444), (0.13937, 0.35234702), (0.249912, 0.37827098), (0.960467, 0.71516), (0.900758, 0.804869), (0.760301, 0.511146), (0.651461, 0.761341), (0.127574, 0.567334), (0.601845, 0.660057), (0.900393, 0.631119), (0.412988, 0.766767), (0.33224, 0.40552104), (0.289434, 0.621352), (0.938213, 0.662348), (0.674567, 0.555397), (0.166367, 0.12807602), (0.313756, 0.24322599), (0.086592, 0.322685), (0.846277, 0.560461), (0.092429, 0.405159), (0.310594, 0.14338899), (0.457618, 0.38225), (0.943929, 0.880952), (0.450322, 0.465447), (0.940037, 0.735296), (0.256965, 0.466412), (0.030531, 0.214046), (0.468077, 0.19716597), (0.528151, 0.821749), (0.142532, 0.500535), (0.842629, 0.753744), (0.480237, 0.803542), (0.079417, 0.22236598), (0.773191, 0.674767), (0.304271, 0.17606497), (0.822321, 0.930629), (0.829617, 0.825246), (0.23009, 0.31520998), (0.164665, 0.226224), (0.226928, 0.42421), (0.498235, 0.31533003), (0.412623, 0.567696), (0.708131, 0.580597), (0.349387, 0.043672025), (0.605372, 0.475334), (0.780609, 0.45471597), (0.719562, 0.869739), (0.518301, 0.735055), (0.555878, 0.506323), (0.932011, 0.642694), (0.569619, 0.847794), (0.956211, 0.744098), (0.48498, 0.27783096), (0.779271, 0.730353), (0.536055, 0.19692498), (0.568525, 0.889634), (0.733912, 0.837183), (0.20966, 0.08503002), (0.586888, 0.947992), (0.24602, 0.263241), (0.190689, 0.566731), (0.638206, 0.841162), (0.474157, 0.8115), (0.169286, 0.34463), (0.283962, 0.508975), (0.237629, 0.17184502), (0.071999, 0.354276), (0.552594, 0.551177), (0.938335, 0.557688), (0.117724, 0.15146697), (0.836306, 0.78847), (0.477684, 0.768937), (0.374438, 0.47244096), (0.667757, 0.857199), (0.507234, 0.23153001), (0.883733, 0.59579), (0.937362, 0.529955), (0.279463, 0.564802), (0.428676, 0.402507), (0.21574, 0.575292), (0.193851, 0.146644), (0.476103, 0.23755902), (0.551378, 0.22345102), (0.409948, 0.30580497), (0.564998, 0.814153), (0.929336, 0.583612), (0.135479, 0.310507), (0.33297, 0.14688498), (0.166732, 0.554794), (0.471725, 0.902053), (0.521827, 0.670185), (0.915229, 0.524771), (0.825969, 0.680917), (0.632004, 0.769902), (0.604764, 0.24418998), (0.481818, 0.446396), (0.318134, 0.07357502), (0.659001, 0.632686), (0.62337, 0.884087), (0.37383, 0.08503002), (0.928728, 0.541531), (0.962048, 0.611585), (0.451416, 0.856475), (0.472941, 0.855993), (0.436702, 0.614238), (0.958157, 0.662468), (0.346104, 0.07755399), (0.230698, 0.23213303), (0.921066, 0.905791), (0.456889, 0.736261), (0.385626, 0.501861), (0.926904, 0.705273), (0.743275, 0.956553), (0.837887, 0.51838), (0.107995, 0.42662203), (0.489601, 0.49113), (0.384775, 0.23044503), (0.241764, 0.582527), (0.025788, 0.286995), (0.537636, 0.88674), (0.592968, 0.847191), (0.463212, 0.840921), (0.415055, 0.370916), (0.857222, 0.692251), (0.543717, 0.857319), (0.001953, 0.351744), (0.420528, 0.804748), (0.652921, 0.90555), (0.894313, 0.719742), (0.56062, 0.457851), (0.68308, 0.772916), (0.101915, 0.20560598), (0.719562, 0.608571), (0.626775, 0.712869), (0.68162, 0.684654), (0.244804, 0.523565), (0.065919, 0.499691), (0.651097, 0.667894), (0.585428, 0.762185), (0.537636, 0.648843), (0.790581, 0.537552), (0.135235, 0.39671898), (0.332848, 0.572881), (0.217199, 0.28470397), (0.569862, 0.876973), (0.979438, 0.690563), (0.487047, 0.860937), (0.340753, 0.11095399), (0.80566, 0.775207), (0.45324, 0.875526), (0.79654, 0.872874), (0.015087, 0.455801), (0.301717, 0.425416), (0.224739, 0.25914204), (0.933592, 0.800166), (0.322512, 0.43180704), (0.492885, 0.10661298), (0.183514, 0.09443498), (0.55831, 0.751936), (0.573511, 0.612309), (0.59236, 0.596755), (0.329808, 0.520792), (0.488993, 0.534899), (0.8419, 0.85129), (0.619965, 0.864674), (0.371398, 0.19161898), (0.007061, 0.421678), (0.02141, 0.31738), (0.815754, 0.537913), (0.395963, 0.477143), (0.450322, 0.839715), (0.147518, 0.38104403), (0.525962, 0.25226903), (0.504437, 0.846226), (0.159071, 0.24937499), (0.267059, 0.267582), (0.064946, 0.39274), (0.290772, 0.072128), (0.797877, 0.561908), (0.518544, 0.857922), (0.157368, 0.317259), (0.895529, 0.927615), (0.75045, 0.41794002), (0.626045, 0.903982), (0.993423, 0.658972), (0.55454, 0.927133), (0.4305, 0.783406), (0.194094, 0.43663), (0.3534, 0.41082597), (0.219388, 0.017145991), (0.829009, 0.582888), (0.440107, 0.808124), (0.507478, 0.37224197), (0.762246, 0.594705), (0.46151, 0.43904102), (0.316188, 0.10697502), (0.644651, 0.704067), (0.953049, 0.812947), (0.811619, 0.51416), (0.384167, 0.390449), (0.4063, 0.396357), (0.670797, 0.750971), (0.241034, 0.34668), (0.414569, 0.20488298), (0.577402, 0.23647296), (0.702415, 0.90133), (0.317404, 0.545751), (0.524381, 0.835254), (0.417852, 0.547439), (0.403868, 0.855269), (0.495195, 0.716487), (0.70886, 0.930147), (0.091092, 0.44169402), (0.334673, 0.24925399), (0.382343, 0.33003998), (0.702658, 0.820061), (0.532286, 0.899883), (0.321539, 0.30930102), (0.614736, 0.686463), (0.520976, 0.213202), (0.727831, 0.723118), (0.709468, 0.513316), (0.382829, 0.636424), (0.128912, 0.366575), (0.342699, 0.21814597), (0.782676, 0.910614), (0.393409, 0.364766), (0.395841, 0.814756), (0.566701, 0.685619), (0.871694, 0.765199), (0.856614, 0.644864), (0.568282, 0.770987), (0.809795, 0.488598), (0.4986, 0.815118), (0.840319, 0.961738), (0.700956, 0.675732), (0.515747, 0.86576), (0.352427, 0.644382), (0.595035, 0.783647), (0.252222, 0.23478502), (0.566822, 0.24949598), (0.1598, 0.44507003), (0.388788, 0.126508), (0.69901, 0.616529), (0.220604, 0.47907197), (0.250763, 0.32208204), (0.209052, 0.36139), (0.570957, 0.16846901), (0.483642, 0.904947), (0.004264, 0.31810296), (0.694511, 0.708408), (0.784987, 0.698159), (0.130006, 0.26722002), (0.729291, 0.573966), (0.419069, 0.8197), (0.105198, 0.547318), (0.450079, 0.40805304), (0.092673, 0.36970997), (0.86768, 0.800528), (0.574605, 0.533693), (0.876558, 0.683449), (0.868775, 0.619182), (0.734763, 0.510904), (0.254898, 0.649808), (0.204674, 0.538637), (0.392436, 0.549006), (0.500668, 0.908444), (0.495317, 0.25299203), (0.946118, 0.574448), (0.546635, 0.814394), (0.095226, 0.16979504), (0.923499, 0.624366), (0.591995, 0.730353), (0.107022, 0.46255302), (0.488264, 0.21296102), (0.038071, 0.31364202), (0.132682, 0.12072003), (0.626532, 0.924118), (0.306581, 0.515848), (0.166124, 0.39418697), (0.191054, 0.201989), (0.362399, 0.32256496), (0.899785, 0.490045), (0.675905, 0.718295), (0.753855, 0.773037), (0.319593, 0.648482), (0.268639, 0.589279), (0.978709, 0.720948), (0.690376, 0.741084), (0.040138, 0.374412), (0.108482, 0.263965), (0.593576, 0.931835), (0.588225, 0.441211), (0.07504, 0.18317902), (0.451903, 0.041261017), (0.291745, 0.393102), (0.909149, 0.648602), (0.467347, 0.556844), (0.986492, 0.629792), (0.123804, 0.20464098), (0.644043, 0.861781), (0.407151, 0.45206296), (0.087444, 0.261674), (0.660582, 0.524047), (0.871329, 0.560823), (0.162719, 0.479434), (0.417488, 0.48196602), (0.535204, 0.612188), (0.355224, 0.15195), (0.352792, 0.3509), (0.481697, 0.17232698), (0.405935, 0.777498), (0.777204, 0.820664), (0.722845, 0.756759), (0.209052, 0.30845702), (0.408489, 0.504876), (0.24067, 0.14001298), (0.819889, 0.863107), (0.651097, 0.977775), (0.375411, 0.41577), (0.512828, 0.433374), (0.002561, 0.386711), (0.798364, 0.720586), (0.130006, 0.06947601), (0.584091, 0.809571), (0.504924, 0.291938), (0.387207, 0.015819013), (0.202971, 0.25552404), (0.085498, 0.34499204), (0.083674, 0.20500302), (0.8858, 0.701897), (0.6967, 0.875285), (0.46455, 0.829828), (0.25125, 0.008222997), (0.145815, 0.086355984), (0.92362, 0.568178), (0.901487, 0.768937), (0.248331, 0.433495), (0.327376, 0.18064702), (0.859898, 0.743254), (0.490817, 0.339445), (0.612547, 0.58325), (0.97652, 0.822352), (0.086349, 0.18848401), (0.180838, 0.25226903), (0.490939, 0.794861), (0.238116, 0.401421), (0.493249, 0.580356), (0.433418, 0.587832), (0.126723, 0.327267), (0.62033, 0.649687), (0.830468, 0.731679), (0.13706, 0.24636102), (0.148612, 0.335707), (0.352792, 0.523806), (0.120399, 0.10613102), (0.917905, 0.824643), (0.467104, 0.08708), (0.188135, 0.030771017), (0.895407, 0.885655)] (
                    interpolation = "faceVarying"
                )
                int[] primvars:st1:indices = [297, 76, 180, 76, 156, 180, 180, 156, 155, 155, 156, 701, 701, 156, 308, 308, 156, 942, 156, 76, 942, 155, 668, 180, 668, 297, 180, 297, 668, 399, 399, 668, 170, 170, 668, 229, 668, 155, 229, 229, 155, 221, 155, 30, 221, 30, 24, 221, 221, 24, 229, 30, 155, 126, 155, 701, 126, 126, 701, 361, 361, 701, 880, 701, 308, 880, 880, 308, 642, 642, 308, 319, 308, 942, 319, 319, 942, 757, 942, 76, 757, 757, 76, 246, 76, 297, 246, 297, 31, 246, 246, 31, 757, 31, 997, 757, 757, 997, 319, 997, 489, 319, 319, 489, 793, 793, 489, 142, 142, 489, 375, 489, 997, 375, 375, 997, 31, 30, 126, 361, 793, 723, 319, 319, 723, 642, 642, 723, 797, 723, 428, 797, 797, 428, 331, 331, 428, 817, 817, 428, 0, 0, 428, 793, 428, 723, 793, 331, 491, 797, 797, 491, 642, 642, 491, 880, 880, 491, 361, 361, 491, 45, 45, 491, 846, 491, 852, 846, 846, 852, 362, 362, 852, 909, 909, 852, 331, 852, 491, 331, 45, 846, 132, 132, 846, 343, 846, 362, 343, 45, 132, 361, 132, 906, 361, 361, 906, 30, 906, 542, 30, 30, 542, 1018, 542, 207, 1018, 207, 196, 1018, 196, 212, 1018, 212, 24, 1018, 1018, 24, 30, 207, 542, 290, 542, 906, 290, 906, 132, 290, 290, 132, 665, 132, 343, 665, 665, 343, 245, 343, 362, 245, 245, 362, 819, 819, 362, 589, 589, 362, 452, 362, 909, 452, 452, 909, 39, 909, 331, 39, 39, 331, 728, 331, 817, 728, 665, 245, 216, 245, 819, 216, 728, 792, 39, 39, 792, 452, 792, 889, 452, 452, 889, 326, 889, 939, 326, 939, 314, 326, 326, 314, 452, 314, 589, 452, 728, 173, 792, 792, 173, 889, 173, 672, 889, 889, 672, 858, 858, 672, 731, 672, 964, 731, 731, 964, 527, 527, 964, 145, 964, 672, 145, 672, 173, 145, 145, 173, 728, 858, 453, 889, 889, 453, 939, 731, 527, 440, 440, 527, 991, 527, 322, 991, 322, 667, 991, 991, 667, 94, 667, 208, 94, 94, 208, 232, 208, 785, 232, 232, 785, 146, 146, 785, 74, 785, 203, 74, 203, 54, 74, 74, 54, 577, 54, 708, 577, 577, 708, 907, 907, 708, 274, 708, 105, 274, 105, 306, 274, 274, 306, 854, 306, 1032, 854, 854, 1032, 781, 781, 1032, 695, 1032, 187, 695, 187, 134, 695, 695, 134, 213, 134, 870, 213, 213, 870, 1015, 1015, 870, 461, 870, 507, 461, 507, 63, 461, 461, 63, 435, 63, 960, 435, 435, 960, 372, 960, 818, 372, 372, 818, 339, 339, 818, 857, 818, 557, 857, 557, 626, 857, 857, 626, 971, 626, 774, 971, 971, 774, 617, 617, 774, 662, 774, 69, 662, 69, 941, 662, 662, 941, 673, 941, 741, 673, 673, 741, 520, 520, 741, 749, 741, 773, 749, 773, 764, 749, 749, 764, 369, 764, 632, 369, 369, 632, 955, 632, 191, 955, 955, 191, 29, 29, 191, 424, 191, 582, 424, 582, 447, 424, 424, 447, 443, 447, 718, 443, 443, 718, 532, 532, 718, 855, 718, 281, 855, 281, 419, 855, 855, 419, 195, 419, 641, 195, 195, 641, 172, 641, 655, 172, 172, 655, 51, 51, 655, 40, 655, 174, 40, 174, 717, 40, 40, 717, 965, 717, 549, 965, 965, 549, 802, 802, 549, 277, 549, 721, 277, 721, 588, 277, 277, 588, 497, 588, 157, 497, 497, 157, 835, 835, 157, 88, 157, 1020, 88, 1020, 206, 88, 88, 206, 355, 206, 236, 355, 355, 236, 505, 505, 236, 666, 236, 600, 666, 600, 636, 666, 666, 636, 421, 636, 782, 421, 421, 782, 160, 782, 648, 160, 160, 648, 287, 648, 508, 287, 287, 508, 683, 508, 859, 683, 859, 383, 683, 683, 383, 984, 984, 383, 566, 383, 799, 566, 799, 927, 566, 566, 927, 900, 927, 409, 900, 900, 409, 434, 434, 409, 531, 531, 409, 28, 409, 293, 28, 28, 293, 35, 35, 293, 574, 293, 927, 574, 574, 927, 799, 409, 927, 293, 35, 380, 28, 28, 380, 531, 531, 380, 882, 882, 380, 303, 380, 27, 303, 27, 18, 303, 303, 18, 260, 260, 18, 657, 18, 822, 657, 657, 822, 426, 822, 50, 426, 50, 57, 426, 426, 57, 608, 57, 33, 608, 608, 33, 762, 762, 33, 921, 33, 314, 921, 921, 314, 939, 35, 27, 380, 314, 33, 589, 589, 33, 819, 33, 164, 819, 819, 164, 216, 57, 546, 33, 546, 776, 33, 33, 776, 164, 57, 50, 546, 546, 50, 275, 50, 610, 275, 275, 610, 135, 135, 610, 775, 775, 610, 18, 18, 610, 822, 610, 50, 822, 135, 176, 275, 275, 176, 546, 546, 176, 776, 176, 794, 776, 794, 599, 776, 776, 599, 164, 164, 599, 216, 599, 149, 216, 216, 149, 665, 149, 639, 665, 639, 735, 665, 665, 735, 290, 735, 704, 290, 290, 704, 207, 704, 296, 207, 207, 296, 196, 296, 744, 196, 196, 744, 212, 599, 639, 149, 704, 735, 296, 735, 448, 296, 296, 448, 744, 744, 448, 536, 448, 422, 536, 536, 422, 490, 422, 136, 490, 136, 537, 490, 490, 537, 536, 537, 661, 536, 536, 661, 744, 661, 288, 744, 744, 288, 255, 255, 288, 883, 883, 288, 159, 288, 661, 159, 159, 661, 537, 422, 448, 735, 744, 255, 212, 212, 255, 24, 255, 400, 24, 24, 400, 229, 400, 720, 229, 229, 720, 170, 400, 255, 720, 720, 255, 410, 255, 883, 410, 410, 883, 437, 883, 159, 437, 437, 137, 410, 410, 137, 720, 137, 300, 720, 720, 300, 320, 320, 300, 669, 669, 300, 454, 300, 137, 454, 454, 137, 437, 720, 320, 170, 170, 320, 399, 320, 831, 399, 831, 904, 399, 904, 297, 399, 297, 904, 31, 904, 811, 31, 31, 811, 911, 811, 416, 911, 416, 492, 911, 492, 375, 911, 911, 375, 31, 416, 811, 663, 811, 904, 663, 904, 831, 663, 831, 320, 663, 663, 320, 256, 320, 669, 256, 256, 669, 901, 669, 454, 901, 901, 222, 256, 256, 222, 663, 222, 945, 663, 663, 945, 416, 945, 315, 416, 416, 315, 2, 315, 806, 2, 806, 67, 2, 67, 766, 2, 2, 766, 416, 416, 766, 492, 766, 20, 492, 492, 20, 375, 20, 541, 375, 375, 541, 142, 945, 222, 408, 408, 222, 901, 945, 408, 315, 315, 408, 806, 541, 20, 601, 20, 766, 601, 601, 766, 66, 766, 679, 66, 66, 679, 874, 874, 679, 270, 679, 67, 270, 270, 67, 806, 766, 67, 679, 541, 601, 95, 601, 66, 95, 66, 874, 803, 874, 961, 803, 961, 411, 803, 411, 333, 803, 803, 333, 66, 333, 332, 66, 66, 332, 95, 332, 122, 95, 95, 122, 541, 270, 961, 874, 122, 332, 292, 332, 333, 292, 292, 333, 888, 333, 62, 888, 62, 482, 888, 482, 257, 888, 888, 257, 292, 257, 122, 292, 62, 333, 550, 333, 411, 550, 550, 411, 986, 411, 961, 986, 986, 348, 550, 550, 348, 62, 348, 118, 62, 62, 118, 52, 52, 118, 523, 523, 118, 957, 118, 348, 957, 957, 348, 986, 52, 729, 62, 62, 729, 482, 729, 719, 482, 482, 719, 257, 719, 729, 317, 729, 52, 317, 317, 52, 356, 52, 335, 356, 335, 659, 356, 659, 514, 356, 356, 514, 317, 514, 719, 317, 335, 52, 985, 52, 523, 985, 985, 523, 55, 523, 957, 55, 55, 431, 985, 985, 431, 335, 431, 579, 335, 335, 579, 990, 990, 579, 709, 709, 579, 188, 579, 431, 188, 188, 431, 55, 990, 823, 335, 335, 823, 659, 823, 898, 659, 659, 898, 514, 898, 823, 483, 823, 990, 483, 990, 336, 483, 336, 708, 483, 483, 708, 898, 708, 54, 898, 54, 203, 898, 898, 203, 17, 203, 785, 17, 17, 785, 311, 785, 884, 311, 884, 391, 311, 311, 391, 514, 391, 719, 514, 898, 17, 514, 17, 311, 514, 785, 208, 884, 208, 667, 884, 884, 667, 138, 667, 322, 138, 138, 322, 630, 322, 527, 630, 630, 527, 950, 527, 145, 950, 950, 145, 856, 856, 145, 104, 145, 728, 104, 104, 728, 64, 728, 817, 64, 817, 0, 64, 64, 0, 837, 0, 793, 837, 837, 793, 215, 793, 142, 215, 142, 541, 215, 215, 541, 734, 541, 122, 734, 734, 122, 973, 122, 746, 973, 973, 746, 130, 130, 746, 205, 746, 257, 205, 205, 257, 1004, 257, 719, 1004, 1004, 719, 878, 719, 391, 878, 391, 884, 878, 884, 547, 878, 878, 547, 1004, 1004, 547, 205, 547, 130, 205, 215, 734, 837, 734, 973, 837, 837, 973, 130, 257, 746, 122, 884, 138, 547, 138, 630, 547, 547, 630, 800, 630, 950, 800, 950, 856, 800, 800, 856, 130, 856, 771, 130, 130, 771, 837, 837, 771, 64, 64, 771, 104, 771, 856, 104, 130, 547, 800, 323, 327, 458, 458, 327, 407, 407, 327, 896, 896, 327, 674, 674, 327, 328, 327, 323, 328, 328, 323, 238, 238, 323, 1001, 323, 458, 1001, 1001, 458, 930, 458, 204, 930, 204, 633, 930, 930, 633, 1001, 633, 739, 1001, 739, 53, 1001, 53, 690, 1001, 1001, 690, 238, 690, 139, 238, 139, 1022, 238, 238, 1022, 328, 1022, 1026, 328, 328, 1026, 674, 1026, 583, 674, 674, 583, 896, 583, 844, 896, 896, 844, 407, 844, 814, 407, 814, 204, 407, 407, 204, 458, 633, 363, 739, 814, 844, 280, 280, 844, 952, 844, 583, 952, 952, 583, 647, 647, 583, 386, 386, 583, 736, 583, 1026, 736, 736, 1026, 853, 1026, 1022, 853, 853, 1022, 759, 1022, 139, 759, 139, 265, 759, 265, 228, 759, 759, 228, 853, 228, 544, 853, 853, 544, 736, 544, 295, 736, 736, 295, 386, 295, 273, 386, 273, 919, 386, 386, 919, 647, 919, 70, 647, 70, 167, 647, 647, 167, 952, 167, 567, 952, 952, 567, 280, 567, 111, 280, 280, 111, 814, 111, 649, 814, 814, 649, 204, 649, 692, 204, 204, 692, 633, 692, 211, 633, 633, 211, 849, 211, 526, 849, 526, 962, 849, 849, 962, 363, 962, 503, 363, 363, 503, 739, 739, 503, 53, 503, 388, 53, 53, 388, 690, 388, 162, 690, 690, 162, 139, 162, 562, 139, 562, 171, 139, 139, 171, 265, 171, 305, 265, 265, 305, 228, 633, 849, 363, 388, 562, 162, 544, 987, 295, 295, 987, 273, 649, 787, 692, 692, 787, 211, 305, 171, 925, 171, 562, 925, 925, 562, 963, 562, 975, 963, 975, 540, 963, 540, 611, 963, 963, 611, 1025, 611, 529, 1025, 963, 1025, 925, 1025, 305, 925, 975, 562, 266, 562, 388, 266, 266, 388, 552, 388, 244, 552, 552, 244, 370, 370, 244, 948, 244, 503, 948, 948, 503, 8, 503, 962, 8, 8, 962, 276, 276, 962, 656, 656, 962, 182, 962, 526, 182, 182, 526, 654, 526, 211, 654, 211, 587, 654, 587, 107, 654, 654, 107, 182, 503, 244, 388, 975, 266, 329, 266, 552, 329, 948, 8, 840, 8, 276, 840, 587, 211, 885, 211, 787, 885, 885, 787, 535, 787, 649, 535, 649, 111, 535, 535, 111, 914, 111, 567, 914, 914, 567, 395, 395, 567, 860, 860, 567, 464, 567, 167, 464, 464, 167, 263, 167, 70, 263, 263, 70, 120, 70, 919, 120, 919, 273, 120, 120, 273, 875, 875, 273, 918, 273, 710, 918, 918, 710, 472, 472, 710, 237, 237, 710, 987, 710, 273, 987, 535, 914, 584, 914, 395, 584, 472, 175, 918, 918, 175, 875, 175, 444, 875, 875, 444, 120, 444, 675, 120, 675, 1019, 120, 120, 1019, 263, 263, 1019, 464, 1019, 712, 464, 464, 712, 860, 712, 318, 860, 860, 318, 395, 318, 571, 395, 395, 571, 298, 298, 571, 917, 917, 571, 304, 571, 318, 304, 304, 318, 1010, 318, 712, 1010, 1010, 712, 1019, 298, 978, 395, 395, 978, 584, 978, 393, 584, 584, 393, 535, 393, 946, 535, 535, 946, 885, 885, 946, 587, 946, 150, 587, 587, 150, 809, 809, 150, 220, 220, 150, 393, 150, 946, 393, 809, 643, 587, 587, 643, 107, 643, 824, 107, 107, 824, 182, 824, 643, 197, 643, 809, 197, 197, 809, 609, 609, 809, 291, 809, 10, 291, 291, 10, 928, 928, 10, 502, 10, 220, 502, 220, 393, 502, 502, 393, 702, 393, 978, 702, 978, 298, 702, 702, 298, 92, 298, 223, 92, 223, 473, 92, 473, 502, 92, 92, 502, 702, 809, 220, 10, 291, 928, 264, 223, 298, 133, 298, 917, 133, 917, 16, 133, 133, 16, 347, 16, 353, 347, 353, 808, 347, 808, 937, 347, 937, 223, 347, 347, 223, 133, 353, 16, 698, 16, 917, 698, 917, 304, 698, 304, 1010, 698, 1010, 131, 698, 698, 131, 78, 131, 825, 78, 825, 439, 78, 78, 439, 360, 439, 1, 360, 1, 353, 360, 353, 698, 360, 360, 698, 78, 825, 131, 340, 131, 1010, 340, 340, 1010, 451, 1010, 1019, 451, 451, 1019, 518, 1019, 675, 518, 518, 675, 371, 675, 444, 371, 444, 175, 371, 175, 41, 371, 41, 267, 371, 267, 519, 371, 371, 519, 968, 519, 450, 968, 450, 593, 968, 593, 825, 968, 825, 340, 968, 340, 451, 968, 451, 518, 968, 968, 518, 371, 450, 519, 474, 474, 519, 267, 474, 982, 450, 982, 418, 450, 450, 418, 593, 418, 684, 593, 593, 684, 825, 684, 828, 825, 825, 828, 439, 828, 506, 439, 506, 235, 439, 235, 316, 439, 439, 316, 1, 316, 737, 1, 1, 737, 353, 737, 158, 353, 353, 158, 808, 684, 861, 828, 828, 861, 506, 158, 737, 951, 737, 316, 951, 951, 316, 834, 834, 316, 125, 125, 316, 58, 316, 235, 58, 58, 235, 251, 235, 506, 251, 251, 506, 992, 506, 861, 992, 158, 951, 620, 951, 834, 620, 992, 651, 251, 251, 651, 58, 651, 745, 58, 58, 745, 125, 745, 381, 125, 125, 381, 834, 381, 1027, 834, 834, 1027, 618, 618, 1027, 93, 93, 1027, 783, 1027, 381, 783, 783, 381, 842, 381, 745, 842, 842, 745, 651, 618, 879, 834, 834, 879, 620, 879, 750, 620, 620, 750, 158, 750, 879, 65, 879, 618, 65, 65, 618, 815, 618, 427, 815, 427, 477, 815, 477, 177, 815, 815, 177, 65, 177, 750, 65, 427, 618, 449, 618, 93, 449, 93, 572, 449, 572, 938, 449, 449, 938, 427, 938, 433, 427, 433, 438, 427, 427, 438, 21, 438, 60, 21, 21, 60, 56, 56, 60, 910, 60, 181, 910, 910, 181, 895, 895, 181, 42, 181, 89, 42, 89, 147, 42, 42, 147, 777, 777, 147, 625, 625, 147, 1021, 1021, 147, 168, 147, 89, 168, 168, 89, 438, 89, 181, 438, 438, 181, 60, 427, 21, 477, 21, 56, 477, 477, 56, 177, 438, 714, 168, 168, 714, 1021, 438, 433, 714, 433, 938, 714, 714, 938, 881, 938, 551, 881, 551, 412, 881, 881, 412, 714, 412, 96, 714, 714, 96, 1021, 1021, 96, 625, 625, 96, 560, 560, 96, 970, 96, 412, 970, 970, 412, 91, 412, 321, 91, 91, 321, 193, 193, 321, 551, 321, 412, 551, 551, 938, 572, 91, 193, 543, 193, 337, 543, 543, 337, 143, 143, 337, 788, 337, 268, 788, 788, 268, 401, 268, 768, 401, 401, 768, 993, 768, 573, 993, 573, 613, 993, 993, 613, 406, 406, 613, 455, 613, 865, 455, 865, 278, 455, 455, 278, 325, 278, 545, 325, 325, 545, 634, 634, 545, 478, 478, 545, 484, 484, 545, 713, 545, 278, 713, 713, 278, 1013, 1013, 278, 501, 278, 865, 501, 865, 613, 501, 501, 613, 404, 404, 613, 392, 613, 573, 392, 392, 573, 867, 573, 768, 867, 867, 768, 696, 768, 268, 696, 696, 268, 337, 392, 867, 240, 240, 867, 696, 240, 929, 392, 392, 929, 404, 929, 694, 404, 404, 694, 501, 694, 36, 501, 36, 368, 501, 501, 368, 1013, 1013, 368, 713, 368, 79, 713, 79, 725, 713, 725, 998, 713, 713, 998, 484, 998, 82, 484, 484, 82, 478, 82, 128, 478, 128, 405, 478, 478, 405, 11, 11, 405, 652, 652, 405, 913, 913, 405, 357, 405, 128, 357, 357, 128, 845, 128, 82, 845, 845, 82, 534, 82, 998, 534, 534, 998, 940, 998, 725, 940, 534, 940, 845, 940, 747, 845, 845, 747, 357, 357, 747, 892, 747, 947, 892, 947, 250, 892, 250, 727, 892, 892, 727, 357, 727, 755, 357, 357, 755, 913, 755, 877, 913, 913, 877, 652, 652, 877, 152, 152, 877, 767, 767, 877, 533, 533, 877, 140, 140, 877, 75, 877, 755, 75, 755, 727, 75, 727, 460, 75, 75, 460, 140, 140, 460, 920, 460, 602, 920, 920, 602, 224, 224, 602, 635, 602, 124, 635, 124, 829, 635, 635, 829, 621, 829, 1030, 621, 621, 1030, 283, 283, 1030, 967, 1030, 310, 967, 310, 198, 967, 967, 198, 660, 198, 148, 660, 660, 148, 999, 999, 148, 354, 148, 716, 354, 716, 486, 354, 354, 486, 627, 486, 671, 627, 627, 671, 664, 671, 242, 664, 664, 242, 1006, 1006, 242, 862, 242, 644, 862, 644, 530, 862, 862, 530, 1031, 530, 521, 1031, 1031, 521, 564, 564, 521, 996, 521, 1007, 996, 1007, 1028, 996, 996, 1028, 511, 511, 1028, 358, 1028, 100, 358, 358, 100, 269, 100, 581, 269, 269, 581, 548, 581, 364, 548, 364, 575, 548, 548, 575, 470, 575, 225, 470, 470, 225, 699, 699, 225, 83, 225, 200, 83, 200, 161, 83, 83, 161, 604, 161, 791, 604, 604, 791, 6, 6, 791, 922, 791, 840, 922, 840, 276, 922, 922, 276, 798, 276, 656, 798, 798, 656, 994, 656, 182, 994, 994, 182, 839, 182, 824, 839, 947, 747, 940, 727, 602, 460, 840, 791, 948, 948, 791, 370, 791, 301, 370, 370, 301, 552, 301, 329, 552, 791, 161, 301, 161, 200, 301, 301, 200, 570, 200, 225, 570, 694, 929, 751, 929, 240, 751, 751, 252, 694, 252, 36, 694, 570, 272, 301, 301, 272, 329, 329, 272, 975, 975, 272, 540, 272, 84, 540, 540, 84, 611, 611, 84, 529, 84, 972, 529, 529, 972, 330, 972, 420, 330, 420, 711, 330, 330, 711, 1025, 711, 847, 1025, 1025, 847, 305, 847, 1017, 305, 305, 1017, 163, 1017, 495, 163, 163, 495, 228, 495, 622, 228, 228, 622, 544, 544, 622, 987, 622, 495, 987, 495, 816, 987, 987, 816, 237, 816, 732, 237, 237, 732, 472, 1025, 529, 330, 1017, 847, 711, 305, 163, 228, 732, 816, 826, 816, 495, 826, 826, 495, 1000, 495, 1017, 1000, 1000, 1017, 565, 1017, 259, 565, 565, 259, 953, 259, 711, 953, 953, 711, 103, 711, 420, 103, 103, 420, 338, 420, 972, 338, 1017, 711, 259, 1000, 780, 826, 826, 780, 732, 780, 1000, 565, 338, 43, 103, 43, 953, 103, 43, 338, 595, 595, 338, 462, 338, 972, 462, 462, 972, 442, 442, 972, 804, 972, 84, 804, 804, 84, 705, 84, 272, 705, 705, 272, 590, 272, 570, 590, 570, 225, 590, 590, 225, 576, 225, 575, 576, 575, 364, 576, 576, 364, 966, 364, 581, 966, 966, 581, 585, 581, 100, 585, 585, 100, 227, 100, 1028, 227, 227, 1028, 949, 1028, 1007, 949, 949, 1007, 628, 1007, 521, 628, 576, 705, 590, 628, 185, 949, 949, 185, 227, 185, 742, 227, 227, 742, 585, 742, 943, 585, 585, 943, 966, 943, 1016, 966, 966, 1016, 576, 1016, 1002, 576, 576, 1002, 705, 705, 1002, 804, 1002, 1016, 804, 804, 1016, 442, 1016, 559, 442, 442, 559, 462, 559, 129, 462, 462, 129, 595, 129, 185, 595, 595, 185, 498, 498, 185, 688, 185, 628, 688, 688, 628, 830, 628, 521, 830, 1016, 943, 559, 943, 742, 559, 559, 742, 129, 742, 185, 129, 595, 498, 43, 498, 753, 43, 43, 753, 183, 753, 430, 183, 430, 953, 183, 183, 953, 43, 830, 515, 688, 688, 515, 498, 498, 515, 753, 515, 494, 753, 753, 494, 430, 830, 730, 515, 730, 394, 515, 515, 394, 494, 830, 521, 730, 521, 530, 730, 530, 644, 730, 730, 644, 312, 644, 242, 312, 312, 115, 730, 730, 115, 394, 394, 115, 494, 115, 989, 494, 989, 738, 494, 494, 738, 430, 738, 262, 430, 430, 262, 953, 953, 262, 565, 565, 262, 780, 262, 605, 780, 780, 605, 389, 389, 605, 12, 12, 605, 738, 605, 262, 738, 389, 912, 780, 780, 912, 732, 912, 376, 732, 732, 376, 848, 376, 487, 848, 487, 658, 848, 848, 658, 472, 658, 479, 472, 472, 479, 175, 479, 465, 175, 175, 465, 41, 732, 848, 472, 389, 396, 912, 396, 376, 912, 465, 479, 580, 479, 658, 580, 580, 658, 689, 658, 487, 689, 689, 97, 580, 580, 97, 465, 97, 890, 465, 465, 890, 41, 41, 890, 267, 890, 466, 267, 267, 466, 474, 474, 466, 982, 982, 466, 954, 954, 466, 14, 14, 466, 19, 466, 97, 19, 19, 97, 202, 97, 886, 202, 202, 886, 646, 646, 886, 897, 897, 886, 689, 886, 97, 689, 466, 890, 97, 646, 313, 202, 202, 313, 19, 19, 313, 14, 313, 34, 14, 14, 34, 954, 34, 887, 954, 954, 887, 982, 887, 178, 982, 982, 178, 117, 117, 178, 899, 899, 178, 467, 178, 887, 467, 467, 887, 34, 982, 117, 418, 418, 117, 684, 684, 117, 861, 861, 117, 992, 117, 872, 992, 992, 872, 873, 872, 795, 873, 795, 751, 873, 873, 751, 403, 751, 517, 403, 403, 517, 651, 517, 974, 651, 651, 974, 842, 117, 899, 872, 872, 899, 795, 899, 467, 795, 873, 403, 992, 403, 651, 992, 974, 517, 240, 517, 751, 240, 240, 80, 974, 974, 80, 842, 842, 80, 979, 80, 696, 979, 979, 696, 594, 696, 337, 594, 594, 337, 32, 337, 193, 32, 193, 551, 32, 551, 988, 32, 32, 988, 594, 594, 988, 979, 979, 988, 842, 842, 988, 783, 783, 988, 93, 93, 988, 572, 988, 551, 572, 240, 696, 80, 751, 795, 252, 252, 795, 592, 795, 352, 592, 592, 352, 670, 670, 352, 522, 352, 467, 522, 522, 467, 756, 467, 34, 756, 756, 34, 373, 373, 34, 528, 34, 313, 528, 252, 592, 36, 36, 592, 368, 592, 670, 368, 467, 352, 795, 522, 756, 504, 504, 756, 373, 373, 528, 186, 186, 528, 282, 528, 313, 282, 282, 313, 789, 313, 646, 789, 789, 646, 619, 619, 646, 838, 838, 646, 9, 646, 897, 9, 9, 897, 199, 897, 689, 199, 199, 689, 397, 689, 487, 397, 487, 376, 397, 376, 396, 397, 397, 396, 377, 396, 389, 377, 389, 12, 377, 377, 12, 26, 12, 738, 26, 738, 989, 26, 989, 115, 26, 26, 115, 165, 115, 218, 165, 165, 218, 850, 218, 242, 850, 242, 671, 850, 671, 486, 850, 850, 486, 769, 486, 716, 769, 769, 716, 779, 716, 148, 779, 115, 312, 218, 312, 242, 218, 282, 789, 876, 789, 619, 876, 779, 868, 769, 769, 868, 850, 868, 116, 850, 850, 116, 165, 165, 116, 26, 116, 253, 26, 26, 253, 377, 253, 693, 377, 693, 707, 377, 377, 707, 397, 707, 1011, 397, 397, 1011, 199, 199, 1011, 9, 9, 1011, 760, 1011, 707, 760, 707, 693, 760, 760, 693, 868, 693, 253, 868, 868, 253, 116, 760, 868, 820, 868, 779, 820, 820, 779, 772, 779, 148, 772, 772, 241, 820, 820, 241, 760, 241, 981, 760, 760, 981, 9, 981, 345, 9, 9, 345, 838, 345, 981, 915, 981, 241, 915, 915, 241, 591, 241, 772, 591, 772, 148, 591, 148, 198, 591, 198, 310, 591, 591, 310, 234, 310, 1030, 234, 234, 653, 591, 591, 653, 915, 915, 653, 345, 653, 109, 345, 345, 109, 838, 838, 109, 619, 109, 398, 619, 619, 398, 876, 398, 3, 876, 876, 3, 282, 282, 3, 186, 3, 597, 186, 186, 597, 373, 373, 597, 504, 597, 607, 504, 504, 607, 522, 522, 607, 670, 670, 607, 368, 368, 607, 79, 79, 607, 725, 607, 623, 725, 725, 623, 940, 623, 754, 940, 940, 754, 947, 754, 85, 947, 947, 85, 700, 85, 3, 700, 700, 3, 294, 3, 398, 294, 398, 109, 653, 607, 597, 623, 623, 597, 754, 754, 597, 85, 597, 3, 85, 294, 983, 700, 700, 983, 947, 947, 983, 250, 983, 468, 250, 250, 468, 727, 727, 468, 602, 468, 637, 602, 602, 637, 124, 637, 73, 124, 124, 73, 829, 829, 73, 1030, 73, 509, 1030, 1030, 509, 234, 234, 509, 653, 509, 114, 653, 653, 114, 398, 114, 510, 398, 398, 510, 294, 294, 510, 983, 510, 73, 983, 73, 637, 983, 983, 637, 468, 509, 73, 114, 114, 73, 510, 632, 578, 90, 90, 578, 258, 632, 764, 578, 632, 90, 191, 90, 344, 191, 191, 344, 192, 192, 344, 615, 344, 90, 615, 90, 258, 615, 615, 258, 209, 209, 258, 640, 258, 578, 640, 640, 578, 496, 578, 764, 496, 764, 773, 496, 773, 741, 496, 496, 741, 1008, 1008, 741, 758, 741, 941, 758, 941, 69, 758, 758, 69, 561, 69, 774, 561, 561, 774, 456, 456, 774, 184, 774, 626, 184, 626, 557, 184, 184, 557, 778, 557, 818, 778, 778, 818, 359, 359, 818, 676, 818, 960, 676, 960, 63, 676, 676, 63, 724, 63, 485, 724, 724, 485, 123, 485, 827, 123, 123, 827, 365, 365, 827, 1029, 827, 870, 1029, 870, 134, 1029, 134, 187, 1029, 1029, 187, 493, 187, 1032, 493, 493, 1032, 463, 463, 1032, 279, 1032, 306, 279, 306, 105, 279, 279, 105, 336, 105, 708, 336, 191, 192, 582, 63, 507, 485, 507, 870, 485, 485, 870, 827, 336, 990, 279, 279, 990, 836, 990, 709, 836, 836, 709, 248, 709, 188, 248, 248, 188, 743, 743, 188, 553, 188, 821, 553, 553, 821, 144, 144, 821, 390, 821, 55, 390, 390, 55, 417, 55, 957, 417, 417, 957, 488, 488, 957, 102, 957, 986, 102, 55, 821, 188, 836, 555, 279, 279, 555, 463, 248, 555, 836, 390, 417, 726, 417, 488, 726, 488, 102, 166, 166, 102, 893, 102, 986, 893, 893, 986, 334, 986, 961, 334, 334, 961, 923, 961, 956, 923, 923, 956, 807, 807, 956, 385, 956, 270, 385, 385, 270, 869, 270, 806, 869, 869, 806, 525, 806, 891, 525, 525, 891, 1023, 270, 956, 961, 806, 408, 891, 408, 681, 891, 891, 681, 1023, 893, 334, 59, 59, 334, 923, 385, 869, 810, 810, 869, 525, 681, 408, 46, 408, 901, 46, 46, 901, 37, 901, 179, 37, 37, 179, 402, 402, 179, 812, 179, 454, 812, 812, 454, 763, 454, 437, 763, 763, 437, 598, 437, 194, 598, 598, 194, 341, 454, 179, 901, 437, 159, 194, 159, 189, 194, 194, 189, 341, 681, 46, 516, 516, 46, 37, 812, 763, 38, 38, 763, 598, 189, 159, 425, 159, 537, 425, 425, 537, 636, 537, 782, 636, 425, 636, 189, 636, 600, 189, 600, 236, 189, 189, 236, 341, 236, 201, 341, 341, 201, 598, 598, 201, 38, 201, 980, 38, 38, 980, 812, 812, 980, 402, 980, 832, 402, 402, 832, 37, 37, 832, 516, 832, 110, 516, 516, 110, 681, 681, 110, 1023, 110, 432, 1023, 1023, 432, 525, 525, 432, 810, 432, 441, 810, 810, 441, 385, 385, 441, 807, 441, 908, 807, 807, 908, 923, 923, 908, 59, 908, 629, 59, 59, 629, 893, 893, 629, 166, 629, 469, 166, 166, 469, 488, 488, 469, 726, 469, 995, 726, 726, 995, 390, 390, 995, 144, 995, 1024, 144, 144, 1024, 553, 1024, 703, 553, 553, 703, 743, 703, 47, 743, 743, 47, 248, 236, 206, 201, 206, 1020, 201, 201, 1020, 612, 1020, 157, 612, 980, 201, 612, 47, 703, 1012, 1012, 703, 1024, 555, 248, 413, 413, 248, 931, 248, 47, 931, 931, 47, 285, 285, 47, 902, 47, 1012, 902, 931, 285, 413, 285, 677, 413, 413, 677, 1029, 1029, 677, 365, 365, 677, 1009, 677, 285, 1009, 285, 902, 1009, 1009, 902, 71, 902, 127, 71, 71, 127, 324, 127, 801, 324, 555, 413, 463, 463, 413, 493, 413, 1029, 493, 127, 902, 1012, 71, 324, 1009, 324, 586, 1009, 1009, 586, 123, 586, 697, 123, 123, 697, 724, 697, 366, 724, 724, 366, 676, 676, 366, 359, 366, 48, 359, 48, 686, 359, 359, 686, 778, 778, 686, 184, 686, 722, 184, 722, 944, 184, 184, 944, 456, 456, 944, 561, 944, 436, 561, 561, 436, 758, 436, 650, 758, 650, 98, 758, 758, 98, 1008, 1008, 98, 496, 98, 112, 496, 496, 112, 640, 640, 112, 209, 209, 112, 977, 977, 112, 378, 112, 98, 378, 378, 98, 748, 98, 650, 748, 748, 650, 539, 650, 436, 539, 436, 944, 539, 539, 944, 682, 682, 944, 969, 944, 722, 969, 969, 722, 374, 722, 686, 374, 686, 48, 374, 374, 48, 7, 7, 48, 784, 48, 366, 784, 366, 697, 784, 784, 697, 49, 697, 586, 49, 49, 586, 563, 586, 324, 563, 324, 801, 563, 801, 101, 563, 563, 101, 784, 101, 475, 784, 784, 475, 7, 7, 475, 374, 374, 475, 350, 350, 475, 1003, 475, 101, 1003, 101, 801, 1003, 801, 127, 1003, 1003, 127, 624, 624, 127, 68, 127, 1012, 68, 1012, 1024, 68, 68, 1024, 113, 113, 1024, 554, 1024, 995, 554, 554, 995, 457, 457, 995, 924, 995, 469, 924, 924, 469, 706, 706, 469, 382, 469, 629, 382, 382, 629, 569, 569, 629, 217, 629, 908, 217, 217, 908, 446, 446, 908, 351, 908, 441, 351, 351, 441, 119, 119, 441, 770, 441, 432, 770, 770, 432, 81, 81, 432, 190, 432, 110, 190, 190, 110, 1014, 1014, 110, 833, 110, 832, 833, 833, 832, 61, 61, 832, 415, 832, 980, 415, 415, 980, 230, 980, 612, 230, 612, 157, 230, 230, 157, 740, 157, 588, 740, 588, 721, 740, 740, 721, 932, 721, 549, 932, 123, 365, 1009, 563, 784, 49, 230, 740, 415, 415, 740, 61, 740, 614, 61, 61, 614, 833, 833, 614, 1014, 614, 616, 1014, 1014, 616, 190, 190, 616, 81, 616, 379, 81, 81, 379, 770, 770, 379, 119, 379, 916, 119, 119, 916, 351, 351, 916, 446, 916, 480, 446, 446, 480, 217, 217, 480, 569, 480, 13, 569, 569, 13, 382, 382, 13, 706, 13, 271, 706, 706, 271, 924, 924, 271, 457, 271, 765, 457, 457, 765, 554, 554, 765, 113, 765, 796, 113, 113, 796, 68, 68, 796, 624, 624, 796, 1003, 796, 933, 1003, 1003, 933, 350, 933, 72, 350, 350, 72, 374, 374, 72, 969, 969, 72, 682, 72, 384, 682, 682, 384, 539, 384, 934, 539, 934, 342, 539, 539, 342, 748, 748, 342, 378, 342, 445, 378, 378, 445, 977, 445, 691, 977, 977, 691, 209, 691, 243, 209, 243, 786, 209, 209, 786, 615, 615, 786, 192, 786, 905, 192, 192, 905, 582, 582, 905, 447, 447, 905, 718, 905, 307, 718, 307, 4, 718, 718, 4, 281, 4, 596, 281, 281, 596, 419, 596, 603, 419, 419, 603, 641, 641, 603, 655, 603, 414, 655, 414, 299, 655, 655, 299, 174, 299, 210, 174, 174, 210, 717, 717, 210, 549, 210, 568, 549, 549, 568, 932, 568, 614, 932, 932, 614, 740, 691, 445, 863, 863, 445, 342, 863, 154, 691, 691, 154, 243, 614, 568, 25, 568, 210, 25, 25, 210, 476, 210, 976, 476, 976, 556, 476, 476, 556, 616, 556, 379, 616, 614, 25, 616, 25, 476, 616, 210, 299, 976, 299, 414, 976, 976, 414, 387, 414, 603, 387, 387, 603, 894, 894, 603, 935, 603, 596, 935, 596, 4, 935, 935, 4, 678, 4, 307, 678, 678, 307, 638, 307, 905, 638, 638, 905, 871, 905, 786, 871, 871, 786, 841, 786, 243, 841, 243, 154, 841, 841, 154, 851, 154, 863, 851, 851, 813, 841, 841, 813, 871, 871, 813, 638, 813, 15, 638, 638, 15, 678, 678, 15, 935, 15, 219, 935, 219, 106, 935, 935, 106, 894, 106, 302, 894, 894, 302, 387, 387, 302, 976, 302, 687, 976, 976, 687, 556, 556, 687, 379, 687, 77, 379, 379, 77, 916, 77, 715, 916, 916, 715, 805, 805, 715, 926, 715, 302, 926, 302, 106, 926, 106, 219, 926, 926, 219, 284, 219, 15, 284, 284, 15, 214, 214, 15, 851, 15, 813, 851, 687, 302, 77, 302, 715, 77, 916, 805, 480, 214, 866, 284, 284, 866, 926, 866, 214, 5, 214, 851, 5, 5, 851, 86, 851, 863, 86, 86, 863, 481, 481, 863, 606, 863, 342, 606, 606, 342, 367, 342, 934, 367, 367, 934, 903, 934, 384, 903, 384, 72, 903, 903, 72, 23, 72, 933, 23, 933, 796, 23, 23, 796, 153, 796, 765, 153, 153, 765, 459, 765, 513, 459, 513, 538, 459, 459, 538, 903, 903, 538, 367, 367, 538, 606, 606, 538, 481, 538, 471, 481, 481, 471, 86, 86, 471, 5, 471, 866, 5, 23, 153, 903, 153, 459, 903, 765, 271, 513, 271, 500, 513, 513, 500, 538, 538, 500, 471, 500, 286, 471, 471, 286, 226, 286, 13, 226, 226, 13, 151, 13, 480, 151, 151, 480, 512, 480, 805, 512, 805, 926, 512, 926, 866, 512, 512, 866, 151, 151, 866, 226, 866, 471, 226, 500, 271, 286, 271, 13, 286, 537, 136, 782, 782, 136, 648, 136, 349, 648, 648, 349, 508, 508, 349, 859, 859, 349, 558, 558, 349, 631, 349, 422, 631, 631, 422, 261, 422, 735, 261, 261, 735, 524, 735, 423, 524, 524, 423, 87, 423, 639, 87, 87, 639, 108, 639, 599, 108, 108, 599, 87, 599, 1005, 87, 87, 1005, 524, 524, 1005, 261, 1005, 247, 261, 261, 247, 631, 631, 247, 309, 247, 176, 309, 309, 176, 843, 176, 135, 843, 135, 775, 843, 843, 775, 233, 775, 18, 233, 18, 27, 233, 27, 35, 233, 233, 35, 843, 35, 645, 843, 645, 254, 843, 843, 254, 309, 309, 254, 631, 631, 254, 864, 254, 645, 864, 864, 645, 574, 645, 35, 574, 422, 349, 136, 735, 639, 423, 599, 794, 1005, 1005, 794, 247, 794, 176, 247, 574, 799, 864, 799, 383, 864, 383, 859, 864, 859, 558, 864, 864, 558, 631, 910, 958, 56, 958, 499, 56, 56, 499, 685, 499, 936, 685, 685, 936, 231, 936, 99, 231, 99, 44, 231, 231, 44, 959, 44, 790, 959, 959, 790, 750, 790, 346, 750, 750, 346, 158, 346, 22, 158, 158, 22, 808, 808, 22, 937, 22, 733, 937, 937, 733, 223, 56, 685, 177, 685, 231, 177, 231, 959, 177, 177, 959, 750, 733, 22, 752, 22, 346, 752, 346, 790, 752, 752, 790, 239, 790, 44, 239, 44, 99, 239, 99, 169, 239, 169, 429, 239, 239, 429, 289, 429, 141, 289, 141, 121, 289, 289, 121, 733, 121, 761, 733, 733, 761, 223, 223, 761, 473, 473, 761, 680, 761, 121, 680, 121, 141, 680, 141, 249, 680, 249, 264, 680, 264, 928, 680, 928, 502, 680, 680, 502, 473, 752, 239, 733, 733, 239, 289]
                texCoord2f[] primvars:st2 = [(0.596008, 0.864916), (0.29892, 0.484016), (0.620816, 0.746389), (0.436094, 0.213323), (0.755923, 0.48172498), (0.783893, 0.590002), (0.009371, 0.286633), (0.922404, 0.685016), (0.037219, 0.34414804), (0.349874, 0.18583202), (0.084647, 0.52453), (0.574362, 0.28120697), (0.259276, 0.172086), (0.762368, 0.650773), (0.370547, 0.292903), (0.765408, 0.538275), (0.241399, 0.48956203), (0.758355, 0.919054), (0.439985, 0.865277), (0.349752, 0.28591), (0.622762, 0.798961), (0.354008, 0.596513), (0.227779, 0.54768), (0.866708, 0.664518), (0.493371, 0.776292), (0.615465, 0.545871), (0.264018, 0.13904798), (0.43281, 0.855631), (0.422595, 0.839474), (0.873153, 0.46942604), (0.501276, 0.802216), (0.576794, 0.79052), (0.431716, 0.508493), (0.4789, 0.87637), (0.390855, 0.29953504), (0.439864, 0.837062), (0.463091, 0.35572302), (0.570835, 0.648843), (0.519152, 0.634615), (0.540555, 0.878299), (0.61887, 0.42939496), (0.292353, 0.33305502), (0.410799, 0.626778), (0.171231, 0.17715001), (0.232157, 0.612309), (0.507478, 0.835736), (0.583969, 0.671994), (0.854547, 0.777619), (0.941497, 0.684654), (0.925931, 0.728062), (0.464307, 0.878299), (0.651461, 0.42204), (0.755801, 0.829828), (0.069932, 0.327749), (0.797269, 0.940999), (0.786081, 0.7863), (0.320323, 0.622678), (0.470995, 0.878179), (0.353279, 0.4681), (0.713725, 0.699244), (0.350968, 0.620146), (0.572538, 0.574327), (0.72394, 0.812947), (0.974452, 0.752418), (0.597103, 0.882037), (0.306216, 0.570107), (0.662649, 0.782924), (0.638814, 0.738552), (0.848831, 0.721671), (0.953901, 0.592052), (0.197134, 0.38381696), (0.887989, 0.751212), (0.887381, 0.656319), (0.475981, 0.13048697), (0.781582, 0.982959), (0.565849, 0.21030802), (0.549067, 0.800769), (0.687701, 0.587591), (0.290286, 0.450616), (0.476346, 0.303634), (0.428676, 0.45821297), (0.648178, 0.602783), (0.528151, 0.28217196), (0.022262, 0.235268), (0.098996, 0.22357202), (0.456402, 0.22417498), (0.806025, 0.586385), (0.469171, 0.829225), (0.469536, 0.566731), (0.407637, 0.608812), (0.892002, 0.521395), (0.472576, 0.542375), (0.162354, 0.515607), (0.376384, 0.526097), (0.685025, 0.986336), (0.651705, 0.81343), (0.438161, 0.566972), (0.328835, 0.27976), (0.901974, 0.575171), (0.224131, 0.646432), (0.096564, 0.130005), (0.91073, 0.709373), (0.741816, 0.748319), (0.169164, 0.20222998), (0.597346, 0.898556), (0.847007, 0.917728), (0.717859, 0.544183), (0.037827, 0.444588), (0.470995, 0.831395), (0.401557, 0.16557503), (0.609385, 0.621593), (0.140343, 0.42939496), (0.897961, 0.561064), (0.8374, 0.701294), (0.437067, 0.14423299), (0.241034, 0.10926598), (0.291502, 0.10613102), (0.362764, 0.38478196), (0.7451, 0.80523), (0.678702, 0.624849), (0.229117, 0.36983), (0.152382, 0.58325), (0.660339, 0.835374), (0.930673, 0.761944), (0.515747, 0.129161), (0.341969, 0.49486804), (0.514044, 0.8115), (0.877409, 0.73192), (0.544811, 0.274817), (0.123683, 0.16762501), (0.648543, 0.883243), (0.269612, 0.44217598), (0.496898, 0.82609), (0.202363, 0.502826), (0.937362, 0.8408), (0.456159, 0.850929), (0.457862, 0.764235), (0.521827, 0.703344), (0.682715, 0.930871), (0.113346, 0.30496097), (0.583118, 0.19788897), (0.137424, 0.6146), (0.609993, 0.825367), (0.480724, 0.51621), (0.811619, 0.742169), (0.596495, 0.915437), (0.750572, 0.987903), (0.423325, 0.603145), (0.379789, 0.05078602), (0.473914, 0.837424), (0.087079, 0.48088098), (0.751423, 0.626537), (0.591144, 0.25745404), (0.846399, 0.672597), (0.821713, 0.560823), (0.518422, 0.795705), (0.531313, 0.806677), (0.511612, 0.552503), (0.268153, 0.533452), (0.484494, 0.711061), (0.438039, 0.739275), (0.032234, 0.260709), (0.092794, 0.30291104), (0.173907, 0.27554), (0.478535, 0.849241), (0.266572, 0.10661298), (0.74668, 0.714678), (0.18546, 0.40552104), (0.408489, 0.588435), (0.19458, 0.638836), (0.530583, 0.748921), (0.12198, 0.286874), (0.684904, 0.41685498), (0.566214, 0.902174), (0.632369, 0.46448302), (0.271558, 0.327991), (0.46005, 0.846467), (0.296731, 0.595187), (0.372858, 0.357893), (0.553202, 0.665603), (0.537758, 0.791485), (0.380154, 0.615203), (0.027856, 0.41432297), (0.193851, 0.174739), (0.952563, 0.638474), (0.141802, 0.13808298), (0.426608, 0.24358702), (0.917905, 0.866121), (0.8177, 0.799202), (0.476832, 0.677058), (0.628964, 0.611465), (0.867316, 0.487633), (0.836792, 0.49607396), (0.455186, 0.515125), (0.493128, 0.684534), (0.718224, 0.41540802), (0.482791, 0.790038), (0.027734, 0.48799503), (0.409097, 0.061034977), (0.321174, 0.211635), (0.039044, 0.2378), (0.4986, 0.621714), (0.356197, 0.25600696), (0.771002, 0.949681), (0.105928, 0.392258), (0.673108, 0.879988), (0.47744, 0.610018), (0.484494, 0.799925), (0.714454, 0.959206), (0.867559, 0.542978), (0.621303, 0.50584), (0.076499, 0.41854298), (0.483156, 0.770746), (0.962413, 0.852255), (0.774164, 0.56444), (0.615587, 0.845021), (0.483886, 0.841283), (0.721143, 0.666568), (0.263532, 0.074781), (0.740843, 0.540566), (0.104347, 0.502826), (0.505897, 0.785094), (0.580199, 0.707443), (0.182784, 0.528629), (0.554905, 0.13832498), (0.046097, 0.21693999), (0.772583, 0.620146), (0.108239, 0.13953), (0.165759, 0.29700303), (0.515747, 0.76544), (0.532529, 0.572398), (0.260005, 0.617494), (0.718346, 0.989591), (0.444485, 0.846709), (0.426487, 0.10323703), (0.331997, 0.46363902), (0.46528, 0.640765), (0.238602, 0.29000902), (0.10532, 0.32244396), (0.204917, 0.605677), (0.440593, 0.433856), (0.364953, 0.11794698), (0.258789, 0.041381), (0.84117, 0.539843), (0.055096, 0.30821598), (0.492641, 0.848517), (0.559404, 0.79679), (0.458834, 0.824643), (0.849318, 0.813912), (0.111522, 0.59579), (0.502127, 0.191257), (0.36471, 0.44169402), (0.436094, 0.37682402), (0.28761, 0.140495), (0.448741, 0.820061), (0.491182, 0.746028), (0.563296, 0.720345), (0.690376, 0.85117), (0.881909, 0.530076), (0.186919, 0.228033), (0.420893, 0.879023), (0.46455, 0.814635), (0.212821, 0.20235002), (0.217321, 0.392619), (0.086714, 0.573122), (0.143991, 0.29169703), (0.079782, 0.28217196), (0.312905, 0.337878), (0.470022, 0.47473204), (0.064095, 0.14990002), (0.657055, 0.728906), (0.793864, 0.667653), (0.074067, 0.24081397), (0.220118, 0.338722), (0.86841, 0.946545), (0.463212, 0.864313), (0.019951, 0.349694), (0.534596, 0.478711), (0.514409, 0.35114098), (0.855276, 0.877214), (0.15372, 0.412273), (0.751302, 0.450858), (0.405935, 0.236112), (0.482913, 0.060190976), (0.75118, 0.568419), (0.885435, 0.785577), (0.783163, 0.644503), (0.421622, 0.756277), (0.484494, 0.741928), (0.178163, 0.59579), (0.488507, 0.816806), (0.063608, 0.546715), (0.681863, 0.827658), (0.433175, 0.827658), (0.446552, 0.184143), (0.199566, 0.33124602), (0.477197, 0.789917), (0.551743, 0.780392), (0.182298, 0.492095), (0.64684, 0.49535), (0.534475, 0.717933), (0.049137, 0.260589), (0.695848, 0.548886), (0.411164, 0.867086), (0.236049, 0.45640397), (0.151774, 0.271079), (0.871937, 0.902897), (0.782676, 0.48425698), (0.546027, 0.830672), (0.454092, 0.833445), (0.438526, 0.07273102), (0.733912, 0.925686), (0.236535, 0.07876003), (0.377479, 0.26203597), (0.490817, 0.883123), (0.609507, 0.72131), (0.320323, 0.49052703), (0.742059, 0.862866), (0.214889, 0.446396), (0.568038, 0.831998), (0.546392, 0.734211), (0.449227, 0.530558), (0.655353, 0.953418), (0.099726, 0.339204), (0.903798, 0.73602), (0.535447, 0.36802197), (0.507234, 0.889151), (0.119183, 0.357773), (0.118332, 0.34161603), (0.067743, 0.260709), (0.142897, 0.22501898), (0.542136, 0.869256), (0.672256, 0.804748), (0.69293, 0.796428), (0.709347, 0.732161), (0.787662, 0.846226), (0.831198, 0.889754), (0.462483, 0.498003), (0.148369, 0.180888), (0.997436, 0.690563), (0.280435, 0.41781998), (0.486318, 0.649085), (0.860384, 0.599769), (0.495438, 0.83863), (0.864519, 0.506684), (0.378451, 0.15822), (0.252709, 0.556603), (0.223036, 0.513075), (0.733912, 0.781356), (0.453119, 0.785215), (0.896015, 0.674405), (0.688673, 0.651496), (0.421987, 0.34318304), (0.262316, 0.500173), (0.353765, 0.0061730146), (0.454335, 0.600734), (0.7648, 0.855028), (0.538609, 0.23743796), (0.082579, 0.122408986), (0.960711, 0.68791), (0.27776, 0.47569597), (0.510518, 0.824884), (0.500546, 0.855511), (0.057163, 0.364766), (0.063608, 0.177391), (0.91681, 0.784974), (0.943199, 0.70877), (0.846642, 0.624969), (0.469414, 0.32931697), (0.921674, 0.511507), (0.042692, 0.285307), (0.282624, 0.360426), (0.998044, 0.723721), (0.418217, 0.274334), (0.91681, 0.666086), (0.603426, 0.804869), (0.273017, 0.23659402), (0.281287, 0.17304999), (0.877044, 0.578306), (0.667635, 0.594946), (0.42746, 0.847432), (0.363615, 0.49848497), (0.753126, 0.682243), (0.424906, 0.793414), (0.877896, 0.638112), (0.663014, 0.694421), (0.189229, 0.35319102), (0.684782, 0.517416), (0.072729, 0.303514), (0.255749, 0.20391798), (0.792648, 0.7529), (0.725886, 0.896506), (0.471725, 0.412997), (0.123804, 0.48281002), (0.215983, 0.11372697), (0.179744, 0.457972), (0.277274, 0.20476198), (0.299163, 0.20669103), (0.424298, 0.17389399), (0.541893, 0.764235), (0.502735, 0.754106), (0.50164, 0.458695), (0.55527, 0.629431), (0.396936, 0.42119598), (0.479508, 0.387555), (0.557458, 0.262397), (0.519882, 0.40986204), (0.11821, 0.379838), (0.597103, 0.696109), (0.411286, 0.83031), (0.506383, 0.724083), (0.703023, 0.764476), (0.44412, 0.547801), (0.883125, 0.822352), (0.673594, 0.48727202), (0.553202, 0.592173), (0.602818, 0.754106), (0.773434, 0.763511), (0.342212, 0.37839103), (0.722359, 0.44965196), (0.14691, 0.20307398), (0.434999, 0.704911), (0.461875, 0.794379), (0.471238, 0.824643), (0.844818, 0.45109904), (0.471603, 0.706599), (0.452511, 0.896989), (0.359602, 0.573363), (0.570349, 0.862745), (0.165516, 0.628466), (0.215862, 0.172809), (0.797634, 0.810053), (0.639544, 0.640644), (0.385991, 0.571072), (0.397058, 0.832481), (0.995004, 0.757362), (0.914864, 0.607365), (0.507842, 0.692733), (0.3821, 0.593137), (0.311081, 0.45809197), (0.618506, 0.964632), (0.669216, 0.659575), (0.102523, 0.18944901), (0.814295, 0.43638802), (0.261829, 0.35403502), (0.852723, 0.580477), (0.709955, 0.642573), (0.809795, 0.46255302), (0.472211, 0.7904), (0.367142, 0.549609), (0.322512, 0.37224197), (0.259276, 0.40998197), (0.511977, 0.875285), (0.525232, 0.914231), (0.536907, 0.684293), (0.527543, 0.389605), (0.943807, 0.618338), (0.805296, 0.689719), (0.103131, 0.359823), (0.835576, 0.652581), (0.552351, 0.18197298), (0.988072, 0.790761), (0.125264, 0.18559003), (0.877774, 0.86166), (0.206011, 0.414685), (0.300866, 0.30471897), (0.342212, 0.31545103), (0.402287, 0.337034), (0.518057, 0.17220598), (0.765773, 0.706599), (0.039773, 0.19342798), (0.793621, 0.61472), (0.259397, 0.295435), (0.144356, 0.540204), (0.33297, 0.343907), (0.90392, 0.69213), (0.637598, 0.534055), (0.325309, 0.597237), (0.55527, 0.30737197), (0.280071, 0.30037904), (0.730263, 0.634133), (0.815024, 0.609536), (0.712144, 0.844176), (0.806998, 0.900606), (0.529367, 0.30411696), (0.946847, 0.773157), (0.319107, 0.038848996), (0.293447, 0.23900598), (0.760422, 0.739758), (0.589077, 0.828743), (0.467712, 0.766043), (0.521219, 0.846829), (0.613398, 0.777016), (0.899055, 0.844056), (0.217199, 0.14254498), (0.195431, 0.27976), (0.919242, 0.553709), (0.510761, 0.505237), (0.170623, 0.15206999), (0.286759, 0.650531), (0.804079, 0.638233), (0.485345, 0.363199), (0.123318, 0.523083), (0.053515, 0.335949), (0.437431, 0.282533), (0.443269, 0.63558), (0.343428, 0.43699098), (0.965453, 0.783527), (0.437431, 0.772916), (0.451903, 0.11529499), (0.459807, 0.15689301), (0.105077, 0.094917), (0.740722, 0.601095), (0.814781, 0.660298), (0.749478, 0.890236), (0.191054, 0.11987603), (0.589685, 0.634013), (0.418582, 0.427104), (0.27095, 0.385988), (0.302933, 0.36609304), (0.949523, 0.546957), (0.172691, 0.06995797), (0.42904, 0.31279802), (0.765895, 0.796549), (0.467225, 0.820905), (0.632491, 0.67742), (0.047678, 0.404074), (0.624343, 0.944857), (0.39803, 0.267582), (0.120643, 0.22429502), (0.200782, 0.057780027), (0.399611, 0.844779), (0.782312, 0.425416), (0.593211, 0.22345102), (0.514166, 0.27059603), (0.125507, 0.446396), (0.473184, 0.767852), (0.469901, 0.737587), (0.825239, 0.63148), (0.89188, 0.613394), (0.094254, 0.24226099), (0.630788, 0.820302), (0.489601, 0.806074), (0.476103, 0.531161), (0.178771, 0.32425296), (0.522192, 0.326905), (0.468806, 0.860937), (0.678094, 0.904706), (0.050475, 0.172809), (0.579834, 0.48883903), (0.71336, 0.788832), (0.425027, 0.527906), (0.060447, 0.282654), (0.82451, 0.764114), (0.817578, 0.710699), (0.863059, 0.837786), (0.654258, 0.563476), (0.976276, 0.661745), (0.446066, 0.799925), (0.109211, 0.174739), (0.461145, 0.57481), (0.936024, 0.600131), (0.100334, 0.283257), (0.91304, 0.725289), (0.157976, 0.048494995), (0.20893, 0.22996199), (0.392315, 0.795343), (0.173299, 0.42577803), (0.597467, 0.518862), (0.741573, 0.658248), (0.055947, 0.239488), (0.200174, 0.46882296), (0.400219, 0.526941), (0.492885, 0.41974902), (0.43585, 0.816444), (0.054123, 0.197407), (0.068229, 0.20162702), (0.811254, 0.973916), (0.910365, 0.538757), (0.809065, 0.835736), (0.308162, 0.274817), (0.076985, 0.15496397), (0.838859, 0.473526), (0.158949, 0.36356103), (0.143748, 0.46448302), (0.087322, 0.16195703), (0.915837, 0.75073), (0.07127, 0.457489), (0.533015, 0.527544), (0.496654, 0.868292), (0.062149, 0.22007501), (0.400584, 0.09346998), (0.442539, 0.349212), (0.311932, 0.39949203), (0.43962, 0.488236), (0.147153, 0.15870202), (0.728804, 0.481243), (0.446795, 0.25299203), (0.505045, 0.658731), (0.470874, 0.838751), (0.457983, 0.672115), (0.642462, 0.791726), (0.535934, 0.154482), (0.701078, 0.48244798), (0.015452, 0.25902104), (0.234468, 0.20307398), (0.837157, 0.604351), (0.456889, 0.29242098), (0.463091, 0.900003), (0.044029, 0.517777), (0.456037, 0.864795), (0.115413, 0.24418998), (0.514409, 0.596152), (0.501884, 0.393584), (0.593454, 0.558894), (0.864883, 0.525253), (0.63322, 0.572398), (0.978101, 0.604833), (0.342456, 0.548765), (0.392923, 0.19776899), (0.292475, 0.540687), (0.511004, 0.08297998), (0.18777, 0.30279), (0.465888, 0.26444697), (0.867194, 0.712025), (0.452146, 0.59591), (0.970196, 0.634495), (0.319107, 0.0019530058), (0.158098, 0.10601002), (0.733425, 0.690322), (0.655353, 0.929062), (0.453848, 0.810174), (0.894313, 0.505599), (0.079661, 0.380803), (0.546392, 0.339445), (0.535326, 0.109025), (0.4547, 0.703826), (0.497749, 0.15002), (0.785838, 0.511869), (0.475738, 0.829948), (0.894434, 0.547318), (0.692079, 0.45121896), (0.544568, 0.845262), (0.050596, 0.47292304), (0.229725, 0.048254013), (0.444849, 0.826934), (0.363859, 0.224657), (0.178042, 0.37429202), (0.444849, 0.757724), (0.122223, 0.41155), (0.907568, 0.590846), (0.386234, 0.44687903), (0.582996, 0.26878798), (0.413353, 0.13422501), (0.058379, 0.43180704), (0.661555, 0.455922), (0.022018, 0.382491), (0.437188, 0.890598), (0.28761, 0.271079), (0.772948, 0.882037), (0.41992, 0.027032971), (0.47817, 0.739034), (0.969345, 0.583371), (0.574727, 0.740602), (0.284692, 0.0026770234), (0.484737, 0.827055), (0.436337, 0.670668), (0.685025, 0.958603), (0.527543, 0.778463), (0.550648, 0.701415), (0.448619, 0.32039404), (0.288705, 0.038608015), (0.561593, 0.915557), (0.960103, 0.56444), (0.13937, 0.35234702), (0.249912, 0.37827098), (0.960467, 0.71516), (0.900758, 0.804869), (0.760301, 0.511146), (0.651461, 0.761341), (0.127574, 0.567334), (0.601845, 0.660057), (0.900393, 0.631119), (0.412988, 0.766767), (0.33224, 0.40552104), (0.289434, 0.621352), (0.938213, 0.662348), (0.674567, 0.555397), (0.166367, 0.12807602), (0.313756, 0.24322599), (0.086592, 0.322685), (0.846277, 0.560461), (0.092429, 0.405159), (0.310594, 0.14338899), (0.457618, 0.38225), (0.943929, 0.880952), (0.450322, 0.465447), (0.940037, 0.735296), (0.256965, 0.466412), (0.030531, 0.214046), (0.468077, 0.19716597), (0.528151, 0.821749), (0.142532, 0.500535), (0.842629, 0.753744), (0.480237, 0.803542), (0.079417, 0.22236598), (0.773191, 0.674767), (0.304271, 0.17606497), (0.822321, 0.930629), (0.829617, 0.825246), (0.23009, 0.31520998), (0.164665, 0.226224), (0.226928, 0.42421), (0.498235, 0.31533003), (0.412623, 0.567696), (0.708131, 0.580597), (0.349387, 0.043672025), (0.605372, 0.475334), (0.780609, 0.45471597), (0.719562, 0.869739), (0.518301, 0.735055), (0.555878, 0.506323), (0.932011, 0.642694), (0.569619, 0.847794), (0.956211, 0.744098), (0.48498, 0.27783096), (0.779271, 0.730353), (0.536055, 0.19692498), (0.568525, 0.889634), (0.733912, 0.837183), (0.20966, 0.08503002), (0.586888, 0.947992), (0.24602, 0.263241), (0.190689, 0.566731), (0.638206, 0.841162), (0.474157, 0.8115), (0.169286, 0.34463), (0.283962, 0.508975), (0.237629, 0.17184502), (0.071999, 0.354276), (0.552594, 0.551177), (0.938335, 0.557688), (0.117724, 0.15146697), (0.836306, 0.78847), (0.477684, 0.768937), (0.374438, 0.47244096), (0.667757, 0.857199), (0.507234, 0.23153001), (0.883733, 0.59579), (0.937362, 0.529955), (0.279463, 0.564802), (0.428676, 0.402507), (0.21574, 0.575292), (0.193851, 0.146644), (0.476103, 0.23755902), (0.551378, 0.22345102), (0.409948, 0.30580497), (0.564998, 0.814153), (0.929336, 0.583612), (0.135479, 0.310507), (0.33297, 0.14688498), (0.166732, 0.554794), (0.471725, 0.902053), (0.521827, 0.670185), (0.915229, 0.524771), (0.825969, 0.680917), (0.632004, 0.769902), (0.604764, 0.24418998), (0.481818, 0.446396), (0.318134, 0.07357502), (0.659001, 0.632686), (0.62337, 0.884087), (0.37383, 0.08503002), (0.928728, 0.541531), (0.962048, 0.611585), (0.451416, 0.856475), (0.472941, 0.855993), (0.436702, 0.614238), (0.958157, 0.662468), (0.346104, 0.07755399), (0.230698, 0.23213303), (0.921066, 0.905791), (0.456889, 0.736261), (0.385626, 0.501861), (0.926904, 0.705273), (0.743275, 0.956553), (0.837887, 0.51838), (0.107995, 0.42662203), (0.489601, 0.49113), (0.384775, 0.23044503), (0.241764, 0.582527), (0.025788, 0.286995), (0.537636, 0.88674), (0.592968, 0.847191), (0.463212, 0.840921), (0.415055, 0.370916), (0.857222, 0.692251), (0.543717, 0.857319), (0.001953, 0.351744), (0.420528, 0.804748), (0.652921, 0.90555), (0.894313, 0.719742), (0.56062, 0.457851), (0.68308, 0.772916), (0.101915, 0.20560598), (0.719562, 0.608571), (0.626775, 0.712869), (0.68162, 0.684654), (0.244804, 0.523565), (0.065919, 0.499691), (0.651097, 0.667894), (0.585428, 0.762185), (0.537636, 0.648843), (0.790581, 0.537552), (0.135235, 0.39671898), (0.332848, 0.572881), (0.217199, 0.28470397), (0.569862, 0.876973), (0.979438, 0.690563), (0.487047, 0.860937), (0.340753, 0.11095399), (0.80566, 0.775207), (0.45324, 0.875526), (0.79654, 0.872874), (0.015087, 0.455801), (0.301717, 0.425416), (0.224739, 0.25914204), (0.933592, 0.800166), (0.322512, 0.43180704), (0.492885, 0.10661298), (0.183514, 0.09443498), (0.55831, 0.751936), (0.573511, 0.612309), (0.59236, 0.596755), (0.329808, 0.520792), (0.488993, 0.534899), (0.8419, 0.85129), (0.619965, 0.864674), (0.371398, 0.19161898), (0.007061, 0.421678), (0.02141, 0.31738), (0.815754, 0.537913), (0.395963, 0.477143), (0.450322, 0.839715), (0.147518, 0.38104403), (0.525962, 0.25226903), (0.504437, 0.846226), (0.159071, 0.24937499), (0.267059, 0.267582), (0.064946, 0.39274), (0.290772, 0.072128), (0.797877, 0.561908), (0.518544, 0.857922), (0.157368, 0.317259), (0.895529, 0.927615), (0.75045, 0.41794002), (0.626045, 0.903982), (0.993423, 0.658972), (0.55454, 0.927133), (0.4305, 0.783406), (0.194094, 0.43663), (0.3534, 0.41082597), (0.219388, 0.017145991), (0.829009, 0.582888), (0.440107, 0.808124), (0.507478, 0.37224197), (0.762246, 0.594705), (0.46151, 0.43904102), (0.316188, 0.10697502), (0.644651, 0.704067), (0.953049, 0.812947), (0.811619, 0.51416), (0.384167, 0.390449), (0.4063, 0.396357), (0.670797, 0.750971), (0.241034, 0.34668), (0.414569, 0.20488298), (0.577402, 0.23647296), (0.702415, 0.90133), (0.317404, 0.545751), (0.524381, 0.835254), (0.417852, 0.547439), (0.403868, 0.855269), (0.495195, 0.716487), (0.70886, 0.930147), (0.091092, 0.44169402), (0.334673, 0.24925399), (0.382343, 0.33003998), (0.702658, 0.820061), (0.532286, 0.899883), (0.321539, 0.30930102), (0.614736, 0.686463), (0.520976, 0.213202), (0.727831, 0.723118), (0.709468, 0.513316), (0.382829, 0.636424), (0.128912, 0.366575), (0.342699, 0.21814597), (0.782676, 0.910614), (0.393409, 0.364766), (0.395841, 0.814756), (0.566701, 0.685619), (0.871694, 0.765199), (0.856614, 0.644864), (0.568282, 0.770987), (0.809795, 0.488598), (0.4986, 0.815118), (0.840319, 0.961738), (0.700956, 0.675732), (0.515747, 0.86576), (0.352427, 0.644382), (0.595035, 0.783647), (0.252222, 0.23478502), (0.566822, 0.24949598), (0.1598, 0.44507003), (0.388788, 0.126508), (0.69901, 0.616529), (0.220604, 0.47907197), (0.250763, 0.32208204), (0.209052, 0.36139), (0.570957, 0.16846901), (0.483642, 0.904947), (0.004264, 0.31810296), (0.694511, 0.708408), (0.784987, 0.698159), (0.130006, 0.26722002), (0.729291, 0.573966), (0.419069, 0.8197), (0.105198, 0.547318), (0.450079, 0.40805304), (0.092673, 0.36970997), (0.86768, 0.800528), (0.574605, 0.533693), (0.876558, 0.683449), (0.868775, 0.619182), (0.734763, 0.510904), (0.254898, 0.649808), (0.204674, 0.538637), (0.392436, 0.549006), (0.500668, 0.908444), (0.495317, 0.25299203), (0.946118, 0.574448), (0.546635, 0.814394), (0.095226, 0.16979504), (0.923499, 0.624366), (0.591995, 0.730353), (0.107022, 0.46255302), (0.488264, 0.21296102), (0.038071, 0.31364202), (0.132682, 0.12072003), (0.626532, 0.924118), (0.306581, 0.515848), (0.166124, 0.39418697), (0.191054, 0.201989), (0.362399, 0.32256496), (0.899785, 0.490045), (0.675905, 0.718295), (0.753855, 0.773037), (0.319593, 0.648482), (0.268639, 0.589279), (0.978709, 0.720948), (0.690376, 0.741084), (0.040138, 0.374412), (0.108482, 0.263965), (0.593576, 0.931835), (0.588225, 0.441211), (0.07504, 0.18317902), (0.451903, 0.041261017), (0.291745, 0.393102), (0.909149, 0.648602), (0.467347, 0.556844), (0.986492, 0.629792), (0.123804, 0.20464098), (0.644043, 0.861781), (0.407151, 0.45206296), (0.087444, 0.261674), (0.660582, 0.524047), (0.871329, 0.560823), (0.162719, 0.479434), (0.417488, 0.48196602), (0.535204, 0.612188), (0.355224, 0.15195), (0.352792, 0.3509), (0.481697, 0.17232698), (0.405935, 0.777498), (0.777204, 0.820664), (0.722845, 0.756759), (0.209052, 0.30845702), (0.408489, 0.504876), (0.24067, 0.14001298), (0.819889, 0.863107), (0.651097, 0.977775), (0.375411, 0.41577), (0.512828, 0.433374), (0.002561, 0.386711), (0.798364, 0.720586), (0.130006, 0.06947601), (0.584091, 0.809571), (0.504924, 0.291938), (0.387207, 0.015819013), (0.202971, 0.25552404), (0.085498, 0.34499204), (0.083674, 0.20500302), (0.8858, 0.701897), (0.6967, 0.875285), (0.46455, 0.829828), (0.25125, 0.008222997), (0.145815, 0.086355984), (0.92362, 0.568178), (0.901487, 0.768937), (0.248331, 0.433495), (0.327376, 0.18064702), (0.859898, 0.743254), (0.490817, 0.339445), (0.612547, 0.58325), (0.97652, 0.822352), (0.086349, 0.18848401), (0.180838, 0.25226903), (0.490939, 0.794861), (0.238116, 0.401421), (0.493249, 0.580356), (0.433418, 0.587832), (0.126723, 0.327267), (0.62033, 0.649687), (0.830468, 0.731679), (0.13706, 0.24636102), (0.148612, 0.335707), (0.352792, 0.523806), (0.120399, 0.10613102), (0.917905, 0.824643), (0.467104, 0.08708), (0.188135, 0.030771017), (0.895407, 0.885655)] (
                    interpolation = "faceVarying"
                )
                int[] primvars:st2:indices = [297, 76, 180, 76, 156, 180, 180, 156, 155, 155, 156, 701, 701, 156, 308, 308, 156, 942, 156, 76, 942, 155, 668, 180, 668, 297, 180, 297, 668, 399, 399, 668, 170, 170, 668, 229, 668, 155, 229, 229, 155, 221, 155, 30, 221, 30, 24, 221, 221, 24, 229, 30, 155, 126, 155, 701, 126, 126, 701, 361, 361, 701, 880, 701, 308, 880, 880, 308, 642, 642, 308, 319, 308, 942, 319, 319, 942, 757, 942, 76, 757, 757, 76, 246, 76, 297, 246, 297, 31, 246, 246, 31, 757, 31, 997, 757, 757, 997, 319, 997, 489, 319, 319, 489, 793, 793, 489, 142, 142, 489, 375, 489, 997, 375, 375, 997, 31, 30, 126, 361, 793, 723, 319, 319, 723, 642, 642, 723, 797, 723, 428, 797, 797, 428, 331, 331, 428, 817, 817, 428, 0, 0, 428, 793, 428, 723, 793, 331, 491, 797, 797, 491, 642, 642, 491, 880, 880, 491, 361, 361, 491, 45, 45, 491, 846, 491, 852, 846, 846, 852, 362, 362, 852, 909, 909, 852, 331, 852, 491, 331, 45, 846, 132, 132, 846, 343, 846, 362, 343, 45, 132, 361, 132, 906, 361, 361, 906, 30, 906, 542, 30, 30, 542, 1018, 542, 207, 1018, 207, 196, 1018, 196, 212, 1018, 212, 24, 1018, 1018, 24, 30, 207, 542, 290, 542, 906, 290, 906, 132, 290, 290, 132, 665, 132, 343, 665, 665, 343, 245, 343, 362, 245, 245, 362, 819, 819, 362, 589, 589, 362, 452, 362, 909, 452, 452, 909, 39, 909, 331, 39, 39, 331, 728, 331, 817, 728, 665, 245, 216, 245, 819, 216, 728, 792, 39, 39, 792, 452, 792, 889, 452, 452, 889, 326, 889, 939, 326, 939, 314, 326, 326, 314, 452, 314, 589, 452, 728, 173, 792, 792, 173, 889, 173, 672, 889, 889, 672, 858, 858, 672, 731, 672, 964, 731, 731, 964, 527, 527, 964, 145, 964, 672, 145, 672, 173, 145, 145, 173, 728, 858, 453, 889, 889, 453, 939, 731, 527, 440, 440, 527, 991, 527, 322, 991, 322, 667, 991, 991, 667, 94, 667, 208, 94, 94, 208, 232, 208, 785, 232, 232, 785, 146, 146, 785, 74, 785, 203, 74, 203, 54, 74, 74, 54, 577, 54, 708, 577, 577, 708, 907, 907, 708, 274, 708, 105, 274, 105, 306, 274, 274, 306, 854, 306, 1032, 854, 854, 1032, 781, 781, 1032, 695, 1032, 187, 695, 187, 134, 695, 695, 134, 213, 134, 870, 213, 213, 870, 1015, 1015, 870, 461, 870, 507, 461, 507, 63, 461, 461, 63, 435, 63, 960, 435, 435, 960, 372, 960, 818, 372, 372, 818, 339, 339, 818, 857, 818, 557, 857, 557, 626, 857, 857, 626, 971, 626, 774, 971, 971, 774, 617, 617, 774, 662, 774, 69, 662, 69, 941, 662, 662, 941, 673, 941, 741, 673, 673, 741, 520, 520, 741, 749, 741, 773, 749, 773, 764, 749, 749, 764, 369, 764, 632, 369, 369, 632, 955, 632, 191, 955, 955, 191, 29, 29, 191, 424, 191, 582, 424, 582, 447, 424, 424, 447, 443, 447, 718, 443, 443, 718, 532, 532, 718, 855, 718, 281, 855, 281, 419, 855, 855, 419, 195, 419, 641, 195, 195, 641, 172, 641, 655, 172, 172, 655, 51, 51, 655, 40, 655, 174, 40, 174, 717, 40, 40, 717, 965, 717, 549, 965, 965, 549, 802, 802, 549, 277, 549, 721, 277, 721, 588, 277, 277, 588, 497, 588, 157, 497, 497, 157, 835, 835, 157, 88, 157, 1020, 88, 1020, 206, 88, 88, 206, 355, 206, 236, 355, 355, 236, 505, 505, 236, 666, 236, 600, 666, 600, 636, 666, 666, 636, 421, 636, 782, 421, 421, 782, 160, 782, 648, 160, 160, 648, 287, 648, 508, 287, 287, 508, 683, 508, 859, 683, 859, 383, 683, 683, 383, 984, 984, 383, 566, 383, 799, 566, 799, 927, 566, 566, 927, 900, 927, 409, 900, 900, 409, 434, 434, 409, 531, 531, 409, 28, 409, 293, 28, 28, 293, 35, 35, 293, 574, 293, 927, 574, 574, 927, 799, 409, 927, 293, 35, 380, 28, 28, 380, 531, 531, 380, 882, 882, 380, 303, 380, 27, 303, 27, 18, 303, 303, 18, 260, 260, 18, 657, 18, 822, 657, 657, 822, 426, 822, 50, 426, 50, 57, 426, 426, 57, 608, 57, 33, 608, 608, 33, 762, 762, 33, 921, 33, 314, 921, 921, 314, 939, 35, 27, 380, 314, 33, 589, 589, 33, 819, 33, 164, 819, 819, 164, 216, 57, 546, 33, 546, 776, 33, 33, 776, 164, 57, 50, 546, 546, 50, 275, 50, 610, 275, 275, 610, 135, 135, 610, 775, 775, 610, 18, 18, 610, 822, 610, 50, 822, 135, 176, 275, 275, 176, 546, 546, 176, 776, 176, 794, 776, 794, 599, 776, 776, 599, 164, 164, 599, 216, 599, 149, 216, 216, 149, 665, 149, 639, 665, 639, 735, 665, 665, 735, 290, 735, 704, 290, 290, 704, 207, 704, 296, 207, 207, 296, 196, 296, 744, 196, 196, 744, 212, 599, 639, 149, 704, 735, 296, 735, 448, 296, 296, 448, 744, 744, 448, 536, 448, 422, 536, 536, 422, 490, 422, 136, 490, 136, 537, 490, 490, 537, 536, 537, 661, 536, 536, 661, 744, 661, 288, 744, 744, 288, 255, 255, 288, 883, 883, 288, 159, 288, 661, 159, 159, 661, 537, 422, 448, 735, 744, 255, 212, 212, 255, 24, 255, 400, 24, 24, 400, 229, 400, 720, 229, 229, 720, 170, 400, 255, 720, 720, 255, 410, 255, 883, 410, 410, 883, 437, 883, 159, 437, 437, 137, 410, 410, 137, 720, 137, 300, 720, 720, 300, 320, 320, 300, 669, 669, 300, 454, 300, 137, 454, 454, 137, 437, 720, 320, 170, 170, 320, 399, 320, 831, 399, 831, 904, 399, 904, 297, 399, 297, 904, 31, 904, 811, 31, 31, 811, 911, 811, 416, 911, 416, 492, 911, 492, 375, 911, 911, 375, 31, 416, 811, 663, 811, 904, 663, 904, 831, 663, 831, 320, 663, 663, 320, 256, 320, 669, 256, 256, 669, 901, 669, 454, 901, 901, 222, 256, 256, 222, 663, 222, 945, 663, 663, 945, 416, 945, 315, 416, 416, 315, 2, 315, 806, 2, 806, 67, 2, 67, 766, 2, 2, 766, 416, 416, 766, 492, 766, 20, 492, 492, 20, 375, 20, 541, 375, 375, 541, 142, 945, 222, 408, 408, 222, 901, 945, 408, 315, 315, 408, 806, 541, 20, 601, 20, 766, 601, 601, 766, 66, 766, 679, 66, 66, 679, 874, 874, 679, 270, 679, 67, 270, 270, 67, 806, 766, 67, 679, 541, 601, 95, 601, 66, 95, 66, 874, 803, 874, 961, 803, 961, 411, 803, 411, 333, 803, 803, 333, 66, 333, 332, 66, 66, 332, 95, 332, 122, 95, 95, 122, 541, 270, 961, 874, 122, 332, 292, 332, 333, 292, 292, 333, 888, 333, 62, 888, 62, 482, 888, 482, 257, 888, 888, 257, 292, 257, 122, 292, 62, 333, 550, 333, 411, 550, 550, 411, 986, 411, 961, 986, 986, 348, 550, 550, 348, 62, 348, 118, 62, 62, 118, 52, 52, 118, 523, 523, 118, 957, 118, 348, 957, 957, 348, 986, 52, 729, 62, 62, 729, 482, 729, 719, 482, 482, 719, 257, 719, 729, 317, 729, 52, 317, 317, 52, 356, 52, 335, 356, 335, 659, 356, 659, 514, 356, 356, 514, 317, 514, 719, 317, 335, 52, 985, 52, 523, 985, 985, 523, 55, 523, 957, 55, 55, 431, 985, 985, 431, 335, 431, 579, 335, 335, 579, 990, 990, 579, 709, 709, 579, 188, 579, 431, 188, 188, 431, 55, 990, 823, 335, 335, 823, 659, 823, 898, 659, 659, 898, 514, 898, 823, 483, 823, 990, 483, 990, 336, 483, 336, 708, 483, 483, 708, 898, 708, 54, 898, 54, 203, 898, 898, 203, 17, 203, 785, 17, 17, 785, 311, 785, 884, 311, 884, 391, 311, 311, 391, 514, 391, 719, 514, 898, 17, 514, 17, 311, 514, 785, 208, 884, 208, 667, 884, 884, 667, 138, 667, 322, 138, 138, 322, 630, 322, 527, 630, 630, 527, 950, 527, 145, 950, 950, 145, 856, 856, 145, 104, 145, 728, 104, 104, 728, 64, 728, 817, 64, 817, 0, 64, 64, 0, 837, 0, 793, 837, 837, 793, 215, 793, 142, 215, 142, 541, 215, 215, 541, 734, 541, 122, 734, 734, 122, 973, 122, 746, 973, 973, 746, 130, 130, 746, 205, 746, 257, 205, 205, 257, 1004, 257, 719, 1004, 1004, 719, 878, 719, 391, 878, 391, 884, 878, 884, 547, 878, 878, 547, 1004, 1004, 547, 205, 547, 130, 205, 215, 734, 837, 734, 973, 837, 837, 973, 130, 257, 746, 122, 884, 138, 547, 138, 630, 547, 547, 630, 800, 630, 950, 800, 950, 856, 800, 800, 856, 130, 856, 771, 130, 130, 771, 837, 837, 771, 64, 64, 771, 104, 771, 856, 104, 130, 547, 800, 323, 327, 458, 458, 327, 407, 407, 327, 896, 896, 327, 674, 674, 327, 328, 327, 323, 328, 328, 323, 238, 238, 323, 1001, 323, 458, 1001, 1001, 458, 930, 458, 204, 930, 204, 633, 930, 930, 633, 1001, 633, 739, 1001, 739, 53, 1001, 53, 690, 1001, 1001, 690, 238, 690, 139, 238, 139, 1022, 238, 238, 1022, 328, 1022, 1026, 328, 328, 1026, 674, 1026, 583, 674, 674, 583, 896, 583, 844, 896, 896, 844, 407, 844, 814, 407, 814, 204, 407, 407, 204, 458, 633, 363, 739, 814, 844, 280, 280, 844, 952, 844, 583, 952, 952, 583, 647, 647, 583, 386, 386, 583, 736, 583, 1026, 736, 736, 1026, 853, 1026, 1022, 853, 853, 1022, 759, 1022, 139, 759, 139, 265, 759, 265, 228, 759, 759, 228, 853, 228, 544, 853, 853, 544, 736, 544, 295, 736, 736, 295, 386, 295, 273, 386, 273, 919, 386, 386, 919, 647, 919, 70, 647, 70, 167, 647, 647, 167, 952, 167, 567, 952, 952, 567, 280, 567, 111, 280, 280, 111, 814, 111, 649, 814, 814, 649, 204, 649, 692, 204, 204, 692, 633, 692, 211, 633, 633, 211, 849, 211, 526, 849, 526, 962, 849, 849, 962, 363, 962, 503, 363, 363, 503, 739, 739, 503, 53, 503, 388, 53, 53, 388, 690, 388, 162, 690, 690, 162, 139, 162, 562, 139, 562, 171, 139, 139, 171, 265, 171, 305, 265, 265, 305, 228, 633, 849, 363, 388, 562, 162, 544, 987, 295, 295, 987, 273, 649, 787, 692, 692, 787, 211, 305, 171, 925, 171, 562, 925, 925, 562, 963, 562, 975, 963, 975, 540, 963, 540, 611, 963, 963, 611, 1025, 611, 529, 1025, 963, 1025, 925, 1025, 305, 925, 975, 562, 266, 562, 388, 266, 266, 388, 552, 388, 244, 552, 552, 244, 370, 370, 244, 948, 244, 503, 948, 948, 503, 8, 503, 962, 8, 8, 962, 276, 276, 962, 656, 656, 962, 182, 962, 526, 182, 182, 526, 654, 526, 211, 654, 211, 587, 654, 587, 107, 654, 654, 107, 182, 503, 244, 388, 975, 266, 329, 266, 552, 329, 948, 8, 840, 8, 276, 840, 587, 211, 885, 211, 787, 885, 885, 787, 535, 787, 649, 535, 649, 111, 535, 535, 111, 914, 111, 567, 914, 914, 567, 395, 395, 567, 860, 860, 567, 464, 567, 167, 464, 464, 167, 263, 167, 70, 263, 263, 70, 120, 70, 919, 120, 919, 273, 120, 120, 273, 875, 875, 273, 918, 273, 710, 918, 918, 710, 472, 472, 710, 237, 237, 710, 987, 710, 273, 987, 535, 914, 584, 914, 395, 584, 472, 175, 918, 918, 175, 875, 175, 444, 875, 875, 444, 120, 444, 675, 120, 675, 1019, 120, 120, 1019, 263, 263, 1019, 464, 1019, 712, 464, 464, 712, 860, 712, 318, 860, 860, 318, 395, 318, 571, 395, 395, 571, 298, 298, 571, 917, 917, 571, 304, 571, 318, 304, 304, 318, 1010, 318, 712, 1010, 1010, 712, 1019, 298, 978, 395, 395, 978, 584, 978, 393, 584, 584, 393, 535, 393, 946, 535, 535, 946, 885, 885, 946, 587, 946, 150, 587, 587, 150, 809, 809, 150, 220, 220, 150, 393, 150, 946, 393, 809, 643, 587, 587, 643, 107, 643, 824, 107, 107, 824, 182, 824, 643, 197, 643, 809, 197, 197, 809, 609, 609, 809, 291, 809, 10, 291, 291, 10, 928, 928, 10, 502, 10, 220, 502, 220, 393, 502, 502, 393, 702, 393, 978, 702, 978, 298, 702, 702, 298, 92, 298, 223, 92, 223, 473, 92, 473, 502, 92, 92, 502, 702, 809, 220, 10, 291, 928, 264, 223, 298, 133, 298, 917, 133, 917, 16, 133, 133, 16, 347, 16, 353, 347, 353, 808, 347, 808, 937, 347, 937, 223, 347, 347, 223, 133, 353, 16, 698, 16, 917, 698, 917, 304, 698, 304, 1010, 698, 1010, 131, 698, 698, 131, 78, 131, 825, 78, 825, 439, 78, 78, 439, 360, 439, 1, 360, 1, 353, 360, 353, 698, 360, 360, 698, 78, 825, 131, 340, 131, 1010, 340, 340, 1010, 451, 1010, 1019, 451, 451, 1019, 518, 1019, 675, 518, 518, 675, 371, 675, 444, 371, 444, 175, 371, 175, 41, 371, 41, 267, 371, 267, 519, 371, 371, 519, 968, 519, 450, 968, 450, 593, 968, 593, 825, 968, 825, 340, 968, 340, 451, 968, 451, 518, 968, 968, 518, 371, 450, 519, 474, 474, 519, 267, 474, 982, 450, 982, 418, 450, 450, 418, 593, 418, 684, 593, 593, 684, 825, 684, 828, 825, 825, 828, 439, 828, 506, 439, 506, 235, 439, 235, 316, 439, 439, 316, 1, 316, 737, 1, 1, 737, 353, 737, 158, 353, 353, 158, 808, 684, 861, 828, 828, 861, 506, 158, 737, 951, 737, 316, 951, 951, 316, 834, 834, 316, 125, 125, 316, 58, 316, 235, 58, 58, 235, 251, 235, 506, 251, 251, 506, 992, 506, 861, 992, 158, 951, 620, 951, 834, 620, 992, 651, 251, 251, 651, 58, 651, 745, 58, 58, 745, 125, 745, 381, 125, 125, 381, 834, 381, 1027, 834, 834, 1027, 618, 618, 1027, 93, 93, 1027, 783, 1027, 381, 783, 783, 381, 842, 381, 745, 842, 842, 745, 651, 618, 879, 834, 834, 879, 620, 879, 750, 620, 620, 750, 158, 750, 879, 65, 879, 618, 65, 65, 618, 815, 618, 427, 815, 427, 477, 815, 477, 177, 815, 815, 177, 65, 177, 750, 65, 427, 618, 449, 618, 93, 449, 93, 572, 449, 572, 938, 449, 449, 938, 427, 938, 433, 427, 433, 438, 427, 427, 438, 21, 438, 60, 21, 21, 60, 56, 56, 60, 910, 60, 181, 910, 910, 181, 895, 895, 181, 42, 181, 89, 42, 89, 147, 42, 42, 147, 777, 777, 147, 625, 625, 147, 1021, 1021, 147, 168, 147, 89, 168, 168, 89, 438, 89, 181, 438, 438, 181, 60, 427, 21, 477, 21, 56, 477, 477, 56, 177, 438, 714, 168, 168, 714, 1021, 438, 433, 714, 433, 938, 714, 714, 938, 881, 938, 551, 881, 551, 412, 881, 881, 412, 714, 412, 96, 714, 714, 96, 1021, 1021, 96, 625, 625, 96, 560, 560, 96, 970, 96, 412, 970, 970, 412, 91, 412, 321, 91, 91, 321, 193, 193, 321, 551, 321, 412, 551, 551, 938, 572, 91, 193, 543, 193, 337, 543, 543, 337, 143, 143, 337, 788, 337, 268, 788, 788, 268, 401, 268, 768, 401, 401, 768, 993, 768, 573, 993, 573, 613, 993, 993, 613, 406, 406, 613, 455, 613, 865, 455, 865, 278, 455, 455, 278, 325, 278, 545, 325, 325, 545, 634, 634, 545, 478, 478, 545, 484, 484, 545, 713, 545, 278, 713, 713, 278, 1013, 1013, 278, 501, 278, 865, 501, 865, 613, 501, 501, 613, 404, 404, 613, 392, 613, 573, 392, 392, 573, 867, 573, 768, 867, 867, 768, 696, 768, 268, 696, 696, 268, 337, 392, 867, 240, 240, 867, 696, 240, 929, 392, 392, 929, 404, 929, 694, 404, 404, 694, 501, 694, 36, 501, 36, 368, 501, 501, 368, 1013, 1013, 368, 713, 368, 79, 713, 79, 725, 713, 725, 998, 713, 713, 998, 484, 998, 82, 484, 484, 82, 478, 82, 128, 478, 128, 405, 478, 478, 405, 11, 11, 405, 652, 652, 405, 913, 913, 405, 357, 405, 128, 357, 357, 128, 845, 128, 82, 845, 845, 82, 534, 82, 998, 534, 534, 998, 940, 998, 725, 940, 534, 940, 845, 940, 747, 845, 845, 747, 357, 357, 747, 892, 747, 947, 892, 947, 250, 892, 250, 727, 892, 892, 727, 357, 727, 755, 357, 357, 755, 913, 755, 877, 913, 913, 877, 652, 652, 877, 152, 152, 877, 767, 767, 877, 533, 533, 877, 140, 140, 877, 75, 877, 755, 75, 755, 727, 75, 727, 460, 75, 75, 460, 140, 140, 460, 920, 460, 602, 920, 920, 602, 224, 224, 602, 635, 602, 124, 635, 124, 829, 635, 635, 829, 621, 829, 1030, 621, 621, 1030, 283, 283, 1030, 967, 1030, 310, 967, 310, 198, 967, 967, 198, 660, 198, 148, 660, 660, 148, 999, 999, 148, 354, 148, 716, 354, 716, 486, 354, 354, 486, 627, 486, 671, 627, 627, 671, 664, 671, 242, 664, 664, 242, 1006, 1006, 242, 862, 242, 644, 862, 644, 530, 862, 862, 530, 1031, 530, 521, 1031, 1031, 521, 564, 564, 521, 996, 521, 1007, 996, 1007, 1028, 996, 996, 1028, 511, 511, 1028, 358, 1028, 100, 358, 358, 100, 269, 100, 581, 269, 269, 581, 548, 581, 364, 548, 364, 575, 548, 548, 575, 470, 575, 225, 470, 470, 225, 699, 699, 225, 83, 225, 200, 83, 200, 161, 83, 83, 161, 604, 161, 791, 604, 604, 791, 6, 6, 791, 922, 791, 840, 922, 840, 276, 922, 922, 276, 798, 276, 656, 798, 798, 656, 994, 656, 182, 994, 994, 182, 839, 182, 824, 839, 947, 747, 940, 727, 602, 460, 840, 791, 948, 948, 791, 370, 791, 301, 370, 370, 301, 552, 301, 329, 552, 791, 161, 301, 161, 200, 301, 301, 200, 570, 200, 225, 570, 694, 929, 751, 929, 240, 751, 751, 252, 694, 252, 36, 694, 570, 272, 301, 301, 272, 329, 329, 272, 975, 975, 272, 540, 272, 84, 540, 540, 84, 611, 611, 84, 529, 84, 972, 529, 529, 972, 330, 972, 420, 330, 420, 711, 330, 330, 711, 1025, 711, 847, 1025, 1025, 847, 305, 847, 1017, 305, 305, 1017, 163, 1017, 495, 163, 163, 495, 228, 495, 622, 228, 228, 622, 544, 544, 622, 987, 622, 495, 987, 495, 816, 987, 987, 816, 237, 816, 732, 237, 237, 732, 472, 1025, 529, 330, 1017, 847, 711, 305, 163, 228, 732, 816, 826, 816, 495, 826, 826, 495, 1000, 495, 1017, 1000, 1000, 1017, 565, 1017, 259, 565, 565, 259, 953, 259, 711, 953, 953, 711, 103, 711, 420, 103, 103, 420, 338, 420, 972, 338, 1017, 711, 259, 1000, 780, 826, 826, 780, 732, 780, 1000, 565, 338, 43, 103, 43, 953, 103, 43, 338, 595, 595, 338, 462, 338, 972, 462, 462, 972, 442, 442, 972, 804, 972, 84, 804, 804, 84, 705, 84, 272, 705, 705, 272, 590, 272, 570, 590, 570, 225, 590, 590, 225, 576, 225, 575, 576, 575, 364, 576, 576, 364, 966, 364, 581, 966, 966, 581, 585, 581, 100, 585, 585, 100, 227, 100, 1028, 227, 227, 1028, 949, 1028, 1007, 949, 949, 1007, 628, 1007, 521, 628, 576, 705, 590, 628, 185, 949, 949, 185, 227, 185, 742, 227, 227, 742, 585, 742, 943, 585, 585, 943, 966, 943, 1016, 966, 966, 1016, 576, 1016, 1002, 576, 576, 1002, 705, 705, 1002, 804, 1002, 1016, 804, 804, 1016, 442, 1016, 559, 442, 442, 559, 462, 559, 129, 462, 462, 129, 595, 129, 185, 595, 595, 185, 498, 498, 185, 688, 185, 628, 688, 688, 628, 830, 628, 521, 830, 1016, 943, 559, 943, 742, 559, 559, 742, 129, 742, 185, 129, 595, 498, 43, 498, 753, 43, 43, 753, 183, 753, 430, 183, 430, 953, 183, 183, 953, 43, 830, 515, 688, 688, 515, 498, 498, 515, 753, 515, 494, 753, 753, 494, 430, 830, 730, 515, 730, 394, 515, 515, 394, 494, 830, 521, 730, 521, 530, 730, 530, 644, 730, 730, 644, 312, 644, 242, 312, 312, 115, 730, 730, 115, 394, 394, 115, 494, 115, 989, 494, 989, 738, 494, 494, 738, 430, 738, 262, 430, 430, 262, 953, 953, 262, 565, 565, 262, 780, 262, 605, 780, 780, 605, 389, 389, 605, 12, 12, 605, 738, 605, 262, 738, 389, 912, 780, 780, 912, 732, 912, 376, 732, 732, 376, 848, 376, 487, 848, 487, 658, 848, 848, 658, 472, 658, 479, 472, 472, 479, 175, 479, 465, 175, 175, 465, 41, 732, 848, 472, 389, 396, 912, 396, 376, 912, 465, 479, 580, 479, 658, 580, 580, 658, 689, 658, 487, 689, 689, 97, 580, 580, 97, 465, 97, 890, 465, 465, 890, 41, 41, 890, 267, 890, 466, 267, 267, 466, 474, 474, 466, 982, 982, 466, 954, 954, 466, 14, 14, 466, 19, 466, 97, 19, 19, 97, 202, 97, 886, 202, 202, 886, 646, 646, 886, 897, 897, 886, 689, 886, 97, 689, 466, 890, 97, 646, 313, 202, 202, 313, 19, 19, 313, 14, 313, 34, 14, 14, 34, 954, 34, 887, 954, 954, 887, 982, 887, 178, 982, 982, 178, 117, 117, 178, 899, 899, 178, 467, 178, 887, 467, 467, 887, 34, 982, 117, 418, 418, 117, 684, 684, 117, 861, 861, 117, 992, 117, 872, 992, 992, 872, 873, 872, 795, 873, 795, 751, 873, 873, 751, 403, 751, 517, 403, 403, 517, 651, 517, 974, 651, 651, 974, 842, 117, 899, 872, 872, 899, 795, 899, 467, 795, 873, 403, 992, 403, 651, 992, 974, 517, 240, 517, 751, 240, 240, 80, 974, 974, 80, 842, 842, 80, 979, 80, 696, 979, 979, 696, 594, 696, 337, 594, 594, 337, 32, 337, 193, 32, 193, 551, 32, 551, 988, 32, 32, 988, 594, 594, 988, 979, 979, 988, 842, 842, 988, 783, 783, 988, 93, 93, 988, 572, 988, 551, 572, 240, 696, 80, 751, 795, 252, 252, 795, 592, 795, 352, 592, 592, 352, 670, 670, 352, 522, 352, 467, 522, 522, 467, 756, 467, 34, 756, 756, 34, 373, 373, 34, 528, 34, 313, 528, 252, 592, 36, 36, 592, 368, 592, 670, 368, 467, 352, 795, 522, 756, 504, 504, 756, 373, 373, 528, 186, 186, 528, 282, 528, 313, 282, 282, 313, 789, 313, 646, 789, 789, 646, 619, 619, 646, 838, 838, 646, 9, 646, 897, 9, 9, 897, 199, 897, 689, 199, 199, 689, 397, 689, 487, 397, 487, 376, 397, 376, 396, 397, 397, 396, 377, 396, 389, 377, 389, 12, 377, 377, 12, 26, 12, 738, 26, 738, 989, 26, 989, 115, 26, 26, 115, 165, 115, 218, 165, 165, 218, 850, 218, 242, 850, 242, 671, 850, 671, 486, 850, 850, 486, 769, 486, 716, 769, 769, 716, 779, 716, 148, 779, 115, 312, 218, 312, 242, 218, 282, 789, 876, 789, 619, 876, 779, 868, 769, 769, 868, 850, 868, 116, 850, 850, 116, 165, 165, 116, 26, 116, 253, 26, 26, 253, 377, 253, 693, 377, 693, 707, 377, 377, 707, 397, 707, 1011, 397, 397, 1011, 199, 199, 1011, 9, 9, 1011, 760, 1011, 707, 760, 707, 693, 760, 760, 693, 868, 693, 253, 868, 868, 253, 116, 760, 868, 820, 868, 779, 820, 820, 779, 772, 779, 148, 772, 772, 241, 820, 820, 241, 760, 241, 981, 760, 760, 981, 9, 981, 345, 9, 9, 345, 838, 345, 981, 915, 981, 241, 915, 915, 241, 591, 241, 772, 591, 772, 148, 591, 148, 198, 591, 198, 310, 591, 591, 310, 234, 310, 1030, 234, 234, 653, 591, 591, 653, 915, 915, 653, 345, 653, 109, 345, 345, 109, 838, 838, 109, 619, 109, 398, 619, 619, 398, 876, 398, 3, 876, 876, 3, 282, 282, 3, 186, 3, 597, 186, 186, 597, 373, 373, 597, 504, 597, 607, 504, 504, 607, 522, 522, 607, 670, 670, 607, 368, 368, 607, 79, 79, 607, 725, 607, 623, 725, 725, 623, 940, 623, 754, 940, 940, 754, 947, 754, 85, 947, 947, 85, 700, 85, 3, 700, 700, 3, 294, 3, 398, 294, 398, 109, 653, 607, 597, 623, 623, 597, 754, 754, 597, 85, 597, 3, 85, 294, 983, 700, 700, 983, 947, 947, 983, 250, 983, 468, 250, 250, 468, 727, 727, 468, 602, 468, 637, 602, 602, 637, 124, 637, 73, 124, 124, 73, 829, 829, 73, 1030, 73, 509, 1030, 1030, 509, 234, 234, 509, 653, 509, 114, 653, 653, 114, 398, 114, 510, 398, 398, 510, 294, 294, 510, 983, 510, 73, 983, 73, 637, 983, 983, 637, 468, 509, 73, 114, 114, 73, 510, 632, 578, 90, 90, 578, 258, 632, 764, 578, 632, 90, 191, 90, 344, 191, 191, 344, 192, 192, 344, 615, 344, 90, 615, 90, 258, 615, 615, 258, 209, 209, 258, 640, 258, 578, 640, 640, 578, 496, 578, 764, 496, 764, 773, 496, 773, 741, 496, 496, 741, 1008, 1008, 741, 758, 741, 941, 758, 941, 69, 758, 758, 69, 561, 69, 774, 561, 561, 774, 456, 456, 774, 184, 774, 626, 184, 626, 557, 184, 184, 557, 778, 557, 818, 778, 778, 818, 359, 359, 818, 676, 818, 960, 676, 960, 63, 676, 676, 63, 724, 63, 485, 724, 724, 485, 123, 485, 827, 123, 123, 827, 365, 365, 827, 1029, 827, 870, 1029, 870, 134, 1029, 134, 187, 1029, 1029, 187, 493, 187, 1032, 493, 493, 1032, 463, 463, 1032, 279, 1032, 306, 279, 306, 105, 279, 279, 105, 336, 105, 708, 336, 191, 192, 582, 63, 507, 485, 507, 870, 485, 485, 870, 827, 336, 990, 279, 279, 990, 836, 990, 709, 836, 836, 709, 248, 709, 188, 248, 248, 188, 743, 743, 188, 553, 188, 821, 553, 553, 821, 144, 144, 821, 390, 821, 55, 390, 390, 55, 417, 55, 957, 417, 417, 957, 488, 488, 957, 102, 957, 986, 102, 55, 821, 188, 836, 555, 279, 279, 555, 463, 248, 555, 836, 390, 417, 726, 417, 488, 726, 488, 102, 166, 166, 102, 893, 102, 986, 893, 893, 986, 334, 986, 961, 334, 334, 961, 923, 961, 956, 923, 923, 956, 807, 807, 956, 385, 956, 270, 385, 385, 270, 869, 270, 806, 869, 869, 806, 525, 806, 891, 525, 525, 891, 1023, 270, 956, 961, 806, 408, 891, 408, 681, 891, 891, 681, 1023, 893, 334, 59, 59, 334, 923, 385, 869, 810, 810, 869, 525, 681, 408, 46, 408, 901, 46, 46, 901, 37, 901, 179, 37, 37, 179, 402, 402, 179, 812, 179, 454, 812, 812, 454, 763, 454, 437, 763, 763, 437, 598, 437, 194, 598, 598, 194, 341, 454, 179, 901, 437, 159, 194, 159, 189, 194, 194, 189, 341, 681, 46, 516, 516, 46, 37, 812, 763, 38, 38, 763, 598, 189, 159, 425, 159, 537, 425, 425, 537, 636, 537, 782, 636, 425, 636, 189, 636, 600, 189, 600, 236, 189, 189, 236, 341, 236, 201, 341, 341, 201, 598, 598, 201, 38, 201, 980, 38, 38, 980, 812, 812, 980, 402, 980, 832, 402, 402, 832, 37, 37, 832, 516, 832, 110, 516, 516, 110, 681, 681, 110, 1023, 110, 432, 1023, 1023, 432, 525, 525, 432, 810, 432, 441, 810, 810, 441, 385, 385, 441, 807, 441, 908, 807, 807, 908, 923, 923, 908, 59, 908, 629, 59, 59, 629, 893, 893, 629, 166, 629, 469, 166, 166, 469, 488, 488, 469, 726, 469, 995, 726, 726, 995, 390, 390, 995, 144, 995, 1024, 144, 144, 1024, 553, 1024, 703, 553, 553, 703, 743, 703, 47, 743, 743, 47, 248, 236, 206, 201, 206, 1020, 201, 201, 1020, 612, 1020, 157, 612, 980, 201, 612, 47, 703, 1012, 1012, 703, 1024, 555, 248, 413, 413, 248, 931, 248, 47, 931, 931, 47, 285, 285, 47, 902, 47, 1012, 902, 931, 285, 413, 285, 677, 413, 413, 677, 1029, 1029, 677, 365, 365, 677, 1009, 677, 285, 1009, 285, 902, 1009, 1009, 902, 71, 902, 127, 71, 71, 127, 324, 127, 801, 324, 555, 413, 463, 463, 413, 493, 413, 1029, 493, 127, 902, 1012, 71, 324, 1009, 324, 586, 1009, 1009, 586, 123, 586, 697, 123, 123, 697, 724, 697, 366, 724, 724, 366, 676, 676, 366, 359, 366, 48, 359, 48, 686, 359, 359, 686, 778, 778, 686, 184, 686, 722, 184, 722, 944, 184, 184, 944, 456, 456, 944, 561, 944, 436, 561, 561, 436, 758, 436, 650, 758, 650, 98, 758, 758, 98, 1008, 1008, 98, 496, 98, 112, 496, 496, 112, 640, 640, 112, 209, 209, 112, 977, 977, 112, 378, 112, 98, 378, 378, 98, 748, 98, 650, 748, 748, 650, 539, 650, 436, 539, 436, 944, 539, 539, 944, 682, 682, 944, 969, 944, 722, 969, 969, 722, 374, 722, 686, 374, 686, 48, 374, 374, 48, 7, 7, 48, 784, 48, 366, 784, 366, 697, 784, 784, 697, 49, 697, 586, 49, 49, 586, 563, 586, 324, 563, 324, 801, 563, 801, 101, 563, 563, 101, 784, 101, 475, 784, 784, 475, 7, 7, 475, 374, 374, 475, 350, 350, 475, 1003, 475, 101, 1003, 101, 801, 1003, 801, 127, 1003, 1003, 127, 624, 624, 127, 68, 127, 1012, 68, 1012, 1024, 68, 68, 1024, 113, 113, 1024, 554, 1024, 995, 554, 554, 995, 457, 457, 995, 924, 995, 469, 924, 924, 469, 706, 706, 469, 382, 469, 629, 382, 382, 629, 569, 569, 629, 217, 629, 908, 217, 217, 908, 446, 446, 908, 351, 908, 441, 351, 351, 441, 119, 119, 441, 770, 441, 432, 770, 770, 432, 81, 81, 432, 190, 432, 110, 190, 190, 110, 1014, 1014, 110, 833, 110, 832, 833, 833, 832, 61, 61, 832, 415, 832, 980, 415, 415, 980, 230, 980, 612, 230, 612, 157, 230, 230, 157, 740, 157, 588, 740, 588, 721, 740, 740, 721, 932, 721, 549, 932, 123, 365, 1009, 563, 784, 49, 230, 740, 415, 415, 740, 61, 740, 614, 61, 61, 614, 833, 833, 614, 1014, 614, 616, 1014, 1014, 616, 190, 190, 616, 81, 616, 379, 81, 81, 379, 770, 770, 379, 119, 379, 916, 119, 119, 916, 351, 351, 916, 446, 916, 480, 446, 446, 480, 217, 217, 480, 569, 480, 13, 569, 569, 13, 382, 382, 13, 706, 13, 271, 706, 706, 271, 924, 924, 271, 457, 271, 765, 457, 457, 765, 554, 554, 765, 113, 765, 796, 113, 113, 796, 68, 68, 796, 624, 624, 796, 1003, 796, 933, 1003, 1003, 933, 350, 933, 72, 350, 350, 72, 374, 374, 72, 969, 969, 72, 682, 72, 384, 682, 682, 384, 539, 384, 934, 539, 934, 342, 539, 539, 342, 748, 748, 342, 378, 342, 445, 378, 378, 445, 977, 445, 691, 977, 977, 691, 209, 691, 243, 209, 243, 786, 209, 209, 786, 615, 615, 786, 192, 786, 905, 192, 192, 905, 582, 582, 905, 447, 447, 905, 718, 905, 307, 718, 307, 4, 718, 718, 4, 281, 4, 596, 281, 281, 596, 419, 596, 603, 419, 419, 603, 641, 641, 603, 655, 603, 414, 655, 414, 299, 655, 655, 299, 174, 299, 210, 174, 174, 210, 717, 717, 210, 549, 210, 568, 549, 549, 568, 932, 568, 614, 932, 932, 614, 740, 691, 445, 863, 863, 445, 342, 863, 154, 691, 691, 154, 243, 614, 568, 25, 568, 210, 25, 25, 210, 476, 210, 976, 476, 976, 556, 476, 476, 556, 616, 556, 379, 616, 614, 25, 616, 25, 476, 616, 210, 299, 976, 299, 414, 976, 976, 414, 387, 414, 603, 387, 387, 603, 894, 894, 603, 935, 603, 596, 935, 596, 4, 935, 935, 4, 678, 4, 307, 678, 678, 307, 638, 307, 905, 638, 638, 905, 871, 905, 786, 871, 871, 786, 841, 786, 243, 841, 243, 154, 841, 841, 154, 851, 154, 863, 851, 851, 813, 841, 841, 813, 871, 871, 813, 638, 813, 15, 638, 638, 15, 678, 678, 15, 935, 15, 219, 935, 219, 106, 935, 935, 106, 894, 106, 302, 894, 894, 302, 387, 387, 302, 976, 302, 687, 976, 976, 687, 556, 556, 687, 379, 687, 77, 379, 379, 77, 916, 77, 715, 916, 916, 715, 805, 805, 715, 926, 715, 302, 926, 302, 106, 926, 106, 219, 926, 926, 219, 284, 219, 15, 284, 284, 15, 214, 214, 15, 851, 15, 813, 851, 687, 302, 77, 302, 715, 77, 916, 805, 480, 214, 866, 284, 284, 866, 926, 866, 214, 5, 214, 851, 5, 5, 851, 86, 851, 863, 86, 86, 863, 481, 481, 863, 606, 863, 342, 606, 606, 342, 367, 342, 934, 367, 367, 934, 903, 934, 384, 903, 384, 72, 903, 903, 72, 23, 72, 933, 23, 933, 796, 23, 23, 796, 153, 796, 765, 153, 153, 765, 459, 765, 513, 459, 513, 538, 459, 459, 538, 903, 903, 538, 367, 367, 538, 606, 606, 538, 481, 538, 471, 481, 481, 471, 86, 86, 471, 5, 471, 866, 5, 23, 153, 903, 153, 459, 903, 765, 271, 513, 271, 500, 513, 513, 500, 538, 538, 500, 471, 500, 286, 471, 471, 286, 226, 286, 13, 226, 226, 13, 151, 13, 480, 151, 151, 480, 512, 480, 805, 512, 805, 926, 512, 926, 866, 512, 512, 866, 151, 151, 866, 226, 866, 471, 226, 500, 271, 286, 271, 13, 286, 537, 136, 782, 782, 136, 648, 136, 349, 648, 648, 349, 508, 508, 349, 859, 859, 349, 558, 558, 349, 631, 349, 422, 631, 631, 422, 261, 422, 735, 261, 261, 735, 524, 735, 423, 524, 524, 423, 87, 423, 639, 87, 87, 639, 108, 639, 599, 108, 108, 599, 87, 599, 1005, 87, 87, 1005, 524, 524, 1005, 261, 1005, 247, 261, 261, 247, 631, 631, 247, 309, 247, 176, 309, 309, 176, 843, 176, 135, 843, 135, 775, 843, 843, 775, 233, 775, 18, 233, 18, 27, 233, 27, 35, 233, 233, 35, 843, 35, 645, 843, 645, 254, 843, 843, 254, 309, 309, 254, 631, 631, 254, 864, 254, 645, 864, 864, 645, 574, 645, 35, 574, 422, 349, 136, 735, 639, 423, 599, 794, 1005, 1005, 794, 247, 794, 176, 247, 574, 799, 864, 799, 383, 864, 383, 859, 864, 859, 558, 864, 864, 558, 631, 910, 958, 56, 958, 499, 56, 56, 499, 685, 499, 936, 685, 685, 936, 231, 936, 99, 231, 99, 44, 231, 231, 44, 959, 44, 790, 959, 959, 790, 750, 790, 346, 750, 750, 346, 158, 346, 22, 158, 158, 22, 808, 808, 22, 937, 22, 733, 937, 937, 733, 223, 56, 685, 177, 685, 231, 177, 231, 959, 177, 177, 959, 750, 733, 22, 752, 22, 346, 752, 346, 790, 752, 752, 790, 239, 790, 44, 239, 44, 99, 239, 99, 169, 239, 169, 429, 239, 239, 429, 289, 429, 141, 289, 141, 121, 289, 289, 121, 733, 121, 761, 733, 733, 761, 223, 223, 761, 473, 473, 761, 680, 761, 121, 680, 121, 141, 680, 141, 249, 680, 249, 264, 680, 264, 928, 680, 928, 502, 680, 680, 502, 473, 752, 239, 733, 733, 239, 289]
                int[] primvars:st:indices = [297, 76, 180, 76, 156, 180, 180, 156, 155, 155, 156, 701, 701, 156, 308, 308, 156, 942, 156, 76, 942, 155, 668, 180, 668, 297, 180, 297, 668, 399, 399, 668, 170, 170, 668, 229, 668, 155, 229, 229, 155, 221, 155, 30, 221, 30, 24, 221, 221, 24, 229, 30, 155, 126, 155, 701, 126, 126, 701, 361, 361, 701, 880, 701, 308, 880, 880, 308, 642, 642, 308, 319, 308, 942, 319, 319, 942, 757, 942, 76, 757, 757, 76, 246, 76, 297, 246, 297, 31, 246, 246, 31, 757, 31, 997, 757, 757, 997, 319, 997, 489, 319, 319, 489, 793, 793, 489, 142, 142, 489, 375, 489, 997, 375, 375, 997, 31, 30, 126, 361, 793, 723, 319, 319, 723, 642, 642, 723, 797, 723, 428, 797, 797, 428, 331, 331, 428, 817, 817, 428, 0, 0, 428, 793, 428, 723, 793, 331, 491, 797, 797, 491, 642, 642, 491, 880, 880, 491, 361, 361, 491, 45, 45, 491, 846, 491, 852, 846, 846, 852, 362, 362, 852, 909, 909, 852, 331, 852, 491, 331, 45, 846, 132, 132, 846, 343, 846, 362, 343, 45, 132, 361, 132, 906, 361, 361, 906, 30, 906, 542, 30, 30, 542, 1018, 542, 207, 1018, 207, 196, 1018, 196, 212, 1018, 212, 24, 1018, 1018, 24, 30, 207, 542, 290, 542, 906, 290, 906, 132, 290, 290, 132, 665, 132, 343, 665, 665, 343, 245, 343, 362, 245, 245, 362, 819, 819, 362, 589, 589, 362, 452, 362, 909, 452, 452, 909, 39, 909, 331, 39, 39, 331, 728, 331, 817, 728, 665, 245, 216, 245, 819, 216, 728, 792, 39, 39, 792, 452, 792, 889, 452, 452, 889, 326, 889, 939, 326, 939, 314, 326, 326, 314, 452, 314, 589, 452, 728, 173, 792, 792, 173, 889, 173, 672, 889, 889, 672, 858, 858, 672, 731, 672, 964, 731, 731, 964, 527, 527, 964, 145, 964, 672, 145, 672, 173, 145, 145, 173, 728, 858, 453, 889, 889, 453, 939, 731, 527, 440, 440, 527, 991, 527, 322, 991, 322, 667, 991, 991, 667, 94, 667, 208, 94, 94, 208, 232, 208, 785, 232, 232, 785, 146, 146, 785, 74, 785, 203, 74, 203, 54, 74, 74, 54, 577, 54, 708, 577, 577, 708, 907, 907, 708, 274, 708, 105, 274, 105, 306, 274, 274, 306, 854, 306, 1032, 854, 854, 1032, 781, 781, 1032, 695, 1032, 187, 695, 187, 134, 695, 695, 134, 213, 134, 870, 213, 213, 870, 1015, 1015, 870, 461, 870, 507, 461, 507, 63, 461, 461, 63, 435, 63, 960, 435, 435, 960, 372, 960, 818, 372, 372, 818, 339, 339, 818, 857, 818, 557, 857, 557, 626, 857, 857, 626, 971, 626, 774, 971, 971, 774, 617, 617, 774, 662, 774, 69, 662, 69, 941, 662, 662, 941, 673, 941, 741, 673, 673, 741, 520, 520, 741, 749, 741, 773, 749, 773, 764, 749, 749, 764, 369, 764, 632, 369, 369, 632, 955, 632, 191, 955, 955, 191, 29, 29, 191, 424, 191, 582, 424, 582, 447, 424, 424, 447, 443, 447, 718, 443, 443, 718, 532, 532, 718, 855, 718, 281, 855, 281, 419, 855, 855, 419, 195, 419, 641, 195, 195, 641, 172, 641, 655, 172, 172, 655, 51, 51, 655, 40, 655, 174, 40, 174, 717, 40, 40, 717, 965, 717, 549, 965, 965, 549, 802, 802, 549, 277, 549, 721, 277, 721, 588, 277, 277, 588, 497, 588, 157, 497, 497, 157, 835, 835, 157, 88, 157, 1020, 88, 1020, 206, 88, 88, 206, 355, 206, 236, 355, 355, 236, 505, 505, 236, 666, 236, 600, 666, 600, 636, 666, 666, 636, 421, 636, 782, 421, 421, 782, 160, 782, 648, 160, 160, 648, 287, 648, 508, 287, 287, 508, 683, 508, 859, 683, 859, 383, 683, 683, 383, 984, 984, 383, 566, 383, 799, 566, 799, 927, 566, 566, 927, 900, 927, 409, 900, 900, 409, 434, 434, 409, 531, 531, 409, 28, 409, 293, 28, 28, 293, 35, 35, 293, 574, 293, 927, 574, 574, 927, 799, 409, 927, 293, 35, 380, 28, 28, 380, 531, 531, 380, 882, 882, 380, 303, 380, 27, 303, 27, 18, 303, 303, 18, 260, 260, 18, 657, 18, 822, 657, 657, 822, 426, 822, 50, 426, 50, 57, 426, 426, 57, 608, 57, 33, 608, 608, 33, 762, 762, 33, 921, 33, 314, 921, 921, 314, 939, 35, 27, 380, 314, 33, 589, 589, 33, 819, 33, 164, 819, 819, 164, 216, 57, 546, 33, 546, 776, 33, 33, 776, 164, 57, 50, 546, 546, 50, 275, 50, 610, 275, 275, 610, 135, 135, 610, 775, 775, 610, 18, 18, 610, 822, 610, 50, 822, 135, 176, 275, 275, 176, 546, 546, 176, 776, 176, 794, 776, 794, 599, 776, 776, 599, 164, 164, 599, 216, 599, 149, 216, 216, 149, 665, 149, 639, 665, 639, 735, 665, 665, 735, 290, 735, 704, 290, 290, 704, 207, 704, 296, 207, 207, 296, 196, 296, 744, 196, 196, 744, 212, 599, 639, 149, 704, 735, 296, 735, 448, 296, 296, 448, 744, 744, 448, 536, 448, 422, 536, 536, 422, 490, 422, 136, 490, 136, 537, 490, 490, 537, 536, 537, 661, 536, 536, 661, 744, 661, 288, 744, 744, 288, 255, 255, 288, 883, 883, 288, 159, 288, 661, 159, 159, 661, 537, 422, 448, 735, 744, 255, 212, 212, 255, 24, 255, 400, 24, 24, 400, 229, 400, 720, 229, 229, 720, 170, 400, 255, 720, 720, 255, 410, 255, 883, 410, 410, 883, 437, 883, 159, 437, 437, 137, 410, 410, 137, 720, 137, 300, 720, 720, 300, 320, 320, 300, 669, 669, 300, 454, 300, 137, 454, 454, 137, 437, 720, 320, 170, 170, 320, 399, 320, 831, 399, 831, 904, 399, 904, 297, 399, 297, 904, 31, 904, 811, 31, 31, 811, 911, 811, 416, 911, 416, 492, 911, 492, 375, 911, 911, 375, 31, 416, 811, 663, 811, 904, 663, 904, 831, 663, 831, 320, 663, 663, 320, 256, 320, 669, 256, 256, 669, 901, 669, 454, 901, 901, 222, 256, 256, 222, 663, 222, 945, 663, 663, 945, 416, 945, 315, 416, 416, 315, 2, 315, 806, 2, 806, 67, 2, 67, 766, 2, 2, 766, 416, 416, 766, 492, 766, 20, 492, 492, 20, 375, 20, 541, 375, 375, 541, 142, 945, 222, 408, 408, 222, 901, 945, 408, 315, 315, 408, 806, 541, 20, 601, 20, 766, 601, 601, 766, 66, 766, 679, 66, 66, 679, 874, 874, 679, 270, 679, 67, 270, 270, 67, 806, 766, 67, 679, 541, 601, 95, 601, 66, 95, 66, 874, 803, 874, 961, 803, 961, 411, 803, 411, 333, 803, 803, 333, 66, 333, 332, 66, 66, 332, 95, 332, 122, 95, 95, 122, 541, 270, 961, 874, 122, 332, 292, 332, 333, 292, 292, 333, 888, 333, 62, 888, 62, 482, 888, 482, 257, 888, 888, 257, 292, 257, 122, 292, 62, 333, 550, 333, 411, 550, 550, 411, 986, 411, 961, 986, 986, 348, 550, 550, 348, 62, 348, 118, 62, 62, 118, 52, 52, 118, 523, 523, 118, 957, 118, 348, 957, 957, 348, 986, 52, 729, 62, 62, 729, 482, 729, 719, 482, 482, 719, 257, 719, 729, 317, 729, 52, 317, 317, 52, 356, 52, 335, 356, 335, 659, 356, 659, 514, 356, 356, 514, 317, 514, 719, 317, 335, 52, 985, 52, 523, 985, 985, 523, 55, 523, 957, 55, 55, 431, 985, 985, 431, 335, 431, 579, 335, 335, 579, 990, 990, 579, 709, 709, 579, 188, 579, 431, 188, 188, 431, 55, 990, 823, 335, 335, 823, 659, 823, 898, 659, 659, 898, 514, 898, 823, 483, 823, 990, 483, 990, 336, 483, 336, 708, 483, 483, 708, 898, 708, 54, 898, 54, 203, 898, 898, 203, 17, 203, 785, 17, 17, 785, 311, 785, 884, 311, 884, 391, 311, 311, 391, 514, 391, 719, 514, 898, 17, 514, 17, 311, 514, 785, 208, 884, 208, 667, 884, 884, 667, 138, 667, 322, 138, 138, 322, 630, 322, 527, 630, 630, 527, 950, 527, 145, 950, 950, 145, 856, 856, 145, 104, 145, 728, 104, 104, 728, 64, 728, 817, 64, 817, 0, 64, 64, 0, 837, 0, 793, 837, 837, 793, 215, 793, 142, 215, 142, 541, 215, 215, 541, 734, 541, 122, 734, 734, 122, 973, 122, 746, 973, 973, 746, 130, 130, 746, 205, 746, 257, 205, 205, 257, 1004, 257, 719, 1004, 1004, 719, 878, 719, 391, 878, 391, 884, 878, 884, 547, 878, 878, 547, 1004, 1004, 547, 205, 547, 130, 205, 215, 734, 837, 734, 973, 837, 837, 973, 130, 257, 746, 122, 884, 138, 547, 138, 630, 547, 547, 630, 800, 630, 950, 800, 950, 856, 800, 800, 856, 130, 856, 771, 130, 130, 771, 837, 837, 771, 64, 64, 771, 104, 771, 856, 104, 130, 547, 800, 323, 327, 458, 458, 327, 407, 407, 327, 896, 896, 327, 674, 674, 327, 328, 327, 323, 328, 328, 323, 238, 238, 323, 1001, 323, 458, 1001, 1001, 458, 930, 458, 204, 930, 204, 633, 930, 930, 633, 1001, 633, 739, 1001, 739, 53, 1001, 53, 690, 1001, 1001, 690, 238, 690, 139, 238, 139, 1022, 238, 238, 1022, 328, 1022, 1026, 328, 328, 1026, 674, 1026, 583, 674, 674, 583, 896, 583, 844, 896, 896, 844, 407, 844, 814, 407, 814, 204, 407, 407, 204, 458, 633, 363, 739, 814, 844, 280, 280, 844, 952, 844, 583, 952, 952, 583, 647, 647, 583, 386, 386, 583, 736, 583, 1026, 736, 736, 1026, 853, 1026, 1022, 853, 853, 1022, 759, 1022, 139, 759, 139, 265, 759, 265, 228, 759, 759, 228, 853, 228, 544, 853, 853, 544, 736, 544, 295, 736, 736, 295, 386, 295, 273, 386, 273, 919, 386, 386, 919, 647, 919, 70, 647, 70, 167, 647, 647, 167, 952, 167, 567, 952, 952, 567, 280, 567, 111, 280, 280, 111, 814, 111, 649, 814, 814, 649, 204, 649, 692, 204, 204, 692, 633, 692, 211, 633, 633, 211, 849, 211, 526, 849, 526, 962, 849, 849, 962, 363, 962, 503, 363, 363, 503, 739, 739, 503, 53, 503, 388, 53, 53, 388, 690, 388, 162, 690, 690, 162, 139, 162, 562, 139, 562, 171, 139, 139, 171, 265, 171, 305, 265, 265, 305, 228, 633, 849, 363, 388, 562, 162, 544, 987, 295, 295, 987, 273, 649, 787, 692, 692, 787, 211, 305, 171, 925, 171, 562, 925, 925, 562, 963, 562, 975, 963, 975, 540, 963, 540, 611, 963, 963, 611, 1025, 611, 529, 1025, 963, 1025, 925, 1025, 305, 925, 975, 562, 266, 562, 388, 266, 266, 388, 552, 388, 244, 552, 552, 244, 370, 370, 244, 948, 244, 503, 948, 948, 503, 8, 503, 962, 8, 8, 962, 276, 276, 962, 656, 656, 962, 182, 962, 526, 182, 182, 526, 654, 526, 211, 654, 211, 587, 654, 587, 107, 654, 654, 107, 182, 503, 244, 388, 975, 266, 329, 266, 552, 329, 948, 8, 840, 8, 276, 840, 587, 211, 885, 211, 787, 885, 885, 787, 535, 787, 649, 535, 649, 111, 535, 535, 111, 914, 111, 567, 914, 914, 567, 395, 395, 567, 860, 860, 567, 464, 567, 167, 464, 464, 167, 263, 167, 70, 263, 263, 70, 120, 70, 919, 120, 919, 273, 120, 120, 273, 875, 875, 273, 918, 273, 710, 918, 918, 710, 472, 472, 710, 237, 237, 710, 987, 710, 273, 987, 535, 914, 584, 914, 395, 584, 472, 175, 918, 918, 175, 875, 175, 444, 875, 875, 444, 120, 444, 675, 120, 675, 1019, 120, 120, 1019, 263, 263, 1019, 464, 1019, 712, 464, 464, 712, 860, 712, 318, 860, 860, 318, 395, 318, 571, 395, 395, 571, 298, 298, 571, 917, 917, 571, 304, 571, 318, 304, 304, 318, 1010, 318, 712, 1010, 1010, 712, 1019, 298, 978, 395, 395, 978, 584, 978, 393, 584, 584, 393, 535, 393, 946, 535, 535, 946, 885, 885, 946, 587, 946, 150, 587, 587, 150, 809, 809, 150, 220, 220, 150, 393, 150, 946, 393, 809, 643, 587, 587, 643, 107, 643, 824, 107, 107, 824, 182, 824, 643, 197, 643, 809, 197, 197, 809, 609, 609, 809, 291, 809, 10, 291, 291, 10, 928, 928, 10, 502, 10, 220, 502, 220, 393, 502, 502, 393, 702, 393, 978, 702, 978, 298, 702, 702, 298, 92, 298, 223, 92, 223, 473, 92, 473, 502, 92, 92, 502, 702, 809, 220, 10, 291, 928, 264, 223, 298, 133, 298, 917, 133, 917, 16, 133, 133, 16, 347, 16, 353, 347, 353, 808, 347, 808, 937, 347, 937, 223, 347, 347, 223, 133, 353, 16, 698, 16, 917, 698, 917, 304, 698, 304, 1010, 698, 1010, 131, 698, 698, 131, 78, 131, 825, 78, 825, 439, 78, 78, 439, 360, 439, 1, 360, 1, 353, 360, 353, 698, 360, 360, 698, 78, 825, 131, 340, 131, 1010, 340, 340, 1010, 451, 1010, 1019, 451, 451, 1019, 518, 1019, 675, 518, 518, 675, 371, 675, 444, 371, 444, 175, 371, 175, 41, 371, 41, 267, 371, 267, 519, 371, 371, 519, 968, 519, 450, 968, 450, 593, 968, 593, 825, 968, 825, 340, 968, 340, 451, 968, 451, 518, 968, 968, 518, 371, 450, 519, 474, 474, 519, 267, 474, 982, 450, 982, 418, 450, 450, 418, 593, 418, 684, 593, 593, 684, 825, 684, 828, 825, 825, 828, 439, 828, 506, 439, 506, 235, 439, 235, 316, 439, 439, 316, 1, 316, 737, 1, 1, 737, 353, 737, 158, 353, 353, 158, 808, 684, 861, 828, 828, 861, 506, 158, 737, 951, 737, 316, 951, 951, 316, 834, 834, 316, 125, 125, 316, 58, 316, 235, 58, 58, 235, 251, 235, 506, 251, 251, 506, 992, 506, 861, 992, 158, 951, 620, 951, 834, 620, 992, 651, 251, 251, 651, 58, 651, 745, 58, 58, 745, 125, 745, 381, 125, 125, 381, 834, 381, 1027, 834, 834, 1027, 618, 618, 1027, 93, 93, 1027, 783, 1027, 381, 783, 783, 381, 842, 381, 745, 842, 842, 745, 651, 618, 879, 834, 834, 879, 620, 879, 750, 620, 620, 750, 158, 750, 879, 65, 879, 618, 65, 65, 618, 815, 618, 427, 815, 427, 477, 815, 477, 177, 815, 815, 177, 65, 177, 750, 65, 427, 618, 449, 618, 93, 449, 93, 572, 449, 572, 938, 449, 449, 938, 427, 938, 433, 427, 433, 438, 427, 427, 438, 21, 438, 60, 21, 21, 60, 56, 56, 60, 910, 60, 181, 910, 910, 181, 895, 895, 181, 42, 181, 89, 42, 89, 147, 42, 42, 147, 777, 777, 147, 625, 625, 147, 1021, 1021, 147, 168, 147, 89, 168, 168, 89, 438, 89, 181, 438, 438, 181, 60, 427, 21, 477, 21, 56, 477, 477, 56, 177, 438, 714, 168, 168, 714, 1021, 438, 433, 714, 433, 938, 714, 714, 938, 881, 938, 551, 881, 551, 412, 881, 881, 412, 714, 412, 96, 714, 714, 96, 1021, 1021, 96, 625, 625, 96, 560, 560, 96, 970, 96, 412, 970, 970, 412, 91, 412, 321, 91, 91, 321, 193, 193, 321, 551, 321, 412, 551, 551, 938, 572, 91, 193, 543, 193, 337, 543, 543, 337, 143, 143, 337, 788, 337, 268, 788, 788, 268, 401, 268, 768, 401, 401, 768, 993, 768, 573, 993, 573, 613, 993, 993, 613, 406, 406, 613, 455, 613, 865, 455, 865, 278, 455, 455, 278, 325, 278, 545, 325, 325, 545, 634, 634, 545, 478, 478, 545, 484, 484, 545, 713, 545, 278, 713, 713, 278, 1013, 1013, 278, 501, 278, 865, 501, 865, 613, 501, 501, 613, 404, 404, 613, 392, 613, 573, 392, 392, 573, 867, 573, 768, 867, 867, 768, 696, 768, 268, 696, 696, 268, 337, 392, 867, 240, 240, 867, 696, 240, 929, 392, 392, 929, 404, 929, 694, 404, 404, 694, 501, 694, 36, 501, 36, 368, 501, 501, 368, 1013, 1013, 368, 713, 368, 79, 713, 79, 725, 713, 725, 998, 713, 713, 998, 484, 998, 82, 484, 484, 82, 478, 82, 128, 478, 128, 405, 478, 478, 405, 11, 11, 405, 652, 652, 405, 913, 913, 405, 357, 405, 128, 357, 357, 128, 845, 128, 82, 845, 845, 82, 534, 82, 998, 534, 534, 998, 940, 998, 725, 940, 534, 940, 845, 940, 747, 845, 845, 747, 357, 357, 747, 892, 747, 947, 892, 947, 250, 892, 250, 727, 892, 892, 727, 357, 727, 755, 357, 357, 755, 913, 755, 877, 913, 913, 877, 652, 652, 877, 152, 152, 877, 767, 767, 877, 533, 533, 877, 140, 140, 877, 75, 877, 755, 75, 755, 727, 75, 727, 460, 75, 75, 460, 140, 140, 460, 920, 460, 602, 920, 920, 602, 224, 224, 602, 635, 602, 124, 635, 124, 829, 635, 635, 829, 621, 829, 1030, 621, 621, 1030, 283, 283, 1030, 967, 1030, 310, 967, 310, 198, 967, 967, 198, 660, 198, 148, 660, 660, 148, 999, 999, 148, 354, 148, 716, 354, 716, 486, 354, 354, 486, 627, 486, 671, 627, 627, 671, 664, 671, 242, 664, 664, 242, 1006, 1006, 242, 862, 242, 644, 862, 644, 530, 862, 862, 530, 1031, 530, 521, 1031, 1031, 521, 564, 564, 521, 996, 521, 1007, 996, 1007, 1028, 996, 996, 1028, 511, 511, 1028, 358, 1028, 100, 358, 358, 100, 269, 100, 581, 269, 269, 581, 548, 581, 364, 548, 364, 575, 548, 548, 575, 470, 575, 225, 470, 470, 225, 699, 699, 225, 83, 225, 200, 83, 200, 161, 83, 83, 161, 604, 161, 791, 604, 604, 791, 6, 6, 791, 922, 791, 840, 922, 840, 276, 922, 922, 276, 798, 276, 656, 798, 798, 656, 994, 656, 182, 994, 994, 182, 839, 182, 824, 839, 947, 747, 940, 727, 602, 460, 840, 791, 948, 948, 791, 370, 791, 301, 370, 370, 301, 552, 301, 329, 552, 791, 161, 301, 161, 200, 301, 301, 200, 570, 200, 225, 570, 694, 929, 751, 929, 240, 751, 751, 252, 694, 252, 36, 694, 570, 272, 301, 301, 272, 329, 329, 272, 975, 975, 272, 540, 272, 84, 540, 540, 84, 611, 611, 84, 529, 84, 972, 529, 529, 972, 330, 972, 420, 330, 420, 711, 330, 330, 711, 1025, 711, 847, 1025, 1025, 847, 305, 847, 1017, 305, 305, 1017, 163, 1017, 495, 163, 163, 495, 228, 495, 622, 228, 228, 622, 544, 544, 622, 987, 622, 495, 987, 495, 816, 987, 987, 816, 237, 816, 732, 237, 237, 732, 472, 1025, 529, 330, 1017, 847, 711, 305, 163, 228, 732, 816, 826, 816, 495, 826, 826, 495, 1000, 495, 1017, 1000, 1000, 1017, 565, 1017, 259, 565, 565, 259, 953, 259, 711, 953, 953, 711, 103, 711, 420, 103, 103, 420, 338, 420, 972, 338, 1017, 711, 259, 1000, 780, 826, 826, 780, 732, 780, 1000, 565, 338, 43, 103, 43, 953, 103, 43, 338, 595, 595, 338, 462, 338, 972, 462, 462, 972, 442, 442, 972, 804, 972, 84, 804, 804, 84, 705, 84, 272, 705, 705, 272, 590, 272, 570, 590, 570, 225, 590, 590, 225, 576, 225, 575, 576, 575, 364, 576, 576, 364, 966, 364, 581, 966, 966, 581, 585, 581, 100, 585, 585, 100, 227, 100, 1028, 227, 227, 1028, 949, 1028, 1007, 949, 949, 1007, 628, 1007, 521, 628, 576, 705, 590, 628, 185, 949, 949, 185, 227, 185, 742, 227, 227, 742, 585, 742, 943, 585, 585, 943, 966, 943, 1016, 966, 966, 1016, 576, 1016, 1002, 576, 576, 1002, 705, 705, 1002, 804, 1002, 1016, 804, 804, 1016, 442, 1016, 559, 442, 442, 559, 462, 559, 129, 462, 462, 129, 595, 129, 185, 595, 595, 185, 498, 498, 185, 688, 185, 628, 688, 688, 628, 830, 628, 521, 830, 1016, 943, 559, 943, 742, 559, 559, 742, 129, 742, 185, 129, 595, 498, 43, 498, 753, 43, 43, 753, 183, 753, 430, 183, 430, 953, 183, 183, 953, 43, 830, 515, 688, 688, 515, 498, 498, 515, 753, 515, 494, 753, 753, 494, 430, 830, 730, 515, 730, 394, 515, 515, 394, 494, 830, 521, 730, 521, 530, 730, 530, 644, 730, 730, 644, 312, 644, 242, 312, 312, 115, 730, 730, 115, 394, 394, 115, 494, 115, 989, 494, 989, 738, 494, 494, 738, 430, 738, 262, 430, 430, 262, 953, 953, 262, 565, 565, 262, 780, 262, 605, 780, 780, 605, 389, 389, 605, 12, 12, 605, 738, 605, 262, 738, 389, 912, 780, 780, 912, 732, 912, 376, 732, 732, 376, 848, 376, 487, 848, 487, 658, 848, 848, 658, 472, 658, 479, 472, 472, 479, 175, 479, 465, 175, 175, 465, 41, 732, 848, 472, 389, 396, 912, 396, 376, 912, 465, 479, 580, 479, 658, 580, 580, 658, 689, 658, 487, 689, 689, 97, 580, 580, 97, 465, 97, 890, 465, 465, 890, 41, 41, 890, 267, 890, 466, 267, 267, 466, 474, 474, 466, 982, 982, 466, 954, 954, 466, 14, 14, 466, 19, 466, 97, 19, 19, 97, 202, 97, 886, 202, 202, 886, 646, 646, 886, 897, 897, 886, 689, 886, 97, 689, 466, 890, 97, 646, 313, 202, 202, 313, 19, 19, 313, 14, 313, 34, 14, 14, 34, 954, 34, 887, 954, 954, 887, 982, 887, 178, 982, 982, 178, 117, 117, 178, 899, 899, 178, 467, 178, 887, 467, 467, 887, 34, 982, 117, 418, 418, 117, 684, 684, 117, 861, 861, 117, 992, 117, 872, 992, 992, 872, 873, 872, 795, 873, 795, 751, 873, 873, 751, 403, 751, 517, 403, 403, 517, 651, 517, 974, 651, 651, 974, 842, 117, 899, 872, 872, 899, 795, 899, 467, 795, 873, 403, 992, 403, 651, 992, 974, 517, 240, 517, 751, 240, 240, 80, 974, 974, 80, 842, 842, 80, 979, 80, 696, 979, 979, 696, 594, 696, 337, 594, 594, 337, 32, 337, 193, 32, 193, 551, 32, 551, 988, 32, 32, 988, 594, 594, 988, 979, 979, 988, 842, 842, 988, 783, 783, 988, 93, 93, 988, 572, 988, 551, 572, 240, 696, 80, 751, 795, 252, 252, 795, 592, 795, 352, 592, 592, 352, 670, 670, 352, 522, 352, 467, 522, 522, 467, 756, 467, 34, 756, 756, 34, 373, 373, 34, 528, 34, 313, 528, 252, 592, 36, 36, 592, 368, 592, 670, 368, 467, 352, 795, 522, 756, 504, 504, 756, 373, 373, 528, 186, 186, 528, 282, 528, 313, 282, 282, 313, 789, 313, 646, 789, 789, 646, 619, 619, 646, 838, 838, 646, 9, 646, 897, 9, 9, 897, 199, 897, 689, 199, 199, 689, 397, 689, 487, 397, 487, 376, 397, 376, 396, 397, 397, 396, 377, 396, 389, 377, 389, 12, 377, 377, 12, 26, 12, 738, 26, 738, 989, 26, 989, 115, 26, 26, 115, 165, 115, 218, 165, 165, 218, 850, 218, 242, 850, 242, 671, 850, 671, 486, 850, 850, 486, 769, 486, 716, 769, 769, 716, 779, 716, 148, 779, 115, 312, 218, 312, 242, 218, 282, 789, 876, 789, 619, 876, 779, 868, 769, 769, 868, 850, 868, 116, 850, 850, 116, 165, 165, 116, 26, 116, 253, 26, 26, 253, 377, 253, 693, 377, 693, 707, 377, 377, 707, 397, 707, 1011, 397, 397, 1011, 199, 199, 1011, 9, 9, 1011, 760, 1011, 707, 760, 707, 693, 760, 760, 693, 868, 693, 253, 868, 868, 253, 116, 760, 868, 820, 868, 779, 820, 820, 779, 772, 779, 148, 772, 772, 241, 820, 820, 241, 760, 241, 981, 760, 760, 981, 9, 981, 345, 9, 9, 345, 838, 345, 981, 915, 981, 241, 915, 915, 241, 591, 241, 772, 591, 772, 148, 591, 148, 198, 591, 198, 310, 591, 591, 310, 234, 310, 1030, 234, 234, 653, 591, 591, 653, 915, 915, 653, 345, 653, 109, 345, 345, 109, 838, 838, 109, 619, 109, 398, 619, 619, 398, 876, 398, 3, 876, 876, 3, 282, 282, 3, 186, 3, 597, 186, 186, 597, 373, 373, 597, 504, 597, 607, 504, 504, 607, 522, 522, 607, 670, 670, 607, 368, 368, 607, 79, 79, 607, 725, 607, 623, 725, 725, 623, 940, 623, 754, 940, 940, 754, 947, 754, 85, 947, 947, 85, 700, 85, 3, 700, 700, 3, 294, 3, 398, 294, 398, 109, 653, 607, 597, 623, 623, 597, 754, 754, 597, 85, 597, 3, 85, 294, 983, 700, 700, 983, 947, 947, 983, 250, 983, 468, 250, 250, 468, 727, 727, 468, 602, 468, 637, 602, 602, 637, 124, 637, 73, 124, 124, 73, 829, 829, 73, 1030, 73, 509, 1030, 1030, 509, 234, 234, 509, 653, 509, 114, 653, 653, 114, 398, 114, 510, 398, 398, 510, 294, 294, 510, 983, 510, 73, 983, 73, 637, 983, 983, 637, 468, 509, 73, 114, 114, 73, 510, 632, 578, 90, 90, 578, 258, 632, 764, 578, 632, 90, 191, 90, 344, 191, 191, 344, 192, 192, 344, 615, 344, 90, 615, 90, 258, 615, 615, 258, 209, 209, 258, 640, 258, 578, 640, 640, 578, 496, 578, 764, 496, 764, 773, 496, 773, 741, 496, 496, 741, 1008, 1008, 741, 758, 741, 941, 758, 941, 69, 758, 758, 69, 561, 69, 774, 561, 561, 774, 456, 456, 774, 184, 774, 626, 184, 626, 557, 184, 184, 557, 778, 557, 818, 778, 778, 818, 359, 359, 818, 676, 818, 960, 676, 960, 63, 676, 676, 63, 724, 63, 485, 724, 724, 485, 123, 485, 827, 123, 123, 827, 365, 365, 827, 1029, 827, 870, 1029, 870, 134, 1029, 134, 187, 1029, 1029, 187, 493, 187, 1032, 493, 493, 1032, 463, 463, 1032, 279, 1032, 306, 279, 306, 105, 279, 279, 105, 336, 105, 708, 336, 191, 192, 582, 63, 507, 485, 507, 870, 485, 485, 870, 827, 336, 990, 279, 279, 990, 836, 990, 709, 836, 836, 709, 248, 709, 188, 248, 248, 188, 743, 743, 188, 553, 188, 821, 553, 553, 821, 144, 144, 821, 390, 821, 55, 390, 390, 55, 417, 55, 957, 417, 417, 957, 488, 488, 957, 102, 957, 986, 102, 55, 821, 188, 836, 555, 279, 279, 555, 463, 248, 555, 836, 390, 417, 726, 417, 488, 726, 488, 102, 166, 166, 102, 893, 102, 986, 893, 893, 986, 334, 986, 961, 334, 334, 961, 923, 961, 956, 923, 923, 956, 807, 807, 956, 385, 956, 270, 385, 385, 270, 869, 270, 806, 869, 869, 806, 525, 806, 891, 525, 525, 891, 1023, 270, 956, 961, 806, 408, 891, 408, 681, 891, 891, 681, 1023, 893, 334, 59, 59, 334, 923, 385, 869, 810, 810, 869, 525, 681, 408, 46, 408, 901, 46, 46, 901, 37, 901, 179, 37, 37, 179, 402, 402, 179, 812, 179, 454, 812, 812, 454, 763, 454, 437, 763, 763, 437, 598, 437, 194, 598, 598, 194, 341, 454, 179, 901, 437, 159, 194, 159, 189, 194, 194, 189, 341, 681, 46, 516, 516, 46, 37, 812, 763, 38, 38, 763, 598, 189, 159, 425, 159, 537, 425, 425, 537, 636, 537, 782, 636, 425, 636, 189, 636, 600, 189, 600, 236, 189, 189, 236, 341, 236, 201, 341, 341, 201, 598, 598, 201, 38, 201, 980, 38, 38, 980, 812, 812, 980, 402, 980, 832, 402, 402, 832, 37, 37, 832, 516, 832, 110, 516, 516, 110, 681, 681, 110, 1023, 110, 432, 1023, 1023, 432, 525, 525, 432, 810, 432, 441, 810, 810, 441, 385, 385, 441, 807, 441, 908, 807, 807, 908, 923, 923, 908, 59, 908, 629, 59, 59, 629, 893, 893, 629, 166, 629, 469, 166, 166, 469, 488, 488, 469, 726, 469, 995, 726, 726, 995, 390, 390, 995, 144, 995, 1024, 144, 144, 1024, 553, 1024, 703, 553, 553, 703, 743, 703, 47, 743, 743, 47, 248, 236, 206, 201, 206, 1020, 201, 201, 1020, 612, 1020, 157, 612, 980, 201, 612, 47, 703, 1012, 1012, 703, 1024, 555, 248, 413, 413, 248, 931, 248, 47, 931, 931, 47, 285, 285, 47, 902, 47, 1012, 902, 931, 285, 413, 285, 677, 413, 413, 677, 1029, 1029, 677, 365, 365, 677, 1009, 677, 285, 1009, 285, 902, 1009, 1009, 902, 71, 902, 127, 71, 71, 127, 324, 127, 801, 324, 555, 413, 463, 463, 413, 493, 413, 1029, 493, 127, 902, 1012, 71, 324, 1009, 324, 586, 1009, 1009, 586, 123, 586, 697, 123, 123, 697, 724, 697, 366, 724, 724, 366, 676, 676, 366, 359, 366, 48, 359, 48, 686, 359, 359, 686, 778, 778, 686, 184, 686, 722, 184, 722, 944, 184, 184, 944, 456, 456, 944, 561, 944, 436, 561, 561, 436, 758, 436, 650, 758, 650, 98, 758, 758, 98, 1008, 1008, 98, 496, 98, 112, 496, 496, 112, 640, 640, 112, 209, 209, 112, 977, 977, 112, 378, 112, 98, 378, 378, 98, 748, 98, 650, 748, 748, 650, 539, 650, 436, 539, 436, 944, 539, 539, 944, 682, 682, 944, 969, 944, 722, 969, 969, 722, 374, 722, 686, 374, 686, 48, 374, 374, 48, 7, 7, 48, 784, 48, 366, 784, 366, 697, 784, 784, 697, 49, 697, 586, 49, 49, 586, 563, 586, 324, 563, 324, 801, 563, 801, 101, 563, 563, 101, 784, 101, 475, 784, 784, 475, 7, 7, 475, 374, 374, 475, 350, 350, 475, 1003, 475, 101, 1003, 101, 801, 1003, 801, 127, 1003, 1003, 127, 624, 624, 127, 68, 127, 1012, 68, 1012, 1024, 68, 68, 1024, 113, 113, 1024, 554, 1024, 995, 554, 554, 995, 457, 457, 995, 924, 995, 469, 924, 924, 469, 706, 706, 469, 382, 469, 629, 382, 382, 629, 569, 569, 629, 217, 629, 908, 217, 217, 908, 446, 446, 908, 351, 908, 441, 351, 351, 441, 119, 119, 441, 770, 441, 432, 770, 770, 432, 81, 81, 432, 190, 432, 110, 190, 190, 110, 1014, 1014, 110, 833, 110, 832, 833, 833, 832, 61, 61, 832, 415, 832, 980, 415, 415, 980, 230, 980, 612, 230, 612, 157, 230, 230, 157, 740, 157, 588, 740, 588, 721, 740, 740, 721, 932, 721, 549, 932, 123, 365, 1009, 563, 784, 49, 230, 740, 415, 415, 740, 61, 740, 614, 61, 61, 614, 833, 833, 614, 1014, 614, 616, 1014, 1014, 616, 190, 190, 616, 81, 616, 379, 81, 81, 379, 770, 770, 379, 119, 379, 916, 119, 119, 916, 351, 351, 916, 446, 916, 480, 446, 446, 480, 217, 217, 480, 569, 480, 13, 569, 569, 13, 382, 382, 13, 706, 13, 271, 706, 706, 271, 924, 924, 271, 457, 271, 765, 457, 457, 765, 554, 554, 765, 113, 765, 796, 113, 113, 796, 68, 68, 796, 624, 624, 796, 1003, 796, 933, 1003, 1003, 933, 350, 933, 72, 350, 350, 72, 374, 374, 72, 969, 969, 72, 682, 72, 384, 682, 682, 384, 539, 384, 934, 539, 934, 342, 539, 539, 342, 748, 748, 342, 378, 342, 445, 378, 378, 445, 977, 445, 691, 977, 977, 691, 209, 691, 243, 209, 243, 786, 209, 209, 786, 615, 615, 786, 192, 786, 905, 192, 192, 905, 582, 582, 905, 447, 447, 905, 718, 905, 307, 718, 307, 4, 718, 718, 4, 281, 4, 596, 281, 281, 596, 419, 596, 603, 419, 419, 603, 641, 641, 603, 655, 603, 414, 655, 414, 299, 655, 655, 299, 174, 299, 210, 174, 174, 210, 717, 717, 210, 549, 210, 568, 549, 549, 568, 932, 568, 614, 932, 932, 614, 740, 691, 445, 863, 863, 445, 342, 863, 154, 691, 691, 154, 243, 614, 568, 25, 568, 210, 25, 25, 210, 476, 210, 976, 476, 976, 556, 476, 476, 556, 616, 556, 379, 616, 614, 25, 616, 25, 476, 616, 210, 299, 976, 299, 414, 976, 976, 414, 387, 414, 603, 387, 387, 603, 894, 894, 603, 935, 603, 596, 935, 596, 4, 935, 935, 4, 678, 4, 307, 678, 678, 307, 638, 307, 905, 638, 638, 905, 871, 905, 786, 871, 871, 786, 841, 786, 243, 841, 243, 154, 841, 841, 154, 851, 154, 863, 851, 851, 813, 841, 841, 813, 871, 871, 813, 638, 813, 15, 638, 638, 15, 678, 678, 15, 935, 15, 219, 935, 219, 106, 935, 935, 106, 894, 106, 302, 894, 894, 302, 387, 387, 302, 976, 302, 687, 976, 976, 687, 556, 556, 687, 379, 687, 77, 379, 379, 77, 916, 77, 715, 916, 916, 715, 805, 805, 715, 926, 715, 302, 926, 302, 106, 926, 106, 219, 926, 926, 219, 284, 219, 15, 284, 284, 15, 214, 214, 15, 851, 15, 813, 851, 687, 302, 77, 302, 715, 77, 916, 805, 480, 214, 866, 284, 284, 866, 926, 866, 214, 5, 214, 851, 5, 5, 851, 86, 851, 863, 86, 86, 863, 481, 481, 863, 606, 863, 342, 606, 606, 342, 367, 342, 934, 367, 367, 934, 903, 934, 384, 903, 384, 72, 903, 903, 72, 23, 72, 933, 23, 933, 796, 23, 23, 796, 153, 796, 765, 153, 153, 765, 459, 765, 513, 459, 513, 538, 459, 459, 538, 903, 903, 538, 367, 367, 538, 606, 606, 538, 481, 538, 471, 481, 481, 471, 86, 86, 471, 5, 471, 866, 5, 23, 153, 903, 153, 459, 903, 765, 271, 513, 271, 500, 513, 513, 500, 538, 538, 500, 471, 500, 286, 471, 471, 286, 226, 286, 13, 226, 226, 13, 151, 13, 480, 151, 151, 480, 512, 480, 805, 512, 805, 926, 512, 926, 866, 512, 512, 866, 151, 151, 866, 226, 866, 471, 226, 500, 271, 286, 271, 13, 286, 537, 136, 782, 782, 136, 648, 136, 349, 648, 648, 349, 508, 508, 349, 859, 859, 349, 558, 558, 349, 631, 349, 422, 631, 631, 422, 261, 422, 735, 261, 261, 735, 524, 735, 423, 524, 524, 423, 87, 423, 639, 87, 87, 639, 108, 639, 599, 108, 108, 599, 87, 599, 1005, 87, 87, 1005, 524, 524, 1005, 261, 1005, 247, 261, 261, 247, 631, 631, 247, 309, 247, 176, 309, 309, 176, 843, 176, 135, 843, 135, 775, 843, 843, 775, 233, 775, 18, 233, 18, 27, 233, 27, 35, 233, 233, 35, 843, 35, 645, 843, 645, 254, 843, 843, 254, 309, 309, 254, 631, 631, 254, 864, 254, 645, 864, 864, 645, 574, 645, 35, 574, 422, 349, 136, 735, 639, 423, 599, 794, 1005, 1005, 794, 247, 794, 176, 247, 574, 799, 864, 799, 383, 864, 383, 859, 864, 859, 558, 864, 864, 558, 631, 910, 958, 56, 958, 499, 56, 56, 499, 685, 499, 936, 685, 685, 936, 231, 936, 99, 231, 99, 44, 231, 231, 44, 959, 44, 790, 959, 959, 790, 750, 790, 346, 750, 750, 346, 158, 346, 22, 158, 158, 22, 808, 808, 22, 937, 22, 733, 937, 937, 733, 223, 56, 685, 177, 685, 231, 177, 231, 959, 177, 177, 959, 750, 733, 22, 752, 22, 346, 752, 346, 790, 752, 752, 790, 239, 790, 44, 239, 44, 99, 239, 99, 169, 239, 169, 429, 239, 239, 429, 289, 429, 141, 289, 141, 121, 289, 289, 121, 733, 121, 761, 733, 733, 761, 223, 223, 761, 473, 473, 761, 680, 761, 121, 680, 121, 141, 680, 141, 249, 680, 249, 264, 680, 264, 928, 680, 928, 502, 680, 680, 502, 473, 752, 239, 733, 733, 239, 289]
                color3f[] primvars:vertexColor = [(1, 1, 1)] (
                    interpolation = "constant"
                )
                uniform token subdivisionScheme = "none"
            }
        }

        def Xform "Collisions"
        {
            quatd xformOp:orient = (1, 0, 0, 0)
            double3 xformOp:scale = (1, 1, 1)
            double3 xformOp:translate = (0, 0, 0)
            uniform token[] xformOpOrder = ["xformOp:translate", "xformOp:orient", "xformOp:scale"]

            def Mesh "Orange003_C" (
                prepend apiSchemas = ["MaterialBindingAPI", "PhysicsCollisionAPI", "PhysicsMeshCollisionAPI"]
                customData = {
                    dictionary "3dsmax" = {
                        int matId = 1
                    }
                }
            )
            {
                float3[] extent = [(-0.028739177, -0.027826857, 5.5220658e-11), (0.028739177, 0.027826857, 0.041775685)]
                int[] faceVertexCounts = [3, 3, 3, 3, 3, 3, 3, 3, 3, 3, 3, 3, 3, 3, 3, 3, 3, 3, 3, 3, 3, 3, 3, 3, 3, 3, 3, 3, 3, 3, 3, 3, 3, 3, 3, 3, 3, 3, 3, 3, 3, 3, 3, 3, 3, 3, 3, 3, 3, 3, 3, 3, 3, 3, 3, 3, 3, 3, 3, 3, 3, 3, 3, 3, 3, 3, 3, 3, 3, 3, 3, 3, 3, 3, 3, 3, 3, 3, 3, 3, 3, 3, 3, 3, 3, 3, 3, 3, 3, 3, 3, 3, 3, 3, 3, 3, 3, 3, 3, 3, 3, 3, 3, 3, 3, 3, 3, 3, 3, 3, 3, 3, 3, 3, 3, 3, 3, 3, 3, 3, 3, 3, 3, 3, 3, 3, 3, 3, 3, 3, 3, 3, 3, 3, 3, 3, 3, 3, 3, 3, 3, 3, 3, 3, 3, 3, 3, 3, 3, 3, 3, 3, 3, 3, 3, 3, 3, 3, 3, 3, 3, 3, 3, 3, 3, 3, 3, 3, 3, 3, 3, 3, 3, 3, 3, 3, 3, 3, 3, 3, 3, 3, 3, 3, 3, 3, 3, 3, 3, 3, 3, 3, 3, 3, 3, 3, 3, 3, 3, 3, 3, 3, 3, 3, 3, 3, 3, 3, 3, 3, 3, 3, 3, 3, 3, 3, 3, 3, 3, 3, 3, 3, 3, 3, 3, 3, 3, 3, 3, 3, 3, 3, 3, 3, 3, 3, 3, 3, 3, 3, 3, 3, 3, 3, 3, 3, 3, 3, 3, 3, 3, 3, 3, 3, 3, 3, 3, 3, 3, 3, 3, 3, 3, 3, 3, 3, 3, 3, 3, 3, 3, 3, 3, 3, 3, 3, 3, 3, 3, 3, 3, 3, 3, 3, 3, 3, 3, 3, 3, 3, 3, 3, 3, 3, 3, 3, 3, 3, 3, 3, 3, 3, 3, 3, 3, 3, 3, 3, 3, 3, 3, 3, 3, 3, 3, 3, 3, 3, 3, 3, 3, 3, 3, 3, 3, 3, 3, 3, 3, 3, 3, 3, 3, 3, 3, 3, 3, 3, 3, 3, 3, 3, 3, 3, 3, 3, 3, 3, 3, 3, 3, 3, 3, 3, 3, 3, 3, 3, 3, 3, 3, 3, 3, 3, 3, 3, 3, 3, 3, 3, 3, 3, 3, 3, 3, 3, 3, 3, 3, 3, 3, 3, 3, 3, 3, 3, 3, 3, 3, 3, 3, 3, 3, 3, 3, 3, 3, 3, 3, 3, 3, 3, 3, 3, 3, 3, 3, 3, 3, 3, 3, 3, 3, 3, 3, 3, 3, 3, 3, 3, 3, 3, 3, 3, 3, 3, 3, 3, 3, 3, 3, 3, 3, 3, 3, 3, 3, 3, 3, 3, 3, 3, 3, 3, 3, 3, 3, 3, 3, 3, 3, 3, 3, 3, 3, 3, 3, 3, 3, 3, 3, 3, 3, 3, 3, 3, 3, 3, 3, 3, 3, 3, 3, 3, 3, 3, 3, 3, 3, 3, 3, 3, 3, 3, 3, 3, 3, 3, 3, 3, 3, 3, 3, 3, 3, 3, 3, 3, 3, 3, 3, 3, 3, 3, 3, 3, 3, 3, 3, 3, 3, 3, 3, 3, 3, 3, 3, 3, 3, 3, 3, 3, 3, 3, 3, 3, 3, 3, 3, 3, 3, 3, 3, 3, 3, 3, 3, 3, 3, 3, 3, 3, 3, 3, 3, 3, 3, 3, 3, 3, 3, 3, 3, 3, 3, 3, 3, 3, 3, 3, 3, 3, 3, 3, 3, 3, 3, 3, 3, 3, 3, 3, 3, 3, 3, 3, 3, 3, 3, 3, 3, 3, 3, 3, 3, 3, 3, 3, 3, 3, 3, 3, 3, 3, 3, 3, 3, 3, 3, 3, 3, 3, 3, 3, 3, 3, 3, 3, 3, 3, 3, 3, 3, 3, 3, 3, 3, 3, 3, 3, 3, 3, 3, 3, 3, 3, 3, 3, 3, 3, 3, 3, 3, 3, 3, 3, 3, 3, 3, 3, 3, 3, 3, 3, 3, 3, 3, 3, 3, 3, 3, 3, 3, 3, 3, 3, 3, 3, 3, 3, 3, 3, 3, 3, 3, 3, 3, 3, 3, 3, 3, 3, 3, 3, 3, 3, 3, 3, 3, 3, 3, 3, 3, 3, 3, 3, 3, 3, 3, 3, 3, 3, 3, 3, 3, 3, 3, 3, 3, 3, 3, 3, 3, 3, 3, 3, 3, 3, 3, 3, 3, 3, 3, 3, 3, 3, 3, 3, 3, 3, 3, 3, 3, 3, 3, 3, 3, 3, 3, 3, 3, 3, 3, 3, 3, 3, 3, 3, 3, 3, 3, 3, 3, 3, 3, 3, 3, 3, 3, 3, 3, 3, 3, 3, 3, 3, 3, 3, 3, 3, 3, 3, 3, 3, 3, 3, 3, 3, 3, 3, 3, 3, 3, 3, 3, 3, 3, 3, 3, 3, 3, 3, 3, 3, 3, 3, 3, 3, 3, 3, 3, 3, 3, 3, 3, 3, 3, 3, 3, 3, 3, 3, 3, 3, 3, 3, 3, 3, 3, 3, 3, 3, 3, 3, 3, 3, 3, 3, 3, 3, 3, 3, 3, 3, 3, 3, 3, 3, 3, 3, 3, 3, 3, 3, 3, 3, 3, 3, 3, 3, 3, 3, 3, 3, 3, 3, 3, 3, 3, 3, 3, 3, 3, 3, 3, 3, 3, 3, 3, 3, 3, 3, 3, 3, 3, 3, 3, 3, 3, 3, 3, 3, 3, 3, 3, 3, 3, 3, 3, 3, 3, 3, 3, 3, 3, 3, 3, 3, 3, 3, 3, 3, 3, 3, 3, 3, 3, 3, 3, 3, 3, 3, 3, 3, 3, 3, 3, 3, 3, 3, 3, 3, 3, 3, 3, 3, 3, 3, 3, 3, 3, 3, 3, 3, 3, 3, 3, 3, 3, 3, 3, 3, 3, 3, 3, 3, 3, 3, 3, 3, 3, 3, 3, 3, 3, 3, 3, 3, 3, 3, 3, 3, 3, 3, 3, 3, 3, 3, 3, 3, 3, 3, 3, 3, 3, 3, 3, 3, 3, 3, 3, 3, 3, 3, 3, 3, 3, 3, 3, 3, 3, 3, 3, 3, 3, 3, 3, 3, 3, 3, 3, 3, 3, 3, 3, 3, 3, 3, 3, 3, 3, 3, 3, 3, 3, 3, 3, 3, 3, 3, 3, 3, 3, 3, 3, 3, 3, 3, 3, 3, 3, 3, 3, 3, 3, 3, 3, 3, 3, 3, 3, 3, 3, 3, 3, 3, 3, 3, 3, 3, 3, 3, 3, 3, 3, 3, 3, 3, 3, 3, 3, 3, 3, 3, 3, 3, 3, 3, 3, 3, 3, 3, 3, 3, 3, 3, 3, 3, 3, 3, 3, 3, 3, 3, 3, 3, 3, 3, 3, 3, 3, 3, 3, 3, 3, 3, 3, 3, 3, 3, 3, 3, 3, 3, 3, 3, 3, 3, 3, 3, 3, 3, 3, 3, 3, 3, 3, 3, 3, 3, 3, 3, 3, 3, 3, 3, 3, 3, 3, 3, 3, 3, 3, 3, 3, 3, 3, 3, 3, 3, 3, 3, 3, 3, 3, 3, 3, 3, 3, 3, 3, 3, 3, 3, 3, 3, 3, 3, 3, 3, 3, 3, 3, 3, 3, 3, 3, 3, 3, 3, 3, 3, 3, 3, 3, 3, 3, 3, 3, 3, 3, 3, 3, 3, 3, 3, 3, 3, 3, 3, 3, 3, 3, 3, 3, 3, 3, 3, 3, 3, 3, 3, 3, 3, 3, 3, 3, 3, 3, 3, 3, 3, 3, 3, 3, 3, 3, 3, 3, 3, 3, 3, 3, 3, 3, 3, 3, 3, 3, 3, 3, 3, 3, 3, 3, 3, 3, 3, 3, 3, 3, 3, 3, 3, 3, 3, 3, 3, 3, 3, 3, 3, 3, 3, 3, 3, 3, 3, 3, 3, 3, 3, 3, 3, 3, 3, 3, 3, 3, 3, 3, 3, 3, 3, 3, 3, 3, 3, 3, 3, 3, 3, 3, 3, 3, 3, 3, 3, 3, 3, 3, 3, 3, 3, 3, 3, 3, 3, 3, 3, 3, 3, 3, 3, 3, 3, 3, 3, 3, 3, 3, 3, 3, 3, 3, 3, 3, 3, 3, 3, 3, 3, 3, 3, 3, 3, 3, 3, 3, 3, 3, 3, 3, 3, 3, 3, 3, 3, 3, 3, 3, 3, 3, 3, 3, 3, 3, 3, 3, 3, 3, 3, 3, 3, 3, 3, 3, 3, 3, 3, 3, 3, 3, 3, 3, 3, 3, 3, 3, 3, 3, 3, 3, 3, 3, 3, 3, 3, 3, 3, 3, 3, 3, 3, 3, 3, 3, 3, 3, 3, 3, 3, 3, 3, 3, 3, 3, 3, 3, 3, 3, 3, 3, 3, 3, 3, 3, 3, 3, 3, 3, 3, 3, 3, 3, 3, 3, 3, 3, 3, 3, 3, 3, 3, 3, 3, 3, 3, 3, 3, 3, 3, 3, 3, 3, 3, 3, 3, 3, 3, 3, 3, 3, 3, 3, 3, 3, 3, 3, 3, 3, 3, 3, 3, 3, 3, 3, 3, 3, 3, 3, 3, 3, 3, 3, 3, 3, 3, 3, 3, 3, 3, 3, 3, 3, 3, 3, 3, 3, 3, 3, 3, 3, 3, 3, 3, 3, 3, 3, 3, 3, 3, 3, 3, 3, 3, 3, 3, 3, 3, 3, 3, 3, 3, 3, 3, 3, 3, 3, 3, 3, 3, 3, 3, 3, 3, 3, 3, 3, 3, 3, 3, 3, 3, 3, 3, 3, 3, 3, 3, 3, 3, 3, 3, 3, 3, 3, 3, 3, 3, 3, 3, 3, 3, 3, 3, 3, 3, 3, 3, 3, 3, 3, 3, 3, 3, 3, 3, 3, 3, 3, 3, 3, 3, 3, 3, 3, 3, 3, 3, 3, 3, 3, 3, 3, 3, 3, 3, 3, 3, 3, 3, 3, 3, 3, 3, 3, 3, 3, 3, 3, 3, 3, 3, 3, 3, 3, 3, 3, 3, 3, 3, 3, 3, 3, 3, 3, 3, 3, 3, 3, 3, 3, 3, 3, 3, 3, 3, 3, 3, 3, 3, 3, 3, 3, 3, 3, 3, 3, 3, 3, 3, 3, 3, 3, 3, 3, 3, 3, 3, 3, 3, 3, 3, 3, 3, 3, 3, 3, 3, 3, 3, 3, 3, 3, 3, 3, 3, 3, 3, 3, 3, 3, 3, 3, 3, 3, 3, 3, 3, 3, 3, 3, 3, 3, 3, 3, 3, 3, 3, 3, 3, 3, 3, 3, 3, 3, 3, 3, 3, 3, 3, 3, 3, 3, 3, 3, 3, 3, 3, 3, 3, 3, 3, 3, 3, 3, 3, 3, 3, 3, 3, 3, 3, 3, 3, 3, 3, 3, 3, 3, 3, 3, 3, 3, 3, 3, 3, 3, 3, 3, 3, 3, 3, 3, 3, 3, 3, 3, 3, 3, 3, 3, 3, 3, 3, 3, 3, 3, 3, 3, 3, 3, 3, 3, 3, 3, 3, 3, 3, 3, 3, 3, 3, 3, 3, 3, 3, 3, 3, 3, 3, 3, 3, 3, 3, 3, 3, 3, 3, 3, 3, 3, 3, 3, 3, 3, 3, 3, 3, 3, 3, 3, 3, 3, 3, 3, 3, 3, 3, 3, 3, 3, 3, 3, 3, 3, 3, 3, 3, 3, 3, 3, 3, 3, 3, 3, 3, 3, 3, 3, 3, 3, 3, 3, 3, 3, 3, 3, 3, 3, 3, 3, 3, 3, 3, 3, 3, 3, 3, 3, 3, 3, 3, 3, 3, 3, 3, 3, 3, 3, 3, 3, 3, 3, 3, 3, 3, 3, 3, 3, 3, 3, 3, 3, 3, 3, 3, 3, 3, 3, 3, 3, 3, 3, 3, 3, 3, 3, 3, 3, 3, 3, 3, 3, 3, 3, 3, 3, 3, 3, 3, 3, 3, 3, 3, 3, 3, 3, 3, 3, 3, 3, 3, 3, 3, 3, 3, 3, 3, 3, 3, 3, 3, 3, 3, 3, 3, 3, 3, 3, 3, 3, 3, 3, 3, 3, 3, 3, 3, 3, 3, 3, 3, 3, 3, 3, 3, 3, 3]
                int[] faceVertexIndices = [0, 1, 2, 1, 3, 2, 2, 3, 4, 4, 3, 5, 5, 3, 6, 6, 3, 7, 3, 1, 7, 4, 8, 2, 8, 0, 2, 0, 8, 9, 9, 8, 10, 10, 8, 11, 8, 4, 11, 11, 4, 12, 4, 13, 12, 13, 14, 12, 12, 14, 11, 13, 4, 15, 4, 5, 15, 15, 5, 16, 16, 5, 17, 5, 6, 17, 17, 6, 18, 18, 6, 19, 6, 7, 19, 19, 7, 20, 7, 1, 20, 20, 1, 21, 1, 0, 21, 0, 22, 21, 21, 22, 20, 22, 23, 20, 20, 23, 19, 23, 24, 19, 19, 24, 25, 25, 24, 26, 26, 24, 27, 24, 23, 27, 27, 23, 22, 13, 15, 16, 25, 28, 19, 19, 28, 18, 18, 28, 29, 28, 30, 29, 29, 30, 31, 31, 30, 32, 32, 30, 33, 33, 30, 25, 30, 28, 25, 31, 34, 29, 29, 34, 18, 18, 34, 17, 17, 34, 16, 16, 34, 35, 35, 34, 36, 34, 37, 36, 36, 37, 38, 38, 37, 39, 39, 37, 31, 37, 34, 31, 35, 36, 40, 40, 36, 41, 36, 38, 41, 35, 40, 16, 40, 42, 16, 16, 42, 13, 42, 43, 13, 13, 43, 44, 43, 45, 44, 45, 46, 44, 46, 47, 44, 47, 14, 44, 44, 14, 13, 45, 43, 48, 43, 42, 48, 42, 40, 48, 48, 40, 49, 40, 41, 49, 49, 41, 50, 41, 38, 50, 50, 38, 51, 51, 38, 52, 52, 38, 53, 38, 39, 53, 53, 39, 54, 39, 31, 54, 54, 31, 55, 31, 32, 55, 49, 50, 56, 50, 51, 56, 55, 57, 54, 54, 57, 53, 57, 58, 53, 53, 58, 59, 58, 60, 59, 60, 61, 59, 59, 61, 53, 61, 52, 53, 55, 62, 57, 57, 62, 58, 62, 63, 58, 58, 63, 64, 64, 63, 462, 63, 65, 462, 462, 65, 66, 66, 65, 67, 65, 63, 67, 63, 62, 67, 67, 62, 55, 64, 465, 58, 58, 465, 60, 462, 66, 461, 461, 66, 459, 66, 68, 459, 68, 69, 459, 459, 69, 70, 69, 71, 70, 70, 71, 947, 71, 72, 947, 947, 72, 949, 949, 72, 951, 72, 73, 951, 73, 74, 951, 951, 74, 960, 74, 75, 960, 960, 75, 76, 76, 75, 962, 75, 77, 962, 77, 78, 962, 962, 78, 966, 78, 79, 966, 966, 79, 394, 394, 79, 386, 79, 80, 386, 80, 81, 386, 386, 81, 82, 81, 83, 82, 82, 83, 385, 385, 83, 84, 83, 85, 84, 85, 86, 84, 84, 86, 562, 86, 87, 562, 562, 87, 88, 87, 89, 88, 88, 89, 561, 561, 89, 560, 89, 90, 560, 90, 91, 560, 560, 91, 92, 91, 93, 92, 92, 93, 558, 558, 93, 94, 93, 95, 94, 95, 96, 94, 94, 96, 555, 96, 97, 555, 555, 97, 98, 98, 97, 99, 97, 100, 99, 100, 101, 99, 99, 101, 550, 101, 102, 550, 550, 102, 548, 102, 103, 548, 548, 103, 104, 104, 103, 105, 103, 106, 105, 106, 107, 105, 105, 107, 545, 107, 108, 545, 545, 108, 543, 543, 108, 109, 108, 110, 109, 110, 111, 109, 109, 111, 540, 111, 112, 540, 540, 112, 113, 112, 114, 113, 113, 114, 537, 537, 114, 534, 114, 115, 534, 115, 116, 534, 534, 116, 117, 116, 118, 117, 117, 118, 119, 119, 118, 120, 118, 121, 120, 121, 122, 120, 120, 122, 530, 122, 123, 530, 530, 123, 124, 124, 123, 125, 123, 126, 125, 126, 127, 125, 125, 127, 128, 127, 129, 128, 128, 129, 525, 525, 129, 130, 129, 131, 130, 131, 132, 130, 130, 132, 133, 132, 134, 133, 133, 134, 522, 134, 135, 522, 522, 135, 136, 135, 137, 136, 136, 137, 509, 137, 138, 509, 138, 139, 509, 509, 139, 508, 508, 139, 488, 139, 140, 488, 140, 141, 488, 488, 141, 142, 141, 143, 142, 142, 143, 144, 144, 143, 484, 484, 143, 145, 143, 146, 145, 145, 146, 147, 147, 146, 148, 146, 141, 148, 148, 141, 140, 143, 141, 146, 147, 149, 145, 145, 149, 484, 484, 149, 483, 483, 149, 150, 149, 151, 150, 151, 152, 150, 150, 152, 479, 479, 152, 153, 152, 154, 153, 153, 154, 477, 154, 155, 477, 155, 156, 477, 477, 156, 475, 156, 157, 475, 475, 157, 158, 158, 157, 159, 157, 61, 159, 159, 61, 60, 147, 151, 149, 61, 157, 52, 52, 157, 51, 157, 160, 51, 51, 160, 56, 156, 161, 157, 161, 162, 157, 157, 162, 160, 156, 155, 161, 161, 155, 163, 155, 164, 163, 163, 164, 165, 165, 164, 166, 166, 164, 152, 152, 164, 154, 164, 155, 154, 165, 167, 163, 163, 167, 161, 161, 167, 162, 167, 168, 162, 168, 169, 162, 162, 169, 160, 160, 169, 56, 169, 170, 56, 56, 170, 49, 170, 171, 49, 171, 172, 49, 49, 172, 48, 172, 173, 48, 48, 173, 45, 173, 174, 45, 45, 174, 46, 174, 175, 46, 46, 175, 47, 169, 171, 170, 173, 172, 174, 172, 176, 174, 174, 176, 175, 175, 176, 177, 176, 178, 177, 177, 178, 179, 178, 180, 179, 180, 181, 179, 179, 181, 177, 181, 182, 177, 177, 182, 175, 182, 183, 175, 175, 183, 184, 184, 183, 185, 185, 183, 186, 183, 182, 186, 186, 182, 181, 178, 176, 172, 175, 184, 47, 47, 184, 14, 184, 187, 14, 14, 187, 11, 187, 188, 11, 11, 188, 10, 187, 184, 188, 188, 184, 189, 184, 185, 189, 189, 185, 190, 185, 186, 190, 190, 191, 189, 189, 191, 188, 191, 192, 188, 188, 192, 193, 193, 192, 194, 194, 192, 195, 192, 191, 195, 195, 191, 190, 188, 193, 10, 10, 193, 9, 193, 196, 9, 196, 197, 9, 197, 0, 9, 0, 197, 22, 197, 198, 22, 22, 198, 199, 198, 200, 199, 200, 201, 199, 201, 27, 199, 199, 27, 22, 200, 198, 202, 198, 197, 202, 197, 196, 202, 196, 193, 202, 202, 193, 203, 193, 194, 203, 203, 194, 204, 194, 195, 204, 204, 205, 203, 203, 205, 202, 205, 206, 202, 202, 206, 200, 206, 207, 200, 200, 207, 208, 207, 209, 208, 209, 210, 208, 210, 211, 208, 208, 211, 200, 200, 211, 201, 211, 212, 201, 201, 212, 27, 212, 213, 27, 27, 213, 26, 206, 205, 214, 214, 205, 204, 206, 214, 207, 207, 214, 209, 213, 212, 215, 212, 211, 215, 215, 211, 216, 211, 217, 216, 216, 217, 218, 218, 217, 219, 217, 210, 219, 219, 210, 209, 211, 210, 217, 213, 215, 220, 215, 216, 220, 216, 218, 221, 218, 222, 221, 222, 223, 221, 223, 224, 221, 221, 224, 216, 224, 225, 216, 216, 225, 220, 225, 226, 220, 220, 226, 213, 219, 222, 218, 226, 225, 227, 225, 224, 227, 227, 224, 228, 224, 229, 228, 229, 230, 228, 230, 231, 228, 228, 231, 227, 231, 226, 227, 229, 224, 232, 224, 223, 232, 232, 223, 233, 223, 222, 233, 233, 234, 232, 232, 234, 229, 234, 235, 229, 229, 235, 236, 236, 235, 237, 237, 235, 238, 235, 234, 238, 238, 234, 233, 236, 239, 229, 229, 239, 230, 239, 240, 230, 230, 240, 231, 240, 239, 241, 239, 236, 241, 241, 236, 242, 236, 243, 242, 243, 244, 242, 244, 245, 242, 242, 245, 241, 245, 240, 241, 243, 236, 246, 236, 237, 246, 246, 237, 247, 237, 238, 247, 247, 248, 246, 246, 248, 243, 248, 249, 243, 243, 249, 250, 250, 249, 251, 251, 249, 252, 249, 248, 252, 252, 248, 247, 250, 253, 243, 243, 253, 244, 253, 254, 244, 244, 254, 245, 254, 253, 255, 253, 250, 255, 250, 256, 255, 256, 75, 255, 255, 75, 254, 75, 74, 254, 74, 73, 254, 254, 73, 257, 73, 72, 257, 257, 72, 258, 72, 259, 258, 259, 260, 258, 258, 260, 245, 260, 240, 245, 254, 257, 245, 257, 258, 245, 72, 71, 259, 71, 69, 259, 259, 69, 261, 69, 68, 261, 261, 68, 262, 68, 66, 262, 262, 66, 263, 66, 67, 263, 263, 67, 264, 264, 67, 265, 67, 55, 265, 265, 55, 266, 55, 32, 266, 32, 33, 266, 266, 33, 267, 33, 25, 267, 267, 25, 268, 25, 26, 268, 26, 213, 268, 268, 213, 269, 213, 226, 269, 269, 226, 270, 226, 271, 270, 270, 271, 272, 272, 271, 273, 271, 231, 273, 273, 231, 274, 231, 240, 274, 274, 240, 275, 240, 260, 275, 260, 259, 275, 259, 276, 275, 275, 276, 274, 274, 276, 273, 276, 272, 273, 268, 269, 267, 269, 270, 267, 267, 270, 272, 231, 271, 226, 259, 261, 276, 261, 262, 276, 276, 262, 277, 262, 263, 277, 263, 264, 277, 277, 264, 272, 264, 278, 272, 272, 278, 267, 267, 278, 266, 266, 278, 265, 278, 264, 265, 272, 276, 277, 279, 281, 280, 280, 281, 282, 282, 281, 283, 283, 281, 284, 284, 281, 285, 281, 279, 285, 285, 279, 286, 286, 279, 287, 279, 280, 287, 287, 280, 288, 280, 289, 288, 289, 290, 288, 288, 290, 287, 290, 291, 287, 291, 292, 287, 292, 293, 287, 287, 293, 286, 293, 294, 286, 294, 295, 286, 286, 295, 285, 295, 296, 285, 285, 296, 284, 296, 297, 284, 284, 297, 283, 297, 298, 283, 283, 298, 282, 298, 299, 282, 299, 289, 282, 282, 289, 280, 290, 300, 291, 299, 298, 301, 301, 298, 302, 298, 297, 302, 302, 297, 303, 303, 297, 304, 304, 297, 305, 297, 296, 305, 305, 296, 306, 296, 295, 306, 306, 295, 307, 295, 294, 307, 294, 308, 307, 308, 309, 307, 307, 309, 306, 309, 310, 306, 306, 310, 305, 310, 311, 305, 305, 311, 304, 311, 312, 304, 312, 313, 304, 304, 313, 303, 313, 314, 303, 314, 315, 303, 303, 315, 302, 315, 316, 302, 302, 316, 301, 316, 317, 301, 301, 317, 299, 317, 318, 299, 299, 318, 289, 318, 319, 289, 289, 319, 290, 319, 320, 290, 290, 320, 321, 320, 322, 321, 322, 323, 321, 321, 323, 300, 323, 324, 300, 300, 324, 291, 291, 324, 292, 324, 325, 292, 292, 325, 293, 325, 326, 293, 293, 326, 294, 326, 327, 294, 327, 328, 294, 294, 328, 308, 328, 329, 308, 308, 329, 309, 290, 321, 300, 325, 327, 326, 310, 330, 311, 311, 330, 312, 318, 331, 319, 319, 331, 320, 329, 328, 332, 328, 327, 332, 332, 327, 333, 327, 334, 333, 334, 335, 333, 335, 336, 333, 333, 336, 337, 336, 338, 337, 333, 337, 332, 337, 329, 332, 334, 327, 339, 327, 325, 339, 339, 325, 340, 325, 341, 340, 340, 341, 342, 342, 341, 343, 341, 324, 343, 343, 324, 344, 324, 323, 344, 344, 323, 345, 345, 323, 346, 346, 323, 347, 323, 322, 347, 347, 322, 348, 322, 320, 348, 320, 349, 348, 349, 350, 348, 348, 350, 347, 324, 341, 325, 334, 339, 351, 339, 340, 351, 343, 344, 352, 344, 345, 352, 349, 320, 353, 320, 331, 353, 353, 331, 354, 331, 318, 354, 318, 317, 354, 354, 317, 355, 317, 316, 355, 355, 316, 356, 356, 316, 357, 357, 316, 358, 316, 315, 358, 358, 315, 359, 315, 314, 359, 359, 314, 360, 314, 313, 360, 313, 312, 360, 360, 312, 361, 361, 312, 362, 312, 363, 362, 362, 363, 364, 364, 363, 365, 365, 363, 330, 363, 312, 330, 354, 355, 366, 355, 356, 366, 364, 367, 362, 362, 367, 361, 367, 368, 361, 361, 368, 360, 368, 369, 360, 369, 370, 360, 360, 370, 359, 359, 370, 358, 370, 371, 358, 358, 371, 357, 371, 372, 357, 357, 372, 356, 372, 373, 356, 356, 373, 374, 374, 373, 375, 375, 373, 376, 373, 372, 376, 376, 372, 377, 372, 371, 377, 377, 371, 370, 374, 378, 356, 356, 378, 366, 378, 379, 366, 366, 379, 354, 379, 380, 354, 354, 380, 353, 353, 380, 349, 380, 381, 349, 349, 381, 382, 382, 381, 383, 383, 381, 379, 381, 380, 379, 382, 384, 349, 349, 384, 350, 384, 84, 350, 350, 84, 347, 84, 384, 385, 384, 382, 385, 385, 382, 82, 82, 382, 386, 382, 387, 386, 386, 387, 388, 388, 387, 389, 387, 383, 389, 383, 379, 389, 389, 379, 390, 379, 378, 390, 378, 374, 390, 390, 374, 391, 374, 392, 391, 392, 393, 391, 393, 389, 391, 391, 389, 390, 382, 383, 387, 386, 388, 394, 392, 374, 395, 374, 375, 395, 375, 396, 395, 395, 396, 397, 396, 398, 397, 398, 399, 397, 399, 400, 397, 400, 392, 397, 397, 392, 395, 398, 396, 401, 396, 375, 401, 375, 376, 401, 376, 377, 401, 377, 402, 401, 401, 402, 403, 402, 404, 403, 404, 405, 403, 403, 405, 406, 405, 407, 406, 407, 398, 406, 398, 401, 406, 406, 401, 403, 404, 402, 408, 402, 377, 408, 408, 377, 409, 377, 370, 409, 409, 370, 410, 370, 369, 410, 410, 369, 411, 369, 368, 411, 368, 367, 411, 367, 412, 411, 412, 413, 411, 413, 414, 411, 411, 414, 415, 414, 416, 415, 416, 417, 415, 417, 404, 415, 404, 408, 415, 408, 409, 415, 409, 410, 415, 415, 410, 411, 416, 414, 418, 418, 414, 413, 418, 419, 416, 419, 420, 416, 416, 420, 417, 420, 421, 417, 417, 421, 404, 421, 422, 404, 404, 422, 405, 422, 423, 405, 423, 424, 405, 424, 425, 405, 405, 425, 407, 425, 426, 407, 407, 426, 398, 426, 427, 398, 398, 427, 399, 421, 428, 422, 422, 428, 423, 427, 426, 429, 426, 425, 429, 429, 425, 430, 430, 425, 431, 431, 425, 432, 425, 424, 432, 432, 424, 433, 424, 423, 433, 433, 423, 434, 423, 428, 434, 427, 429, 435, 429, 430, 435, 434, 436, 433, 433, 436, 432, 436, 437, 432, 432, 437, 431, 437, 438, 431, 431, 438, 430, 438, 439, 430, 430, 439, 440, 440, 439, 441, 441, 439, 442, 439, 438, 442, 442, 438, 443, 438, 437, 443, 443, 437, 436, 440, 444, 430, 430, 444, 435, 444, 445, 435, 435, 445, 427, 445, 444, 446, 444, 440, 446, 446, 440, 447, 440, 448, 447, 448, 449, 447, 449, 450, 447, 447, 450, 446, 450, 445, 446, 448, 440, 451, 440, 441, 451, 441, 452, 451, 452, 453, 451, 451, 453, 448, 453, 454, 448, 454, 455, 448, 448, 455, 456, 455, 457, 456, 456, 457, 458, 458, 457, 459, 457, 460, 459, 459, 460, 461, 461, 460, 462, 460, 463, 462, 463, 464, 462, 462, 464, 64, 64, 464, 465, 465, 464, 466, 466, 464, 467, 464, 463, 467, 467, 463, 455, 463, 460, 455, 455, 460, 457, 448, 456, 449, 456, 458, 449, 449, 458, 450, 455, 468, 467, 467, 468, 466, 455, 454, 468, 454, 453, 468, 468, 453, 469, 453, 470, 469, 470, 471, 469, 469, 471, 468, 471, 472, 468, 468, 472, 466, 466, 472, 465, 465, 472, 60, 60, 472, 159, 472, 471, 159, 159, 471, 158, 471, 473, 158, 158, 473, 474, 474, 473, 470, 473, 471, 470, 470, 453, 452, 158, 474, 475, 474, 476, 475, 475, 476, 477, 477, 476, 153, 476, 478, 153, 153, 478, 479, 478, 480, 479, 479, 480, 150, 480, 481, 150, 481, 482, 150, 150, 482, 483, 483, 482, 484, 482, 485, 484, 485, 486, 484, 484, 486, 144, 486, 487, 144, 144, 487, 142, 142, 487, 488, 488, 487, 489, 489, 487, 490, 487, 486, 490, 490, 486, 491, 491, 486, 492, 486, 485, 492, 485, 482, 492, 492, 482, 493, 493, 482, 494, 482, 481, 494, 494, 481, 495, 481, 480, 495, 495, 480, 496, 480, 478, 496, 496, 478, 476, 494, 495, 497, 497, 495, 496, 497, 498, 494, 494, 498, 493, 498, 499, 493, 493, 499, 492, 499, 500, 492, 500, 501, 492, 492, 501, 491, 491, 501, 490, 501, 502, 490, 502, 503, 490, 503, 504, 490, 490, 504, 489, 504, 505, 489, 489, 505, 488, 505, 506, 488, 506, 507, 488, 488, 507, 508, 508, 507, 509, 509, 507, 510, 510, 507, 511, 507, 506, 511, 511, 506, 512, 506, 505, 512, 512, 505, 513, 505, 504, 513, 513, 504, 514, 504, 503, 514, 513, 514, 512, 514, 515, 512, 512, 515, 511, 511, 515, 516, 515, 517, 516, 517, 518, 516, 518, 519, 516, 516, 519, 511, 519, 520, 511, 511, 520, 510, 520, 521, 510, 510, 521, 509, 509, 521, 136, 136, 521, 522, 522, 521, 133, 133, 521, 130, 130, 521, 523, 521, 520, 523, 520, 519, 523, 519, 524, 523, 523, 524, 130, 130, 524, 525, 524, 526, 525, 525, 526, 128, 128, 526, 125, 526, 527, 125, 527, 528, 125, 125, 528, 124, 528, 529, 124, 124, 529, 530, 530, 529, 120, 529, 531, 120, 531, 532, 120, 120, 532, 119, 532, 533, 119, 119, 533, 117, 117, 533, 534, 533, 535, 534, 535, 536, 534, 534, 536, 537, 536, 538, 537, 537, 538, 113, 538, 539, 113, 113, 539, 540, 540, 539, 109, 539, 541, 109, 541, 542, 109, 109, 542, 543, 542, 544, 543, 543, 544, 545, 545, 544, 105, 544, 546, 105, 546, 547, 105, 105, 547, 104, 104, 547, 548, 547, 549, 548, 548, 549, 550, 549, 551, 550, 550, 551, 99, 551, 552, 99, 552, 553, 99, 99, 553, 98, 553, 554, 98, 98, 554, 555, 555, 554, 94, 554, 556, 94, 556, 557, 94, 94, 557, 558, 557, 559, 558, 558, 559, 92, 92, 559, 560, 559, 352, 560, 352, 345, 560, 560, 345, 561, 345, 346, 561, 561, 346, 88, 346, 347, 88, 88, 347, 562, 347, 84, 562, 517, 515, 514, 519, 526, 524, 352, 559, 343, 343, 559, 342, 559, 563, 342, 342, 563, 340, 563, 351, 340, 559, 557, 563, 557, 556, 563, 563, 556, 564, 556, 554, 564, 499, 498, 565, 498, 497, 565, 565, 566, 499, 566, 500, 499, 564, 567, 563, 563, 567, 351, 351, 567, 334, 334, 567, 335, 567, 568, 335, 335, 568, 336, 336, 568, 338, 568, 569, 338, 338, 569, 570, 569, 571, 570, 571, 572, 570, 570, 572, 337, 572, 573, 337, 337, 573, 329, 573, 574, 329, 329, 574, 575, 574, 576, 575, 575, 576, 309, 576, 577, 309, 309, 577, 310, 310, 577, 330, 577, 576, 330, 576, 578, 330, 330, 578, 365, 578, 579, 365, 365, 579, 364, 337, 338, 570, 574, 573, 572, 329, 575, 309, 579, 578, 580, 578, 576, 580, 580, 576, 581, 576, 574, 581, 581, 574, 582, 574, 583, 582, 582, 583, 584, 583, 572, 584, 584, 572, 585, 572, 571, 585, 585, 571, 586, 571, 569, 586, 574, 572, 583, 581, 587, 580, 580, 587, 579, 587, 581, 582, 586, 588, 585, 588, 584, 585, 588, 586, 589, 589, 586, 590, 586, 569, 590, 590, 569, 591, 591, 569, 592, 569, 568, 592, 592, 568, 593, 568, 567, 593, 593, 567, 594, 567, 564, 594, 564, 554, 594, 594, 554, 595, 554, 553, 595, 553, 552, 595, 595, 552, 596, 552, 551, 596, 596, 551, 597, 551, 549, 597, 597, 549, 598, 549, 547, 598, 598, 547, 599, 547, 546, 599, 599, 546, 600, 546, 544, 600, 595, 593, 594, 600, 601, 599, 599, 601, 598, 601, 602, 598, 598, 602, 597, 602, 603, 597, 597, 603, 596, 603, 604, 596, 596, 604, 595, 604, 605, 595, 595, 605, 593, 593, 605, 592, 605, 604, 592, 592, 604, 591, 604, 606, 591, 591, 606, 590, 606, 607, 590, 590, 607, 589, 607, 601, 589, 589, 601, 608, 608, 601, 609, 601, 600, 609, 609, 600, 610, 600, 544, 610, 604, 603, 606, 603, 602, 606, 606, 602, 607, 602, 601, 607, 589, 608, 588, 608, 611, 588, 588, 611, 612, 611, 613, 612, 613, 584, 612, 612, 584, 588, 610, 614, 609, 609, 614, 608, 608, 614, 611, 614, 615, 611, 611, 615, 613, 610, 616, 614, 616, 617, 614, 614, 617, 615, 610, 544, 616, 544, 542, 616, 542, 541, 616, 616, 541, 618, 541, 539, 618, 618, 619, 616, 616, 619, 617, 617, 619, 615, 619, 620, 615, 620, 621, 615, 615, 621, 613, 621, 622, 613, 613, 622, 584, 584, 622, 582, 582, 622, 587, 622, 623, 587, 587, 623, 624, 624, 623, 625, 625, 623, 621, 623, 622, 621, 624, 626, 587, 587, 626, 579, 626, 627, 579, 579, 627, 628, 627, 629, 628, 629, 630, 628, 628, 630, 364, 630, 631, 364, 364, 631, 367, 631, 632, 367, 367, 632, 412, 579, 628, 364, 624, 633, 626, 633, 627, 626, 632, 631, 634, 631, 630, 634, 634, 630, 635, 630, 629, 635, 635, 636, 634, 634, 636, 632, 636, 637, 632, 632, 637, 412, 412, 637, 413, 637, 638, 413, 413, 638, 418, 418, 638, 419, 419, 638, 639, 639, 638, 640, 640, 638, 641, 638, 636, 641, 641, 636, 642, 636, 643, 642, 642, 643, 644, 644, 643, 645, 645, 643, 635, 643, 636, 635, 638, 637, 636, 644, 646, 642, 642, 646, 641, 641, 646, 640, 646, 647, 640, 640, 647, 639, 647, 648, 639, 639, 648, 419, 648, 649, 419, 419, 649, 650, 650, 649, 651, 651, 649, 652, 649, 648, 652, 652, 648, 647, 419, 650, 420, 420, 650, 421, 421, 650, 428, 428, 650, 434, 650, 653, 434, 434, 653, 654, 653, 655, 654, 655, 565, 654, 654, 565, 656, 565, 657, 656, 656, 657, 436, 657, 658, 436, 436, 658, 443, 650, 651, 653, 653, 651, 655, 651, 652, 655, 654, 656, 434, 656, 436, 434, 658, 657, 497, 657, 565, 497, 497, 659, 658, 658, 659, 443, 443, 659, 660, 659, 496, 660, 660, 496, 661, 496, 476, 661, 661, 476, 662, 476, 474, 662, 474, 470, 662, 470, 663, 662, 662, 663, 661, 661, 663, 660, 660, 663, 443, 443, 663, 442, 442, 663, 441, 441, 663, 452, 663, 470, 452, 497, 496, 659, 565, 655, 566, 566, 655, 664, 655, 665, 664, 664, 665, 666, 666, 665, 667, 665, 652, 667, 667, 652, 668, 652, 647, 668, 668, 647, 669, 669, 647, 670, 647, 646, 670, 566, 664, 500, 500, 664, 501, 664, 666, 501, 652, 665, 655, 667, 668, 671, 671, 668, 669, 669, 670, 672, 672, 670, 673, 670, 646, 673, 673, 646, 674, 646, 644, 674, 674, 644, 675, 675, 644, 676, 676, 644, 677, 644, 645, 677, 677, 645, 678, 645, 635, 678, 678, 635, 679, 635, 629, 679, 629, 627, 679, 627, 633, 679, 679, 633, 680, 633, 624, 680, 624, 625, 680, 680, 625, 681, 625, 621, 681, 621, 620, 681, 620, 619, 681, 681, 619, 682, 619, 683, 682, 682, 683, 684, 683, 539, 684, 539, 538, 684, 538, 536, 684, 684, 536, 685, 536, 535, 685, 685, 535, 686, 535, 533, 686, 619, 618, 683, 618, 539, 683, 673, 674, 687, 674, 675, 687, 686, 688, 685, 685, 688, 684, 688, 689, 684, 684, 689, 682, 682, 689, 681, 689, 690, 681, 681, 690, 680, 690, 691, 680, 691, 692, 680, 680, 692, 679, 692, 693, 679, 679, 693, 678, 678, 693, 677, 677, 693, 694, 693, 692, 694, 692, 691, 694, 694, 691, 688, 691, 690, 688, 688, 690, 689, 694, 688, 695, 688, 686, 695, 695, 686, 696, 686, 533, 696, 696, 697, 695, 695, 697, 694, 697, 698, 694, 694, 698, 677, 698, 699, 677, 677, 699, 676, 699, 698, 700, 698, 697, 700, 700, 697, 701, 697, 696, 701, 696, 533, 701, 533, 532, 701, 532, 531, 701, 701, 531, 702, 531, 529, 702, 702, 703, 701, 701, 703, 700, 700, 703, 699, 703, 704, 699, 699, 704, 676, 676, 704, 675, 704, 705, 675, 675, 705, 687, 705, 706, 687, 687, 706, 673, 673, 706, 672, 706, 707, 672, 672, 707, 669, 669, 707, 671, 707, 708, 671, 671, 708, 667, 667, 708, 666, 666, 708, 501, 501, 708, 502, 502, 708, 503, 708, 709, 503, 503, 709, 514, 709, 710, 514, 514, 710, 517, 710, 711, 517, 517, 711, 712, 711, 706, 712, 712, 706, 713, 706, 705, 713, 705, 704, 703, 708, 707, 709, 709, 707, 710, 710, 707, 711, 707, 706, 711, 713, 714, 712, 712, 714, 517, 517, 714, 518, 714, 715, 518, 518, 715, 519, 519, 715, 526, 715, 716, 526, 526, 716, 527, 716, 717, 527, 527, 717, 528, 528, 717, 529, 717, 718, 529, 529, 718, 702, 702, 718, 703, 718, 719, 703, 703, 719, 705, 719, 720, 705, 705, 720, 713, 713, 720, 714, 720, 717, 714, 717, 716, 714, 714, 716, 715, 718, 717, 719, 719, 717, 720, 102, 722, 721, 721, 722, 723, 102, 101, 722, 102, 721, 103, 721, 724, 103, 103, 724, 725, 725, 724, 726, 724, 721, 726, 721, 723, 726, 726, 723, 727, 727, 723, 728, 723, 722, 728, 728, 722, 729, 722, 101, 729, 101, 100, 729, 100, 97, 729, 729, 97, 730, 730, 97, 731, 97, 96, 731, 96, 95, 731, 731, 95, 732, 95, 93, 732, 732, 93, 733, 733, 93, 734, 93, 91, 734, 91, 90, 734, 734, 90, 735, 90, 89, 735, 735, 89, 736, 736, 89, 737, 89, 87, 737, 87, 86, 737, 737, 86, 738, 86, 739, 738, 738, 739, 740, 739, 741, 740, 740, 741, 742, 742, 741, 743, 741, 83, 743, 83, 81, 743, 81, 80, 743, 743, 80, 744, 80, 79, 744, 744, 79, 745, 745, 79, 746, 79, 78, 746, 78, 77, 746, 746, 77, 256, 77, 75, 256, 103, 725, 106, 86, 85, 739, 85, 83, 739, 739, 83, 741, 256, 250, 746, 746, 250, 747, 250, 251, 747, 747, 251, 748, 251, 252, 748, 748, 252, 749, 749, 252, 750, 252, 751, 750, 750, 751, 752, 752, 751, 753, 751, 247, 753, 753, 247, 754, 247, 238, 754, 754, 238, 755, 755, 238, 756, 238, 233, 756, 247, 751, 252, 747, 757, 746, 746, 757, 745, 748, 757, 747, 753, 754, 758, 754, 755, 758, 755, 756, 759, 759, 756, 760, 756, 233, 760, 760, 233, 761, 233, 222, 761, 761, 222, 762, 222, 763, 762, 762, 763, 764, 764, 763, 765, 763, 219, 765, 765, 219, 766, 219, 209, 766, 766, 209, 767, 209, 768, 767, 767, 768, 769, 219, 763, 222, 209, 214, 768, 214, 770, 768, 768, 770, 769, 760, 761, 771, 771, 761, 762, 765, 766, 772, 772, 766, 767, 770, 214, 773, 214, 204, 773, 773, 204, 774, 204, 775, 774, 774, 775, 776, 776, 775, 777, 775, 195, 777, 777, 195, 778, 195, 190, 778, 778, 190, 779, 190, 780, 779, 779, 780, 781, 195, 775, 204, 190, 186, 780, 186, 782, 780, 780, 782, 781, 770, 773, 783, 783, 773, 774, 777, 778, 784, 784, 778, 779, 782, 186, 785, 186, 181, 785, 785, 181, 132, 181, 134, 132, 785, 132, 782, 132, 131, 782, 131, 129, 782, 782, 129, 781, 129, 786, 781, 781, 786, 779, 779, 786, 784, 786, 787, 784, 784, 787, 777, 777, 787, 776, 787, 788, 776, 776, 788, 774, 774, 788, 783, 788, 789, 783, 783, 789, 770, 770, 789, 769, 789, 790, 769, 769, 790, 767, 767, 790, 772, 790, 791, 772, 772, 791, 765, 765, 791, 764, 791, 792, 764, 764, 792, 762, 762, 792, 771, 792, 793, 771, 771, 793, 760, 760, 793, 759, 793, 794, 759, 759, 794, 755, 755, 794, 758, 794, 795, 758, 758, 795, 753, 753, 795, 752, 795, 796, 752, 752, 796, 750, 796, 797, 750, 750, 797, 749, 797, 798, 749, 749, 798, 748, 129, 127, 786, 127, 126, 786, 786, 126, 799, 126, 123, 799, 787, 786, 799, 798, 797, 800, 800, 797, 796, 757, 748, 801, 801, 748, 802, 748, 798, 802, 802, 798, 803, 803, 798, 804, 798, 800, 804, 802, 803, 801, 803, 805, 801, 801, 805, 743, 743, 805, 742, 742, 805, 806, 805, 803, 806, 803, 804, 806, 806, 804, 807, 804, 808, 807, 807, 808, 809, 808, 810, 809, 757, 801, 745, 745, 801, 744, 801, 743, 744, 808, 804, 800, 807, 809, 806, 809, 811, 806, 806, 811, 740, 811, 812, 740, 740, 812, 738, 812, 813, 738, 738, 813, 737, 737, 813, 736, 813, 814, 736, 814, 815, 736, 736, 815, 735, 735, 815, 734, 815, 816, 734, 816, 817, 734, 734, 817, 733, 733, 817, 732, 817, 818, 732, 732, 818, 731, 818, 819, 731, 819, 820, 731, 731, 820, 730, 730, 820, 729, 820, 821, 729, 729, 821, 728, 728, 821, 727, 727, 821, 822, 822, 821, 823, 821, 820, 823, 823, 820, 824, 820, 819, 824, 824, 819, 825, 819, 818, 825, 818, 817, 825, 825, 817, 826, 826, 817, 827, 817, 816, 827, 827, 816, 828, 816, 815, 828, 815, 814, 828, 828, 814, 829, 829, 814, 830, 814, 813, 830, 813, 812, 830, 830, 812, 831, 812, 811, 831, 831, 811, 832, 811, 809, 832, 809, 810, 832, 810, 833, 832, 832, 833, 830, 833, 834, 830, 830, 834, 829, 829, 834, 828, 828, 834, 835, 835, 834, 836, 834, 833, 836, 833, 810, 836, 810, 808, 836, 836, 808, 837, 837, 808, 838, 808, 800, 838, 800, 796, 838, 838, 796, 839, 839, 796, 840, 796, 795, 840, 840, 795, 841, 841, 795, 842, 795, 794, 842, 842, 794, 843, 843, 794, 844, 794, 793, 844, 844, 793, 845, 845, 793, 846, 793, 792, 846, 846, 792, 847, 847, 792, 848, 792, 791, 848, 848, 791, 849, 849, 791, 850, 791, 790, 850, 850, 790, 851, 851, 790, 852, 790, 789, 852, 852, 789, 853, 853, 789, 854, 789, 788, 854, 854, 788, 855, 855, 788, 856, 788, 787, 856, 856, 787, 857, 787, 799, 857, 799, 123, 857, 857, 123, 858, 123, 122, 858, 122, 121, 858, 858, 121, 859, 121, 118, 859, 740, 742, 806, 832, 830, 831, 857, 858, 856, 856, 858, 855, 858, 860, 855, 855, 860, 854, 854, 860, 853, 860, 861, 853, 853, 861, 852, 852, 861, 851, 861, 862, 851, 851, 862, 850, 850, 862, 849, 862, 863, 849, 849, 863, 848, 848, 863, 847, 863, 864, 847, 847, 864, 846, 846, 864, 845, 864, 865, 845, 845, 865, 844, 844, 865, 843, 865, 866, 843, 843, 866, 842, 842, 866, 841, 866, 867, 841, 841, 867, 840, 840, 867, 839, 867, 868, 839, 839, 868, 838, 838, 868, 837, 837, 868, 836, 868, 869, 836, 836, 869, 835, 869, 870, 835, 835, 870, 828, 828, 870, 827, 827, 870, 826, 870, 871, 826, 826, 871, 825, 871, 872, 825, 872, 873, 825, 825, 873, 824, 824, 873, 823, 873, 874, 823, 823, 874, 822, 874, 875, 822, 822, 875, 727, 875, 876, 727, 876, 877, 727, 727, 877, 726, 726, 877, 725, 877, 878, 725, 725, 878, 106, 106, 878, 107, 107, 878, 108, 878, 879, 108, 879, 880, 108, 108, 880, 110, 880, 881, 110, 110, 881, 111, 881, 882, 111, 111, 882, 112, 112, 882, 114, 882, 883, 114, 883, 884, 114, 114, 884, 115, 884, 885, 115, 115, 885, 116, 116, 885, 118, 885, 886, 118, 118, 886, 859, 886, 860, 859, 859, 860, 858, 875, 874, 887, 887, 874, 873, 887, 888, 875, 875, 888, 876, 860, 886, 889, 886, 885, 889, 889, 885, 890, 885, 891, 890, 891, 892, 890, 890, 892, 861, 892, 862, 861, 860, 889, 861, 889, 890, 861, 885, 884, 891, 884, 883, 891, 891, 883, 893, 883, 882, 893, 893, 882, 894, 894, 882, 895, 882, 881, 895, 881, 880, 895, 895, 880, 896, 880, 879, 896, 896, 879, 897, 879, 878, 897, 897, 878, 898, 878, 877, 898, 898, 877, 899, 877, 876, 899, 876, 888, 899, 899, 888, 900, 888, 887, 900, 900, 901, 899, 899, 901, 898, 898, 901, 897, 901, 902, 897, 897, 902, 896, 896, 902, 895, 902, 903, 895, 903, 904, 895, 895, 904, 894, 904, 905, 894, 894, 905, 893, 893, 905, 891, 905, 906, 891, 891, 906, 892, 892, 906, 862, 906, 907, 862, 862, 907, 863, 907, 908, 863, 863, 908, 909, 909, 908, 910, 908, 905, 910, 905, 904, 910, 904, 903, 910, 910, 903, 911, 903, 902, 911, 911, 902, 912, 912, 902, 900, 902, 901, 900, 906, 905, 907, 905, 908, 907, 863, 909, 864, 912, 913, 911, 911, 913, 910, 913, 912, 914, 912, 900, 914, 914, 900, 915, 900, 887, 915, 915, 887, 916, 916, 887, 917, 887, 873, 917, 917, 873, 918, 873, 872, 918, 918, 872, 919, 872, 871, 919, 871, 870, 919, 919, 870, 920, 870, 869, 920, 869, 868, 920, 920, 868, 921, 868, 867, 921, 921, 867, 922, 867, 923, 922, 923, 924, 922, 922, 924, 919, 919, 924, 918, 918, 924, 917, 917, 924, 916, 924, 925, 916, 916, 925, 915, 915, 925, 914, 925, 913, 914, 920, 921, 919, 921, 922, 919, 867, 866, 923, 866, 926, 923, 923, 926, 924, 924, 926, 925, 926, 927, 925, 925, 927, 928, 927, 865, 928, 928, 865, 929, 865, 864, 929, 929, 864, 930, 864, 909, 930, 909, 910, 930, 910, 913, 930, 930, 913, 929, 929, 913, 928, 913, 925, 928, 926, 866, 927, 866, 865, 927, 181, 180, 134, 134, 180, 135, 180, 931, 135, 135, 931, 137, 137, 931, 138, 138, 931, 932, 932, 931, 933, 931, 178, 933, 933, 178, 934, 178, 172, 934, 934, 172, 935, 172, 936, 935, 935, 936, 937, 936, 171, 937, 937, 171, 938, 171, 169, 938, 938, 169, 937, 169, 939, 937, 937, 939, 935, 935, 939, 934, 939, 940, 934, 934, 940, 933, 933, 940, 941, 940, 167, 941, 941, 167, 942, 167, 165, 942, 165, 166, 942, 942, 166, 943, 166, 152, 943, 152, 151, 943, 151, 147, 943, 943, 147, 942, 147, 944, 942, 944, 945, 942, 942, 945, 941, 941, 945, 933, 933, 945, 946, 945, 944, 946, 946, 944, 148, 944, 147, 148, 178, 931, 180, 172, 171, 936, 169, 168, 939, 939, 168, 940, 168, 167, 940, 148, 140, 946, 140, 139, 946, 139, 138, 946, 138, 932, 946, 946, 932, 933, 459, 70, 458, 70, 947, 458, 458, 947, 948, 947, 949, 948, 948, 949, 950, 949, 951, 950, 951, 952, 950, 950, 952, 953, 952, 954, 953, 953, 954, 445, 954, 955, 445, 445, 955, 427, 955, 956, 427, 427, 956, 399, 399, 956, 400, 956, 957, 400, 400, 957, 392, 458, 948, 450, 948, 950, 450, 950, 953, 450, 450, 953, 445, 957, 956, 958, 956, 955, 958, 955, 954, 958, 958, 954, 959, 954, 952, 959, 952, 951, 959, 951, 960, 959, 960, 76, 959, 959, 76, 961, 76, 962, 961, 962, 963, 961, 961, 963, 957, 963, 964, 957, 957, 964, 392, 392, 964, 393, 393, 964, 965, 964, 963, 965, 963, 962, 965, 962, 966, 965, 966, 394, 965, 394, 388, 965, 388, 389, 965, 965, 389, 393, 958, 959, 957, 957, 959, 961]
                rel material:binding = </root/Looks/M_Orange003> (
                    bindMaterialAs = "weakerThanDescendants"
                )
                rel material:binding:physics = </root/Physics/PhysicsMaterial> (
                    bindMaterialAs = "weakerThanDescendants"
                )
                token physics:approximation = "convexHull"
                point3f[] points = [(-0.0015577378, -0.0124110645, 0.039367367), (0.0005755279, -0.01097043, 0.03955164), (-0.0008278886, -0.009991851, 0.039796747), (0.0005755279, -0.008360583, 0.040040936), (-0.0009967344, -0.007245839, 0.04020433), (0.001979852, -0.007082441, 0.040020965), (0.0035521148, -0.008795408, 0.039530765), (0.0019235703, -0.009855686, 0.039489917), (-0.0025408554, -0.00931193, 0.039816715), (-0.00366377, -0.011840982, 0.039489917), (-0.005657239, -0.010834265, 0.039143145), (-0.00419754, -0.008278885, 0.039489917), (-0.0024845737, -0.0061038616, 0.040102664), (-0.0008841706, -0.004608761, 0.04018436), (-0.0037481932, -0.004907418, 0.039857563), (0.00046387187, -0.0058315303, 0.04018436), (0.0016149275, -0.0046904604, 0.039653316), (0.0031309077, -0.0058315303, 0.039674193), (0.0049564387, -0.0077078957, 0.039796747), (0.0046750293, -0.011459719, 0.039367367), (0.0026534197, -0.01222134, 0.039326515), (0.00054738694, -0.012519997, 0.039326515), (0.0005755279, -0.015184309, 0.03887808), (0.003074626, -0.014940119, 0.039000627), (0.005405786, -0.014205732, 0.03897975), (0.0075399596, -0.013281619, 0.03887808), (0.0061637764, -0.016734784, 0.037755165), (0.0035239735, -0.017468264, 0.037796013), (0.0063598556, -0.010590074, 0.039694168), (0.0060793534, -0.0068110162, 0.039715048), (0.007848601, -0.009584262, 0.03961247), (0.0070624696, -0.005967696, 0.039143145), (0.009084079, -0.00849675, 0.039143145), (0.009477146, -0.01222134, 0.03895978), (0.0041421666, -0.004744019, 0.03955164), (0.0025136226, -0.003738207, 0.03922485), (0.0033560356, -0.0028140945, 0.03863298), (0.0050690025, -0.00384714, 0.039102297), (0.0041984483, -0.0018082826, 0.03857216), (0.0057425695, -0.0030855185, 0.038938895), (0.0013062848, -0.0028957943, 0.039653316), (0.0024573407, -0.0020797064, 0.039347395), (0.0002668852, -0.0037109738, 0.039530765), (-0.00085602957, -0.0030582852, 0.039306547), (-0.00192357, -0.00376544, 0.039653316), (-0.0016421606, -0.002705162, 0.03922485), (-0.0026534193, -0.0029774937, 0.039449066), (-0.004562465, -0.00384714, 0.039674193), (0.00018246233, -0.0023520384, 0.039285667), (0.00096859346, -0.0012100606, 0.039775863), (0.0032434715, -0.0012100606, 0.039020598), (0.004394527, -0.000040849838, 0.03924573), (0.005433927, -0.0007752378, 0.03895978), (0.006528701, -0.0021886395, 0.039306547), (0.007876743, -0.0052069826, 0.03895978), (0.010150713, -0.007409239, 0.039041482), (0.002260354, -0.000502906, 0.03961247), (0.00855031, -0.004363662, 0.039123174), (0.009589709, -0.0030855185, 0.039694168), (0.007876743, -0.0009649622, 0.039429095), (0.009842071, 0.0005573722, 0.039755892), (0.006809202, 0.000530139, 0.039633345), (0.011190114, -0.0062127947, 0.039123174), (0.012144182, -0.0047984854, 0.0392657), (0.012874938, -0.003303384, 0.039530765), (0.015008206, -0.0061038616, 0.03857216), (0.01770429, -0.007082441, 0.037408393), (0.01388529, -0.007871294, 0.03840876), (0.020147106, -0.007898528, 0.035817068), (0.022168716, -0.008550309, 0.033796366), (0.02329163, -0.0052342163, 0.03373464), (0.023740979, -0.009202997, 0.031448867), (0.025089018, -0.009855686, 0.028979728), (0.025987713, -0.010453908, 0.026306339), (0.026493344, -0.010834265, 0.02355125), (0.026717566, -0.01105213, 0.02081613), (0.028346108, -0.0066748513, 0.020531088), (0.026745709, -0.011024897, 0.01797934), (0.0263245, -0.010644539, 0.0150817325), (0.025538366, -0.0101280175, 0.012285792), (0.02455525, -0.00931193, 0.009571553), (0.022898566, -0.008713707, 0.0069181332), (0.023657462, -0.0053150076, 0.0065713646), (0.020820674, -0.0080882525, 0.004612392), (0.01922027, -0.0043908954, 0.0025717195), (0.018462282, -0.007245839, 0.0026942685), (0.015710821, -0.006402519, 0.0013671053), (0.012874938, -0.00558734, 0.0005510179), (0.013576648, -0.0032216846, 0.0004693184), (0.010094431, -0.004880185, 0.00020424885), (0.0073711136, -0.0042547295, 0.00014252034), (0.004759452, -0.0038199064, 0.00036764788), (0.0050690025, -0.0017265831, 0.00063271745), (0.0024854818, -0.003575716, 0.0006935381), (0.0006318098, -0.0011828275, 0.0014079551), (0.00049201277, -0.0033306177, 0.0009595155), (-0.0013335181, -0.0030047267, 0.0011020357), (-0.003074626, -0.002596229, 0.0009794865), (-0.0031862815, -0.0006935382, 0.0013062846), (-0.0050680945, -0.000502906, 0.000897787), (-0.0048157335, -0.0022703388, 0.0007552667), (-0.006809203, -0.0021069397, 0.00036764788), (-0.009532521, -0.0022431056, 0.000081699574), (-0.01262167, -0.002732395, 0.00022421982), (-0.013154535, -0.00039397326, 0.00030591938), (-0.01613112, -0.00044843965, 0.0009186657), (-0.015541975, -0.0032216846, 0.0009386368), (-0.018349716, -0.0036837412, 0.0020406726), (-0.020848813, -0.004092238, 0.0036528765), (-0.023656555, -0.0003122738, 0.005775248), (-0.022982989, -0.0043908954, 0.0056735775), (-0.02480761, -0.0046359943, 0.007959348), (-0.026296359, -0.0047167856, 0.010653618), (-0.02685736, -0.0002587152, 0.01069356), (-0.027391132, -0.0046904604, 0.013632927), (-0.027980275, -0.0045542945, 0.016673965), (-0.028205402, -0.0044181286, 0.019653274), (-0.028739177, 0.00044843947, 0.019592453), (-0.027840478, -0.004227496, 0.022591732), (-0.02837334, 0.00047567268, 0.022571761), (-0.027531834, 0.00031227365, 0.025551073), (-0.026998065, -0.0040377714, 0.02549025), (-0.025847007, -0.003928839, 0.02840874), (-0.024273839, -0.0037926736, 0.031245528), (-0.024666904, -0.00009531615, 0.031388048), (-0.022645297, -0.00009531615, 0.034020588), (-0.02225223, -0.0034940164, 0.033837218), (-0.019921979, -0.0030855185, 0.03612299), (-0.02025876, 0.00004084969, 0.036306363), (-0.017366597, -0.0026779287, 0.03795941), (-0.014643281, 0.00039397314, 0.039367367), (-0.01461514, -0.0022703388, 0.03922485), (-0.011666695, -0.001998007, 0.039694168), (-0.0116948355, 0.00044843947, 0.039735015), (-0.008577543, -0.0019172155, 0.039980114), (-0.0069208588, 0.00017701555, 0.040102664), (-0.008465888, 0.0025145297, 0.040266063), (-0.0059105074, 0.0016448835, 0.040347762), (-0.00523694, 0.0028957939, 0.04053113), (-0.004618747, 0.0039560716, 0.040020965), (-0.0038044748, 0.0048257182, 0.039306547), (-0.0023166356, 0.005723505, 0.039102297), (-0.0041412585, 0.008033785, 0.03887808), (-0.0015858787, 0.0071096737, 0.039164025), (-0.0020633668, 0.00882264, 0.03897975), (-0.0000980394, 0.006185561, 0.039041482), (-0.00085602957, 0.0044181286, 0.038918927), (0.00040758995, 0.004037771, 0.038714677), (-0.001867288, 0.0036020407, 0.039000627), (0.0009413602, 0.0059404625, 0.039306547), (0.002288495, 0.008659241, 0.04022521), (0.0019517111, 0.0056418055, 0.039735015), (0.0033278947, 0.005287774, 0.039694168), (0.0060793534, 0.0067020836, 0.04018436), (0.004928298, 0.004227496, 0.039857563), (0.0056018652, 0.003194451, 0.039449066), (0.0057988516, 0.0024600632, 0.0392657), (0.005826993, 0.0015359508, 0.039429095), (0.008494028, 0.0033850833, 0.039449066), (0.009084079, 0.0022158725, 0.039816715), (0.0029629697, 0.00036674, 0.039775863), (0.003888898, 0.0018355158, 0.03889805), (0.0035239735, 0.0012100606, 0.039306547), (0.004085885, 0.002596229, 0.03922485), (0.003860757, 0.0034123166, 0.039469942), (0.0024291999, 0.002732395, 0.039041482), (0.0028504063, 0.0035748077, 0.039184), (0.0020642753, 0.0020797064, 0.0392657), (0.0015867866, 0.0013725518, 0.03955164), (0.0015867866, 0.0008560294, 0.040632803), (0.0018110063, 0.00061183854, 0.0409596), (0.0010811572, -0.00012254936, 0.041368097), (-0.0007997477, -0.00093772897, 0.039449066), (-0.0014179407, -0.001998007, 0.038918927), (-0.0028494983, -0.0023520384, 0.039164025), (-0.0048711076, -0.003276151, 0.039408218), (-0.002962062, -0.0017265831, 0.0392657), (-0.0051243766, -0.0027596282, 0.039469942), (-0.002933921, -0.0002859484, 0.039367367), (-0.0054048784, -0.0022158725, 0.039755892), (-0.0058542257, -0.0011283611, 0.040122632), (-0.008156337, -0.0034123166, 0.039469942), (-0.007819554, -0.0043091956, 0.039143145), (-0.007398347, -0.0050435835, 0.039143145), (-0.006837344, -0.0057507385, 0.039326515), (-0.009841163, -0.006946275, 0.039000627), (-0.010543779, -0.005641806, 0.03897975), (-0.005741662, -0.0069735083, 0.039429095), (-0.0074546295, -0.009638728, 0.03897975), (-0.0088870935, -0.008278885, 0.039102297), (-0.012256747, -0.00882264, 0.03851043), (-0.010936844, -0.010617306, 0.038428735), (-0.009083173, -0.012139641, 0.03840876), (-0.0069208588, -0.013417784, 0.038428735), (-0.010711717, -0.0144508295, 0.037306722), (-0.012789609, -0.012601697, 0.037061628), (-0.004590606, -0.014505294, 0.0387755), (-0.002007085, -0.015076284, 0.038938895), (-0.0023720094, -0.017658897, 0.037877712), (0.0006318098, -0.017795064, 0.03789859), (-0.0025971374, -0.019970085, 0.036306363), (0.0007443736, -0.020132577, 0.036347207), (-0.0054048784, -0.017087908, 0.037714314), (-0.008184479, -0.01594593, 0.037490092), (-0.0120879, -0.016353521, 0.035428543), (-0.009167596, -0.018066486, 0.035653666), (-0.0060230712, -0.019344632, 0.036082137), (-0.0064442772, -0.021383489, 0.034123164), (-0.0027097012, -0.021954475, 0.034285657), (-0.0067247795, -0.023123687, 0.031898215), (-0.002765983, -0.023667442, 0.031979915), (0.00085693743, -0.02225404, 0.03432651), (0.003888898, -0.019861152, 0.03626551), (0.006837343, -0.019181231, 0.036204692), (-0.009953727, -0.019970085, 0.03367382), (0.0041421666, -0.021954475, 0.034143135), (0.0042538224, -0.02380361, 0.031571414), (0.00085693743, -0.0240478, 0.031816516), (0.0006599507, -0.02554381, 0.028979728), (-0.002990203, -0.02510808, 0.029326497), (0.007286691, -0.021247322, 0.034000617), (0.0042538224, -0.025325943, 0.028673807), (0.0005755279, -0.026739346, 0.026000421), (0.004450809, -0.02654962, 0.02581614), (0.00782046, -0.024673255, 0.028775478), (0.007567192, -0.02323262, 0.031571414), (0.0103477, -0.020323208, 0.03395977), (0.010825188, -0.022090642, 0.031448867), (0.011301769, -0.023531277, 0.028796358), (0.011779258, -0.024456296, 0.025897842), (0.01461514, -0.021872777, 0.028775478), (0.013941572, -0.02051384, 0.03140802), (0.008213527, -0.025733532, 0.025897842), (0.00470317, -0.027120607, 0.022795979), (0.00857845, -0.026250053, 0.022877682), (0.012228604, -0.025026377, 0.022877682), (0.01565454, -0.02323262, 0.022959381), (0.012425591, -0.02510808, 0.019775823), (0.008802671, -0.026440687, 0.019836644), (0.015205191, -0.022743331, 0.025938692), (0.01747916, -0.019453563, 0.028878056), (0.018153638, -0.020268744, 0.026122969), (0.018659268, -0.020758031, 0.0231836), (0.01896791, -0.020921431, 0.020122593), (0.021382583, -0.01784953, 0.02355125), (0.020933239, -0.017441032, 0.026428886), (0.01587876, -0.02331432, 0.019857522), (0.012481874, -0.02510808, 0.016653085), (0.0159069, -0.023341553, 0.016775636), (0.019052332, -0.020785265, 0.017102433), (0.021888215, -0.01784953, 0.0176126), (0.018939769, -0.020241512, 0.014244766), (0.015710821, -0.022770563, 0.013796326), (0.021719368, -0.018012023, 0.02059191), (0.024077762, -0.014695019, 0.023816317), (0.024302889, -0.014803953, 0.020918708), (0.024415452, -0.014667788, 0.01797934), (0.023657462, -0.014205732, 0.026592286), (0.022870425, -0.013472251, 0.029163096), (0.021831932, -0.012656163, 0.031592295), (0.020231528, -0.016680319, 0.029102279), (0.020371325, -0.011704818, 0.03377549), (0.018602986, -0.010671773, 0.03579619), (0.01641253, -0.009366396, 0.037408393), (0.0148402685, -0.011405253, 0.037571795), (0.0125372475, -0.009420863, 0.03853131), (0.01110569, -0.010861497, 0.0386938), (0.0108805625, -0.014586996, 0.037735194), (0.008634733, -0.015809765, 0.037816893), (0.009589709, -0.018148186, 0.036082137), (0.01211604, -0.016815577, 0.036000438), (0.013127301, -0.018828109, 0.033837218), (0.014362779, -0.015076284, 0.035857916), (0.015626399, -0.016815577, 0.03375552), (0.01666489, -0.018311584, 0.0314289), (0.019332835, -0.0157553, 0.03161227), (0.018097356, -0.014505294, 0.033796366), (0.016581375, -0.01303652, 0.03575534), (0.012874938, -0.01303652, 0.037470125), (0.010684484, 0.010263274, 0.0010820648), (0.01309916, 0.010453907, 0.001592233), (0.012903078, 0.012574463, 0.0023465918), (0.015485693, 0.011840076, 0.0030410378), (0.013969714, 0.013634742, 0.003142708), (0.012172323, 0.015320474, 0.0032652577), (0.010993127, 0.012737862, 0.0017756029), (0.008719156, 0.011106595, 0.0009386368), (0.011301769, 0.008306119, 0.0007552667), (0.014082276, 0.008795406, 0.0015105334), (0.016721172, 0.009801218, 0.0028976097), (0.01514891, 0.0068373415, 0.0012654348), (0.012172323, 0.006375286, 0.00049019716), (0.009280159, 0.006320819, 0.00032679812), (0.008775438, 0.0085775405, 0.00049019716), (0.0065849824, 0.012057941, 0.0009595155), (0.009140362, 0.013934306, 0.0018573024), (0.009926493, 0.016653085, 0.0033469568), (0.013464085, 0.017468264, 0.005060831), (0.015710821, 0.015511108, 0.00493919), (0.017451929, 0.013281619, 0.004877461), (0.012986595, 0.0042002625, 0.00049019716), (0.019080473, 0.014478061, 0.007244932), (0.017142378, 0.01700621, 0.0071841115), (0.0145316245, 0.019235699, 0.0072040814), (0.0113861915, 0.02092143, 0.0074083307), (0.010740765, 0.018990597, 0.0052042594), (0.0073711136, 0.017795062, 0.003286136), (0.0069217663, 0.0150490515, 0.001795574), (0.004366386, 0.015891463, 0.0017547242), (0.004450809, 0.018637476, 0.0032652577), (0.0077641797, 0.020323208, 0.0051016808), (0.008100962, 0.022362065, 0.007346602), (0.008382372, 0.024047798, 0.009898351), (0.011863681, 0.022362065, 0.009918322), (0.015261475, 0.0205674, 0.009714073), (0.018153638, 0.018284352, 0.009754922), (0.020371325, 0.015592807, 0.009877472), (0.020848814, 0.011894541, 0.007102411), (0.01896791, 0.010915963, 0.0047140624), (0.017873136, 0.007544496, 0.0026942685), (0.018799065, 0.0049074176, 0.0025308696), (0.01599132, 0.0044725947, 0.0012245851), (0.01649695, 0.0018355158, 0.0012854058), (0.013604789, 0.0018082826, 0.00038761887), (0.010010916, 0.004118563, 0.00022421982), (0.006725687, 0.0066203843, 0.00032679812), (0.00650056, 0.009257463, 0.00042846866), (0.0042265896, 0.00999185, 0.00042846866), (0.0042538224, 0.012927586, 0.0007961165), (0.0015305046, 0.016407987, 0.0016739323), (0.004507091, 0.023367878, 0.0072857817), (0.02031595, 0.008360583, 0.0044698715), (0.0016993505, 0.013471344, 0.0008160875), (0.0018672884, 0.010535607, 0.00049019716), (0.002092416, 0.007735129, 0.00061183865), (-0.00012618034, 0.007952086, 0.00061183865), (-0.0005192459, 0.0107253315, 0.00038761887), (-0.0009967344, 0.013634742, 0.0007144169), (-0.0028776391, 0.010508373, 0.00036764788), (0.004366386, 0.0072186054, 0.0005101682), (0.0046196547, 0.004716785, 0.00063271745), (0.0071741273, 0.0042819623, 0.00036764788), (0.0049564387, 0.0024600632, 0.0007144169), (0.0076516154, 0.00210694, 0.00036764788), (0.01060006, 0.0018890745, 0.00024509858), (0.010797048, -0.0003667401, 0.0002650696), (0.013800868, -0.00072077144, 0.0004693184), (0.016721172, -0.0010194285, 0.001244556), (0.019248411, 0.0019163075, 0.0025717195), (0.021719368, 0.001998007, 0.0043064724), (0.019389117, -0.0012372937, 0.002653419), (0.0023166358, 0.0051797493, 0.0008160875), (0.007876743, -0.000013616628, 0.00032679812), (0.021213738, 0.005369474, 0.004347322), (0.022365702, 0.009094064, 0.0068164626), (0.022253139, 0.012683395, 0.009795773), (0.023319772, 0.01344411, 0.012510011), (0.021213738, 0.01659862, 0.012653439), (0.018714642, 0.019371863, 0.012571741), (0.015710821, 0.021655818, 0.012530891), (0.012284887, 0.023585742, 0.012632562), (0.008606591, 0.025244243, 0.012775988), (0.0046196547, 0.02630452, 0.0126734115), (0.004563373, 0.024971912, 0.009918322), (0.0002668852, 0.026576854, 0.012510011), (0.00049201277, 0.025325943, 0.009775802), (0.024050528, 0.009529795, 0.009449004), (0.004450809, 0.027093373, 0.015591901), (0.008691015, 0.026113886, 0.015734421), (0.012510015, 0.024347365, 0.015653629), (0.016019464, 0.022443766, 0.01555105), (0.019108614, 0.020105343, 0.015591901), (0.021663085, 0.017277634, 0.015612778), (0.023909824, 0.013987865, 0.01536768), (0.026043994, 0.010344974, 0.014877482), (0.024274748, 0.014260196, 0.018286169), (0.021916356, 0.017577196, 0.018673789), (0.019360976, 0.0205674, 0.018714638), (0.025201585, 0.009937385, 0.012143271), (0.025060879, 0.005885996, 0.008938835), (0.02329163, 0.00574983, 0.0064896652), (0.023740979, 0.0020524734, 0.006469694), (0.023853542, -0.0016176504, 0.0065713646), (0.025566507, 0.0020524734, 0.008837164), (0.021747509, -0.0014270183, 0.0044489927), (0.021551428, -0.004907418, 0.0044898423), (0.025425805, -0.005669039, 0.009122206), (0.025707213, -0.001862749, 0.008959713), (0.027110629, -0.0021069397, 0.011633104), (0.026998065, 0.001998007, 0.011469705), (0.026465205, 0.0059949285, 0.011612224), (0.027475554, 0.006158328, 0.014347346), (0.027953042, 0.0062672603, 0.017143283), (0.027981184, 0.0019435406, 0.014265643), (0.026801987, -0.0061038616, 0.011857324), (0.026493344, 0.01056284, 0.017673424), (0.024387311, 0.014178497, 0.021286357), (0.026493344, 0.010508373, 0.020551061), (0.024162184, 0.013661975, 0.024244787), (0.026183795, 0.010127109, 0.023531277), (0.028065605, 0.006375286, 0.020000042), (0.022056151, 0.017522732, 0.021755675), (0.019360976, 0.0205674, 0.021877315), (0.019108614, 0.020159809, 0.024898384), (0.015795244, 0.022688866, 0.024816683), (0.018659268, 0.019588819, 0.027795993), (0.021860072, 0.017087908, 0.024775833), (0.021354442, 0.016435219, 0.027673446), (0.016132027, 0.02306922, 0.021775646), (0.016188309, 0.022905823, 0.018652909), (0.012565387, 0.024918351, 0.018693758), (0.00857845, 0.026712108, 0.018714638), (0.0041140257, 0.027637132, 0.018510388), (0.0036928193, 0.027691599, 0.021428877), (0.008269808, 0.026848275, 0.021673976), (0.01239745, 0.024971912, 0.021734795), (0.007988399, 0.026495151, 0.024510765), (0.012088807, 0.024673255, 0.024633313), (0.0034123173, 0.02731033, 0.024306517), (0.0032434715, 0.02654962, 0.027122427), (0.0076234736, 0.025787998, 0.027265854), (0.01163946, 0.024156732, 0.0274701), (0.015317757, 0.022117876, 0.02773517), (0.014475343, 0.021220086, 0.03040856), (0.01790037, 0.018882575, 0.030551083), (0.020483889, 0.015646366, 0.030367712), (0.023684695, 0.013036518, 0.027184151), (0.025482085, 0.009529795, 0.026510585), (0.010908703, 0.023205386, 0.030204313), (0.02278691, 0.012356598, 0.030000063), (0.021382583, 0.011541418, 0.032490086), (0.019276552, 0.014749487, 0.032816883), (0.016777454, 0.017875856, 0.033061977), (0.013492226, 0.020132577, 0.03293943), (0.010010916, 0.021927243, 0.032796007), (0.024527108, 0.008958806, 0.029469924), (0.012425591, 0.018719174, 0.035306897), (0.015485693, 0.016571386, 0.035306897), (0.017816855, 0.013689207, 0.0349801), (0.01997826, 0.010779797, 0.034918375), (0.021495147, 0.0076534287, 0.034592483), (0.018069215, 0.009692285, 0.036857378), (0.01621645, 0.012383832, 0.036919106), (0.0140259955, 0.014912885, 0.037143324), (0.023236256, 0.0083333505, 0.032204133), (0.025790729, 0.0055873394, 0.028979728), (0.024443595, 0.005043583, 0.031837396), (0.022674346, 0.0044998275, 0.034347385), (0.020568311, 0.003983305, 0.036469758), (0.023319772, 0.0013189933, 0.03406144), (0.025145303, 0.00169935, 0.03148972), (0.01947354, 0.0068918085, 0.03659231), (0.015850618, 0.008523076, 0.03832706), (0.017114237, 0.0060766283, 0.038163662), (0.018069215, 0.0034667829, 0.038081963), (0.018546702, 0.00080156303, 0.037918564), (0.0210458, 0.0010194284, 0.036163837), (0.021326302, -0.0019707738, 0.036041286), (0.023544898, -0.0019172155, 0.033816338), (0.02101766, -0.0049346513, 0.03587789), (0.018799065, -0.0019172155, 0.037796013), (0.018574845, -0.004581528, 0.037653495), (0.015822478, -0.0041194716, 0.03881635), (0.016019464, -0.0018899821, 0.038918927), (0.014278357, -0.0016721168, 0.039306547), (0.010964986, -0.0015359509, 0.039735015), (0.0130428765, -0.00017701573, 0.039429095), (0.015795244, 0.0005573722, 0.03889805), (0.015289616, 0.0029230271, 0.039082326), (0.014447204, 0.0051252833, 0.039061446), (0.013379661, 0.007136906, 0.039143145), (0.011667601, 0.0039560716, 0.039775863), (0.012453732, 0.0020524734, 0.039715048), (0.010853329, 0.005532873, 0.039530765), (0.009982775, 0.0068373415, 0.039469942), (0.007988399, 0.004254729, 0.03922485), (0.0088870935, 0.008061019, 0.039898414), (0.0073992545, 0.005233308, 0.039796747), (0.007286691, 0.009610587, 0.039939266), (0.004085885, 0.0080882525, 0.040081784), (0.004928298, 0.010888729, 0.040061813), (0.0025417635, 0.011568652, 0.040020965), (0.0003513081, 0.011976242, 0.039347395), (0.0008006556, 0.009039598, 0.039469942), (-0.00049110496, 0.009121297, 0.038938895), (-0.0015023637, 0.012030708, 0.03889805), (-0.0033832686, 0.0118128415, 0.03881635), (-0.005545583, 0.0112155285, 0.0386938), (-0.0064442772, 0.0073547717, 0.03875553), (-0.0075109103, 0.010317742, 0.03873465), (-0.0067529213, 0.0143418955, 0.038428735), (-0.0042538224, 0.014994585, 0.03867383), (-0.0017828654, 0.015129841, 0.03875553), (0.00071623264, 0.014803953, 0.039102297), (0.0032716123, 0.014287429, 0.039489917), (0.0059105074, 0.01339055, 0.039408218), (0.00852217, 0.01213964, 0.039347395), (0.0070906114, 0.015891463, 0.03863298), (0.0041984483, 0.016924508, 0.0386938), (0.0012500029, 0.017604431, 0.038347032), (-0.0017828654, 0.017984785, 0.037877712), (-0.0049273893, 0.017903088, 0.037632614), (-0.0078758355, 0.01700621, 0.037306722), (-0.010739857, 0.015592807, 0.037347574), (-0.009111314, 0.013336084, 0.038551282), (-0.009616944, 0.010154342, 0.038938895), (-0.009729507, 0.007925761, 0.03889805), (-0.010234228, 0.006158328, 0.039489917), (-0.007398347, 0.005152516, 0.039980114), (-0.00801654, 0.0039016055, 0.04040858), (-0.010824281, 0.004662319, 0.040000085), (-0.013464084, 0.007544496, 0.039326515), (-0.012565388, 0.009637821, 0.03883723), (-0.011104783, 0.011704817, 0.038714677), (-0.01332338, 0.013661975, 0.037612643), (-0.01514891, 0.0112155285, 0.037796013), (-0.016411621, 0.008632008, 0.038163662), (-0.017394738, 0.012574463, 0.036041286), (-0.018967, 0.009583353, 0.03632724), (-0.017114237, 0.005885996, 0.03828621), (-0.014081368, 0.005369474, 0.039571617), (-0.011358052, 0.0028413278, 0.039857563), (-0.008858953, 0.00036674, 0.039877538), (-0.0143618705, 0.0029774935, 0.039285667), (-0.017394738, 0.0030855187, 0.038122814), (-0.017535442, 0.00023148188, 0.03810284), (-0.020202478, 0.0032216846, 0.036448877), (-0.022561781, 0.0034123166, 0.034183986), (-0.024414543, 0.00368374, 0.031571414), (-0.02609937, 0.0040650046, 0.02881633), (-0.026379872, 0.00004084969, 0.028572135), (-0.027194144, 0.00460876, 0.02581614), (-0.027980275, 0.005043583, 0.022755133), (-0.028346108, 0.005152516, 0.019653274), (-0.028485902, 0.00017701555, 0.016571386), (-0.028261686, 0.004989117, 0.016530536), (-0.027756054, 0.004662319, 0.013510378), (-0.027868617, -0.00009531615, 0.013592077), (-0.02666128, 0.0044181286, 0.01069356), (-0.02531324, 0.0041730297, 0.008041048), (-0.02553746, -0.0003122738, 0.008000199), (-0.023487708, 0.0038471392, 0.005734398), (-0.021353533, 0.0034395496, 0.0036937261), (-0.02152238, -0.0003667401, 0.0036937261), (-0.018967, 0.0029774935, 0.0020207015), (-0.018967, -0.00042120653, 0.0020615512), (-0.016271822, 0.0024872965, 0.0007961165), (-0.0133515205, 0.00202524, 0.00018337008), (-0.010094432, -0.0003667401, 0.00028594836), (-0.01029051, 0.001590417, 0.00010167057), (-0.007286691, -0.00039397326, 0.00049019716), (-0.0074827704, 0.0013189933, 0.00042846866), (-0.005208799, 0.0011828275, 0.0009595155), (-0.0032707045, 0.0011555942, 0.0013879841), (-0.0013616589, 0.0010738947, 0.0016530536), (-0.001305377, -0.00093772897, 0.0016122039), (0.0006318098, 0.00091049564, 0.001571354), (0.0027378425, 0.0006663049, 0.0011837353), (0.0027097014, -0.0014270183, 0.0010203363), (0.0051525175, 0.0003395068, 0.00073438796), (0.0077641797, -0.002134173, 0.00028594836), (0.010628201, -0.0026234624, 0.00028594836), (0.01646881, -0.0038199064, 0.0013062846), (0.0025699046, 0.0028140945, 0.001041215), (0.00046387187, 0.0030582855, 0.0013262555), (0.0050127204, 0.019371863, 0.037143324), (0.0017828655, 0.020050878, 0.036816526), (0.00023874422, 0.005369474, 0.0009186657), (-0.0022040715, 0.007762362, 0.0005709889), (-0.0050962353, 0.009855686, 0.00024509858), (-0.0037200523, 0.013308852, 0.00061183865), (-0.0063598547, 0.012492764, 0.0004693184), (-0.004590606, 0.01602763, 0.0014488049), (-0.0015023637, 0.016489685, 0.001571354), (-0.0020633668, 0.019153997, 0.0029184883), (0.0013062848, 0.019126764, 0.0031227372), (0.0010248753, 0.021546887, 0.0049800393), (0.0045352317, 0.021274555, 0.0049800393), (0.0007443736, 0.023612974, 0.007265811), (-0.0037481932, 0.02521701, 0.009510731), (-0.0032425637, 0.023504045, 0.0070207124), (-0.0026815603, 0.021546887, 0.0047549116), (-0.0064161373, 0.02092143, 0.0044698715), (-0.005489301, 0.018528542, 0.0028367888), (-0.0088870935, 0.017304866, 0.0025717195), (-0.0076234746, 0.014967353, 0.0013262555), (-0.008774529, 0.011133828, 0.0003467691), (-0.007258551, 0.022716096, 0.0067547346), (-0.010487498, 0.013363318, 0.0011020357), (-0.010852422, 0.009284697, 0.0002650696), (-0.007061564, 0.008795406, 0.00020424885), (-0.005657239, 0.006348052, 0.00032679812), (-0.0040849764, 0.0072186054, 0.00049019716), (-0.0017265835, 0.005287774, 0.000897787), (-0.0014742226, 0.0031127518, 0.0013471342), (-0.0032988456, 0.0030038187, 0.0011020357), (-0.0051243766, 0.0028140945, 0.0007961165), (-0.007370206, 0.0028957939, 0.0004084976), (-0.0102060875, 0.0035475744, 0.000040849813), (-0.013126394, 0.0044998275, 0.000081699574), (-0.015878757, 0.005505639, 0.0006935381), (-0.012340261, 0.006973508, 0.00014252034), (-0.009757648, 0.005478407, 5.5220658e-11), (-0.0070897047, 0.0042819623, 0.00028594836), (-0.0050962353, 0.0044181286, 0.0005918677), (-0.003495832, 0.004989117, 0.00083696615), (-0.007286691, 0.006185561, 0.00012254935), (-0.008690108, 0.0073547717, 0.000019971048), (-0.012930313, 0.011106595, 0.0010203363), (-0.014811219, 0.008495842, 0.00065268844), (-0.018434139, 0.006456985, 0.0018364236), (-0.015008206, 0.012819562, 0.0021223722), (-0.0122004645, 0.015456641, 0.0022040715), (-0.013772727, 0.017224073, 0.003857125), (-0.017142378, 0.009828452, 0.001958973), (-0.01691725, 0.014314663, 0.0037554544), (-0.02079253, 0.0073003056, 0.0034894773), (-0.019303784, 0.011024895, 0.0036528765), (-0.022814142, 0.008033785, 0.0055719074), (-0.02127002, 0.012112407, 0.005714427), (-0.018573936, 0.015511108, 0.0058778264), (-0.0152042825, 0.01869194, 0.005897797), (-0.010094432, 0.019317398, 0.0042656227), (-0.011245488, 0.020975897, 0.006347145), (-0.012340261, 0.022280367, 0.008673766), (-0.016439762, 0.019861152, 0.008204448), (-0.008100963, 0.024265664, 0.009163055), (-0.00897061, 0.025325943, 0.011714803), (-0.0042538224, 0.026467923, 0.012184123), (-0.009701367, 0.026005866, 0.014408165), (-0.0048157335, 0.027283099, 0.014939213), (-0.0000980394, 0.027392033, 0.0153268315), (-0.0005473869, 0.027826857, 0.018204467), (-0.013379661, 0.023178153, 0.011265456), (-0.0053485963, 0.027609898, 0.01779597), (-0.010150714, 0.02635899, 0.017244954), (-0.0056853797, 0.027528198, 0.020755311), (-0.0009685934, 0.02777239, 0.021142928), (-0.0011928133, 0.027392033, 0.024082294), (-0.0012490952, 0.026684878, 0.026959028), (-0.0058823666, 0.026495151, 0.026755687), (-0.0058542257, 0.027201401, 0.023796346), (-0.0103749335, 0.026086655, 0.023367878), (-0.01029051, 0.026331754, 0.020265114), (-0.014783076, 0.024075031, 0.023142751), (-0.014811219, 0.024428155, 0.02014347), (-0.010403074, 0.02529871, 0.026306339), (-0.0059105074, 0.025489341, 0.029510776), (-0.0012772362, 0.0256246, 0.02967417), (0.003018344, 0.025380407, 0.029795814), (0.0071459864, 0.024618788, 0.029939244), (0.0027378425, 0.023938868, 0.03238841), (-0.0013616589, 0.024211198, 0.032143317), (0.00650056, 0.023259852, 0.032612633), (0.0057707108, 0.021437952, 0.035020955), (0.002260354, 0.022199575, 0.03481671), (0.009084079, 0.020295976, 0.03518435), (0.008129103, 0.018284352, 0.037184175), (0.011190114, 0.01684281, 0.037143324), (0.009898352, 0.01461332, 0.03863298), (0.012425591, 0.0130092865, 0.03873465), (0.010628201, 0.010671772, 0.039510798), (0.012172323, 0.008986039, 0.039306547), (0.014334639, 0.010861497, 0.038428735), (-0.0016984425, 0.020350441, 0.036286388), (-0.0015023637, 0.022471, 0.034367353), (-0.005376737, 0.020323208, 0.03602041), (-0.0056853797, 0.022416532, 0.034143135), (-0.0058542257, 0.024102267, 0.031939067), (-0.0102060875, 0.022796888, 0.031571414), (-0.010459357, 0.024265664, 0.029082306), (-0.009729507, 0.021247322, 0.03387807), (-0.014250215, 0.02092143, 0.031448867), (-0.014643281, 0.022172341, 0.028796358), (-0.014811219, 0.023422342, 0.026061239), (-0.018855346, 0.020621866, 0.02585699), (-0.018995142, 0.021329021, 0.022959381), (-0.01893886, 0.021655818, 0.019959195), (-0.01467142, 0.024265664, 0.017081555), (-0.014222072, 0.02380361, 0.014081367), (-0.01747916, 0.020703565, 0.010836988), (-0.01997826, 0.016516918, 0.008286146), (-0.022926705, 0.012846796, 0.008183569), (-0.02455525, 0.008632008, 0.00797932), (-0.025930526, 0.009013272, 0.010673588), (-0.026913641, 0.009339162, 0.013551229), (-0.02744741, 0.009557027, 0.016653085), (-0.018461373, 0.019588819, 0.028693782), (-0.025144394, 0.013798141, 0.013714627), (-0.024245698, 0.01344411, 0.010836988), (-0.021073034, 0.017332098, 0.010959536), (-0.021802884, 0.017903088, 0.013796326), (-0.01812459, 0.021220086, 0.013816298), (-0.01865836, 0.021601351, 0.016898183), (-0.022364793, 0.018229885, 0.016653085), (-0.025734443, 0.014015099, 0.016714813), (-0.027419273, 0.009665052, 0.019918345), (-0.025678162, 0.01412403, 0.019795794), (-0.022617156, 0.018202653, 0.019592453), (-0.022589015, 0.017903088, 0.022673432), (-0.025425803, 0.014042331, 0.02289856), (-0.027054347, 0.009475328, 0.02304108), (-0.026520576, 0.008931573, 0.026061239), (-0.024948314, 0.01339055, 0.025979541), (-0.022308512, 0.017277634, 0.02575532), (-0.021719366, 0.01635352, 0.028673807), (-0.017731521, 0.018229885, 0.03130635), (-0.013464084, 0.019371863, 0.033796366), (-0.008915235, 0.019290164, 0.03579619), (-0.012256747, 0.017604431, 0.03583704), (-0.015120769, 0.01526601, 0.03579619), (-0.016664889, 0.016870042, 0.033796366), (-0.019220268, 0.013825374, 0.033857193), (-0.020679967, 0.015129841, 0.031388048), (-0.021129316, 0.010590073, 0.034102287), (-0.019753132, 0.0064297523, 0.03638806), (-0.022112433, 0.007000741, 0.034203958), (-0.023965197, 0.007571729, 0.031653117), (-0.025481177, 0.008224417, 0.028959755), (-0.024134044, 0.012519997, 0.028898029), (-0.022786, 0.011568652, 0.031571414), (-0.008661966, -0.0039560725, 0.00014252034), (-0.0061910087, -0.0037926736, 0.00044934743), (-0.008830812, -0.005696272, 0.000040849813), (-0.011666695, -0.004852952, 0.00020424885), (-0.014530717, -0.005885997, 0.00083696615), (-0.010459357, -0.006729317, 0.00014252034), (-0.00897061, -0.008278885, 0.00024509858), (-0.006668498, -0.0060493955, 0.00010167057), (-0.004534324, -0.00417303, 0.00049019716), (-0.0031590485, -0.004880185, 0.0005709889), (-0.0015858787, -0.0054239403, 0.00061183865), (0.00015432137, -0.0058042975, 0.0005101682), (0.002120557, -0.0060221627, 0.0003467691), (0.0043382454, -0.0061038616, 0.00022421982), (0.0067529203, -0.0064842184, 0.000040849813), (0.009252018, -0.007136906, 0.00012254935), (0.011863681, -0.007816828, 0.0005709889), (0.014586999, -0.0086864745, 0.0014288339), (0.017170519, -0.00971952, 0.0028976097), (0.015738962, -0.011949008, 0.0029593382), (0.01947354, -0.010779797, 0.0047549116), (0.01770429, -0.013254385, 0.0047549116), (0.021382583, -0.01173205, 0.0069998335), (0.022646204, -0.012656163, 0.009429032), (0.02357304, -0.013498575, 0.012163243), (0.024134044, -0.014151265, 0.015040883), (0.021719368, -0.017305775, 0.014694113), (0.018659268, -0.019480797, 0.011510555), (0.015513835, -0.021954475, 0.011061206), (0.012060666, -0.023667442, 0.010734408), (0.012341168, -0.024591554, 0.013592077), (0.00857845, -0.024863888, 0.010836988), (0.008775438, -0.0258697, 0.013714627), (0.008858953, -0.02635899, 0.016755663), (0.0049845795, -0.0272831, 0.016877307), (0.0048720157, -0.027419267, 0.019816672), (0.02124188, -0.016544152, 0.011877294), (0.0050127204, -0.02676658, 0.013918876), (0.0007443736, -0.027826857, 0.017020736), (0.0006318098, -0.02777239, 0.020040892), (0.00060366886, -0.027446501, 0.0230202), (-0.0034676916, -0.026848279, 0.023387847), (-0.0032988456, -0.026168358, 0.02636716), (-0.007370206, -0.026222821, 0.023531277), (-0.0071741273, -0.025434874, 0.026489709), (-0.0069208588, -0.02440183, 0.029306525), (-0.0108805625, -0.02298752, 0.028979728), (-0.010515638, -0.021655818, 0.031469744), (-0.014530717, -0.020812498, 0.028387858), (-0.014053227, -0.01958882, 0.030979548), (-0.0034395503, -0.027310334, 0.02032684), (-0.011076642, -0.023885306, 0.026122969), (-0.013238957, -0.018093718, 0.03332705), (-0.01613112, -0.015891463, 0.033021133), (-0.014643281, -0.014314663, 0.035266053), (-0.018321574, -0.013308852, 0.033000253), (-0.016580468, -0.011976242, 0.035326872), (-0.014530717, -0.010481141, 0.037244998), (-0.015794335, -0.0080882525, 0.037388425), (-0.013238957, -0.0068654832, 0.03861301), (-0.016749311, -0.0055056396, 0.037714314), (-0.014109509, -0.004771252, 0.039000627), (-0.017282173, -0.01727854, 0.030449409), (-0.018041072, -0.009175763, 0.035531122), (-0.011189206, -0.004065005, 0.039326515), (-0.019192128, -0.0062127947, 0.035918742), (-0.020034542, -0.010155251, 0.03334702), (-0.019809414, -0.014532528, 0.030551083), (-0.018068306, -0.018528542, 0.02773517), (-0.014754935, -0.02181831, 0.02563277), (-0.011161065, -0.024673255, 0.023408728), (-0.007342065, -0.026522385, 0.020428512), (-0.0033269865, -0.027337568, 0.017184133), (0.0009967344, -0.027337568, 0.014040517), (0.0049564387, -0.025679065, 0.011082085), (0.008382372, -0.023449576, 0.008204448), (0.011807399, -0.022362065, 0.008204448), (0.01514891, -0.020758031, 0.008530337), (-0.02129816, -0.00683825, 0.033652943), (0.011414332, -0.020730799, 0.0059794975), (0.020427609, -0.01562004, 0.009224783), (0.018012932, -0.018366052, 0.008959713), (0.01700258, -0.01700621, 0.006673943), (0.014475343, -0.019235699, 0.006285416), (0.019248411, -0.014478061, 0.0068573137), (0.01568268, -0.015483875, 0.0047349413), (0.0135203665, -0.017468264, 0.0043264437), (0.0108805625, -0.018746408, 0.0040404955), (0.012341168, -0.015511108, 0.0027351184), (0.010178854, -0.016516918, 0.002469141), (0.014278357, -0.013907073, 0.0029384592), (0.013324287, -0.010726239, 0.0015105334), (0.010740765, -0.009964618, 0.0005510179), (0.008241667, -0.009448095, 0.00024509858), (0.0059105074, -0.008986039, 0.000040849813), (0.003749101, -0.008795408, 5.5220658e-11), (0.0016149275, -0.008795408, 0.00014252034), (-0.00043482307, -0.008659242, 0.00018337008), (-0.0023166356, -0.008278885, 0.00020424885), (-0.0039733206, -0.007680663, 0.00020424885), (-0.005376737, -0.006919041, 0.000081699574), (-0.0073139244, -0.009557028, 0.00028594836), (-0.005433019, -0.010535607, 0.00032679812), (-0.0034395503, -0.011269996, 0.00030591938), (-0.0012772362, -0.011759284, 0.00020424885), (0.0009413602, -0.011949008, 0.00018337008), (0.0031590485, -0.0119217755, 0.00022421982), (0.005321363, -0.011894542, 0.00024509858), (0.0075399596, -0.0119217755, 0.00049019716), (0.009842071, -0.012003475, 0.0008160875), (0.012200464, -0.012519997, 0.001571354), (0.011498756, -0.014205732, 0.0018772735), (0.009673225, -0.014178499, 0.0013879841), (0.007511819, -0.014586996, 0.0011020357), (0.0051806583, -0.014831186, 0.0010203363), (0.0077641797, -0.017115142, 0.0023266205), (0.00801654, -0.01950803, 0.003938825), (0.008185386, -0.021628585, 0.005897797), (0.0050127204, -0.02225404, 0.005938647), (0.0049564387, -0.024183964, 0.008367846), (0.0015023637, -0.024646021, 0.008469516), (0.0012218619, -0.02630452, 0.011142907), (-0.0025971374, -0.025896933, 0.011244577), (-0.003046485, -0.026875509, 0.014143096), (-0.0068936255, -0.026087563, 0.014122217), (-0.0072304094, -0.026604088, 0.017244954), (-0.010964986, -0.025271477, 0.017163252), (-0.011132924, -0.025271477, 0.02044939), (-0.014754935, -0.023123687, 0.019980071), (-0.014783076, -0.02257993, 0.02285771), (-0.01865836, -0.020079019, 0.022244964), (-0.018461373, -0.019399095, 0.024980081), (-0.021747507, -0.016054863, 0.024959203), (-0.02096047, -0.015347709, 0.027836842), (-0.022954848, -0.011650352, 0.02814276), (-0.021634944, -0.010943197, 0.030817056), (-0.023094643, -0.007354772, 0.03106125), (-0.024498967, -0.007816828, 0.02828619), (-0.02559374, -0.008251651, 0.02546937), (-0.023965197, -0.012357507, 0.02532685), (-0.022168716, -0.016734784, 0.022061594), (-0.018602077, -0.02051384, 0.019449024), (-0.014530717, -0.02315092, 0.016959004), (-0.01057192, -0.024754953, 0.014102245), (-0.0063598547, -0.025135312, 0.011163785), (-0.002035226, -0.024537088, 0.008469516), (0.0018110063, -0.022716098, 0.005897797), (0.0050962353, -0.020079019, 0.0038162754), (0.0051525175, -0.0175772, 0.0021632218), (0.0027659833, -0.0150490515, 0.0008160875), (0.0002668852, -0.015076284, 0.00073438796), (-0.0022603536, -0.014749487, 0.000897787), (-0.004731311, -0.014124032, 0.0009595155), (-0.007061564, -0.013172685, 0.0009595155), (-0.009280159, -0.011894542, 0.0009186657), (-0.01132991, -0.010290508, 0.0007552667), (-0.013126394, -0.008306119, 0.0006935381), (-0.017086096, -0.0068110162, 0.0020615512), (-0.01944449, -0.007598963, 0.0036329054), (-0.021437956, -0.008197186, 0.0056735775), (-0.023235347, -0.008577542, 0.008000199), (-0.02461153, -0.008740941, 0.010714439), (-0.025762586, -0.008849873, 0.013551229), (-0.026379872, -0.008904341, 0.016571386), (-0.026520576, -0.00882264, 0.019612424), (-0.026351731, -0.008632008, 0.022591732), (-0.008718248, -0.015647274, 0.0021024009), (-0.011245488, -0.014042331, 0.0020615512), (-0.024527108, -0.012792328, 0.022367513), (-0.024723185, -0.01295482, 0.019388204), (-0.024723185, -0.013090987, 0.016388018), (-0.02228037, -0.017169608, 0.019163078), (-0.024134044, -0.01303652, 0.013428679), (-0.023038361, -0.012846796, 0.010612768), (-0.021550521, -0.012438298, 0.008000199), (-0.019753132, -0.011840982, 0.005632728), (-0.017787803, -0.010915964, 0.003530327), (-0.01559735, -0.009692287, 0.0018364236), (-0.013575739, -0.012085174, 0.0019181232), (-0.013071017, -0.01586423, 0.0037554544), (-0.015681772, -0.013689207, 0.0036120268), (-0.017563583, -0.014940119, 0.0058369767), (-0.01924841, -0.01594593, 0.008245296), (-0.020539263, -0.016653085, 0.010836988), (-0.021466099, -0.017033441, 0.013571197), (-0.022140574, -0.017224073, 0.016347166), (-0.018349716, -0.020622773, 0.016612237), (-0.017900368, -0.020377675, 0.013755477), (-0.014109509, -0.022716098, 0.013979695), (-0.017142378, -0.019697754, 0.010959536), (-0.016102979, -0.018746408, 0.008286146), (-0.014699561, -0.017413799, 0.0058778264), (-0.012649811, -0.020839734, 0.0083469665), (-0.01155413, -0.019480797, 0.0058778264), (-0.010178856, -0.017740598, 0.0038162754), (-0.0071741273, -0.019181231, 0.0037963046), (-0.0060230712, -0.016815577, 0.0021024009), (-0.0031862815, -0.017522732, 0.0020406726), (-0.00037854112, -0.017957553, 0.0018772735), (0.0024291999, -0.01784953, 0.0020815223), (0.002120557, -0.020432143, 0.0037345758), (-0.00091231155, -0.020377675, 0.0038162754), (-0.0014742226, -0.022688866, 0.005938647), (-0.0040286942, -0.019942854, 0.003857125), (-0.0082689, -0.021220086, 0.005856948), (-0.004787593, -0.022036176, 0.0060611963), (-0.0056018643, -0.02372191, 0.008530337), (-0.009252019, -0.022716098, 0.008306119), (-0.010094432, -0.0240478, 0.011020357), (-0.013492225, -0.021927243, 0.011082085), (-0.0040568355, 0.00031227365, 0.039857563), (-0.002962062, 0.0017810494, 0.039694168), (-0.0016421606, 0.0012645269, 0.039449066), (-0.0007153248, 0.00017701555, 0.039469942), (-0.00043482307, 0.00042120635, 0.040469404), (0.0000708063, 0.000068082845, 0.041123), (0.00037944902, 0.00080156303, 0.041775685), (0.00088507833, 0.00088326243, 0.041755717), (0.0003513081, 0.0012645269, 0.040673655), (-0.000013616549, 0.0012372937, 0.039489917), (0.00060366886, 0.002134173, 0.03897975), (0.0011092981, 0.0028957939, 0.038796376), (0.0015586456, 0.0039288388, 0.039000627), (-0.00043482307, 0.0029230271, 0.03853131), (-0.00091231155, 0.0022703388, 0.039082326), (-0.0024564324, 0.0027868613, 0.039408218), (0.025089018, -0.005560106, 0.03130635), (0.025425805, -0.0018355158, 0.031286377), (0.026408924, -0.00591323, 0.028714659), (0.026773844, -0.0017810494, 0.028592108), (0.027363898, -0.006267261, 0.026061239), (0.027840478, -0.001862749, 0.025897842), (0.026493344, 0.0020797064, 0.02865293), (0.027644403, 0.0022975719, 0.025837021), (0.026969926, 0.0060766283, 0.02595957), (0.02761626, 0.006348052, 0.02289856), (0.028682891, 0.00210694, 0.020040892), (0.028317967, 0.0022431056, 0.02293941), (0.028514955, -0.00202524, 0.02312278), (0.028009323, -0.0065114517, 0.023347002), (0.028739177, -0.0022158725, 0.02024514), (0.028121887, -0.0067020836, 0.01765345), (0.028654752, -0.0023248054, 0.017347531), (0.028571237, 0.0019707738, 0.017122405), (0.028065605, -0.002297572, 0.014469893), (0.027588118, -0.0064842184, 0.014775812)]
                color3f[] primvars:displayColor = [(0.8, 0.8, 0.8)]
                float[] primvars:displayOpacity = [1] (
                    interpolation = "constant"
                )
                float3[] primvars:normals = [(0.011371289, -0.15885966, 0.98723567), (0.06356738, -0.14440352, 0.987475), (-0.0041197613, -0.1674821, 0.98586655), (0.08037898, -0.13903569, 0.9870199), (-0.04715039, -0.07133997, 0.9963371), (0.17586868, -0.003983356, 0.98440564), (0.008920592, -0.099256255, 0.995022), (0.101313144, -0.1357458, 0.98555), (-0.12491515, -0.084321, 0.98857784), (-0.11773448, -0.13500622, 0.98382515), (-0.1932549, -0.104777284, 0.97553796), (-0.1694672, -0.06381774, 0.98346746), (-0.15622738, -0.032049946, 0.98720104), (0.01830856, 0.27025053, 0.96261585), (-0.12577301, 0.06860974, 0.9896838), (0.13380429, 0.09144481, 0.9867797), (0.15472315, 0.18534465, 0.9704164), (0.07308472, 0.07474163, 0.9945212), (-0.033567213, -0.0155859105, 0.99931496), (-0.013779163, -0.13364772, 0.99093306), (0.018255938, -0.10652182, 0.99414283), (0.016571268, -0.15558583, 0.9876834), (0.007875384, -0.2726025, 0.96209455), (0.036504257, -0.28333876, 0.9583249), (0.123176046, -0.26200122, 0.9571745), (0.1267482, -0.27736416, 0.95236754), (0.14824823, -0.4416615, 0.884849), (0.09890582, -0.46430895, 0.8801334), (0.025326658, -0.15717359, 0.9872462), (0.1843923, 0.15650885, 0.9703115), (0.20792899, -0.0120667685, 0.9780695), (0.18953566, 0.17771909, 0.9656564), (0.18296458, 0.034836892, 0.9825021), (0.21420129, -0.21983744, 0.95172966), (0.09106058, 0.25966826, 0.961395), (0.24714673, 0.2786851, 0.9280373), (0.2117697, 0.08237072, 0.9738422), (0.06807821, 0.24818031, 0.9663187), (0.037011538, -0.1118654, 0.9930338), (-0.12287336, 0.0059957784, 0.99240416), (0.070091404, -0.0026136478, 0.99753714), (0.3727929, -0.113564804, 0.92093897), (0.007439925, 0.2667285, 0.96374303), (-0.013042024, 0.28697407, 0.95784956), (-0.027249346, 0.36936128, 0.92888635), (0.031077676, 0.35905907, 0.9327972), (0.021514447, 0.35455194, 0.93478876), (-0.15809178, 0.22121155, 0.96232665), (-0.22849996, -0.026447985, 0.9731846), (0.06336768, -0.46006495, 0.8856212), (0.30094185, -0.22518912, 0.92667353), (0.16946442, -0.32343695, 0.93095124), (-0.19091327, -0.15142804, 0.96985656), (-0.21170813, -0.1043682, 0.9717443), (-0.005396308, 0.0029681332, 0.999981), (0.08187741, -0.04771956, 0.9954994), (0.32834658, -0.44425654, 0.8335615), (-0.13256155, -0.1835828, 0.9740251), (-0.0882275, -0.13599117, 0.9867737), (-0.0718706, -0.06663236, 0.9951858), (-0.022914479, -0.034986444, 0.9991251), (-0.17045228, -0.06633555, 0.9831305), (0.06249957, -0.15594488, 0.9857865), (0.10433038, -0.18767823, 0.9766739), (0.12878689, -0.11677436, 0.98477286), (0.27643085, -0.14581496, 0.94990736), (0.23224592, -0.22350974, 0.94662833), (0.409567, -0.2288513, 0.8831093), (0.22046077, -0.16679831, 0.9610282), (0.055849846, -0.023441108, 0.998164), (0.47184348, -0.16541567, 0.86602616), (0.6163336, -0.15284261, 0.7725103), (0.5652431, -0.24994095, 0.78614867), (0.6904252, -0.29794806, 0.6591965), (0.7330614, -0.15333886, 0.6626524), (0.76612973, -0.32661572, 0.5535047), (0.8275893, -0.16782446, 0.53565943), (0.82632947, -0.358383, 0.43444368), (0.89793247, -0.16857105, 0.40657228), (0.9355292, -0.19042383, 0.29752958), (0.8733541, -0.3894587, 0.2925313), (0.893747, -0.41687486, 0.16562472), (0.95954716, -0.21360385, 0.18341936), (0.89912087, -0.4347583, 0.05066482), (0.9745364, -0.22297296, 0.023700183), (0.9678615, -0.22030216, -0.12128941), (0.90091974, -0.425441, -0.085694596), (0.877863, -0.40881863, -0.2494472), (0.9463436, -0.21709889, -0.23937805), (0.8504381, -0.38466907, -0.3588659), (0.90134424, -0.20982572, -0.37888232), (0.83749044, -0.17133142, -0.518898), (0.8134988, -0.3355378, -0.47500947), (0.7253193, -0.30251417, -0.61838275), (0.752655, -0.13006327, -0.6454408), (0.614417, -0.26508006, -0.7431179), (0.6554711, -0.110115685, -0.7471493), (0.5188984, -0.09488601, -0.84955347), (0.47065327, -0.23400933, -0.8507204), (0.32393152, -0.15636793, -0.9330689), (0.33497468, -0.08582233, -0.9383105), (0.18138269, -0.08815629, -0.9794533), (0.17328179, -0.045823503, -0.9838057), (0.07093268, 0.0028376232, -0.99747705), (0.03523294, 0.008623381, -0.9993419), (-0.050147437, 0.049711317, -0.9975038), (-0.017055638, 0.061776906, -0.9979442), (-0.105261974, 0.10544566, -0.98883826), (-0.12774779, 0.10014954, -0.98673743), (-0.111741155, 0.1576807, -0.98114765), (-0.16024235, 0.118658185, -0.9799197), (-0.1098059, 0.13580249, -0.98463213), (-0.07104943, 0.2006506, -0.9770831), (0.03254591, 0.21168593, -0.97679573), (0.03321245, 0.12151017, -0.9920343), (0.14807884, 0.17599106, -0.9731905), (0.1936312, 0.1103553, -0.974848), (0.2026163, 0.0829676, -0.9757372), (0.17476027, 0.13155031, -0.97578347), (0.13345781, 0.06767445, -0.9887412), (0.13586383, 0.041804366, -0.9898451), (0.01976457, 0.040623385, -0.99897903), (0.016689623, 0.0048477985, -0.99984896), (-0.12494605, -0.01636621, -0.99202853), (-0.108819395, -0.025461802, -0.9937354), (-0.3007513, -0.05137056, -0.95231813), (-0.29858944, -0.08207931, -0.9508456), (-0.4417359, -0.13291356, -0.8872448), (-0.46155703, -0.04519381, -0.8859586), (-0.59960383, -0.16728179, -0.7826187), (-0.6295198, -0.043104872, -0.7757879), (-0.7336827, -0.040272146, -0.67829776), (-0.7123551, -0.19292803, -0.6747807), (-0.8045748, -0.22823751, -0.5482399), (-0.8362361, -0.038088135, -0.54704505), (-0.8843745, -0.24355167, -0.39820132), (-0.9217868, -0.033416055, -0.38625446), (-0.93793136, -0.23095591, -0.2587355), (-0.9631612, -0.039053984, -0.26607385), (-0.9909556, -0.029467126, -0.13091467), (-0.96676564, -0.2277108, -0.11624146), (-0.9716942, -0.23345551, 0.036179367), (-0.99975175, -0.011036203, 0.019356325), (-0.9548248, -0.21872103, 0.20117326), (-0.9806925, -0.014774935, 0.19499683), (-0.94950897, -0.030964695, 0.31220827), (-0.92074406, -0.21232423, 0.32733595), (-0.8803718, -0.22100744, 0.41964415), (-0.90105385, -0.048865847, 0.43094552), (-0.8123495, -0.20335895, 0.546565), (-0.8254364, -0.04208637, 0.5629239), (-0.74559945, -0.06063384, 0.6636301), (-0.7251089, -0.17759718, 0.66533923), (-0.62261516, -0.15320395, 0.76738447), (-0.62524164, -0.06415596, 0.77778983), (-0.48137078, -0.12607963, 0.86740196), (-0.4715757, -0.033084426, 0.88120466), (-0.27486578, -0.009082663, 0.9614397), (-0.28509226, -0.09671385, 0.95360833), (-0.092595786, -0.106903635, 0.9899484), (-0.094751045, -0.02263756, 0.99524355), (-0.047432538, -0.17459418, 0.9834973), (-0.09861099, -0.047430605, 0.99399513), (-0.033593543, -0.065984644, 0.9972549), (-0.116454855, -0.10255045, 0.98788756), (0.018030055, -0.16211145, 0.9866078), (-0.04042462, 0.13589105, 0.9898987), (0.14884177, 0.08554366, 0.98515403), (0.275743, 0.33928448, 0.8993619), (0.06465418, 0.38188082, 0.92194724), (0.042997673, 0.20119636, 0.97860676), (0.20781207, 0.26859182, 0.94057035), (0.031274468, 0.010690726, 0.99945366), (-0.06901996, 0.03944028, 0.9968354), (0.003880293, 0.022983126, 0.9997284), (-0.02862188, 0.07016959, 0.99712425), (-0.1743427, 0.0070449226, 0.98465985), (-0.093286656, -0.06713493, 0.9933733), (0.10772127, -0.07469116, 0.9913714), (-0.11148323, -0.15825957, 0.98108387), (0.24944958, 0.06843019, 0.965967), (-0.36793074, -0.12212559, 0.9217984), (-0.4241234, -0.046255074, 0.9044224), (-0.19441006, -0.042748876, 0.97998834), (-0.21200047, -0.21844205, 0.9525434), (-0.12111924, -0.18170497, 0.97586554), (0.010090141, -0.04916498, 0.9987397), (0.023587547, -0.057577033, 0.99806243), (-0.04205136, -0.22594553, 0.973232), (0.25546312, -0.23088026, 0.93884665), (0.027466226, -0.28344676, 0.9585947), (-0.09297772, -0.026318934, 0.9953203), (0.040065404, -0.07218557, 0.9965862), (-0.14014935, 0.08230343, 0.98670375), (-0.15128304, 0.16865562, 0.9739963), (-0.07620462, 0.08694522, 0.9932942), (0.34497088, -0.15703486, 0.9253838), (0.021657107, 0.11244976, 0.9934214), (0.07464738, 0.46820033, 0.8804637), (-0.006203003, -0.32660633, 0.9451401), (-0.16054612, -0.24851915, 0.9552294), (-0.14975166, 0.14062805, 0.9786716), (-0.24106804, -0.13064557, 0.9616745), (-0.008759557, 0.32958847, 0.9440841), (-0.00083896966, 0.37535596, 0.9268803), (0.12786484, 0.93432903, 0.33268595), (0.22247507, 0.9012374, 0.37185484), (0.1291361, 0.8947591, 0.42746916), (0.45307413, -0.23281479, 0.8605353), (0.8275488, 0.53585947, -0.16738456), (0.82754886, 0.53585947, -0.16738458), (0.82754886, 0.53585947, -0.1673846), (0.63446456, -0.60551155, 0.4804275), (0.17837764, -0.7241599, 0.6661635), (-0.27835453, -0.3034002, 0.9112997), (0.028531054, -0.09892229, 0.994686), (0.07231488, 0.09127093, 0.9931969), (-0.07161131, 0.09790492, 0.992616), (-0.2826405, 0.66527385, 0.6910318), (-0.2826405, 0.6652739, 0.6910318), (-0.2826405, 0.66527385, 0.6910318), (0.058543604, -0.10683504, 0.99255174), (0.12430517, -0.21674886, 0.968281), (0.13576862, -0.1480258, 0.9796199), (0.19645494, -0.3097323, 0.93030715), (0.110538125, -0.12498768, 0.9859815), (0.03269793, -0.30068502, 0.95316285), (0.010670832, -0.17583683, 0.9843615), (-0.11382773, 0.04297827, 0.99257046), (-0.15396145, 0.034473594, 0.9874752), (-0.12312169, -0.025391242, 0.9920668), (-0.053031057, -0.13703433, 0.9891457), (-0.13888565, -0.074630536, 0.9874923), (-0.110708155, -0.12652613, 0.9857661), (-0.09214025, -0.09524949, 0.99117994), (-0.23639597, -0.18828015, 0.9532406), (-0.22918957, -0.2496434, 0.9408242), (-0.17953353, -0.23261864, 0.9558537), (-0.20194492, -0.22305754, 0.95365804), (-0.34323287, -0.36945793, 0.86353457), (-0.37330306, -0.35956144, 0.8551961), (-0.18766342, -0.26220143, 0.9465901), (-0.04196832, -0.2793078, 0.95928395), (-0.07794603, -0.4652195, 0.88175684), (0.0265444, -0.4587865, 0.88815), (-0.09898081, -0.62862253, 0.7713861), (0.019573858, -0.62259835, 0.7822967), (-0.20455952, -0.43442333, 0.87717265), (-0.26765373, -0.40265477, 0.875346), (-0.41928238, -0.5160652, 0.7469131), (-0.35138282, -0.55737525, 0.7522386), (-0.24708827, -0.5869516, 0.7709963), (-0.25312847, -0.70138, 0.6663273), (-0.10280678, -0.7518158, 0.6513092), (-0.24768698, -0.80562973, 0.538156), (-0.09660101, -0.8372541, 0.5382135), (0.019341601, -0.7579708, 0.6520016), (0.11909355, -0.6156881, 0.7789383), (0.19422007, -0.59836555, 0.777327), (-0.38926044, -0.6416244, 0.6609043), (0.14974107, -0.75242275, 0.64143413), (0.12900661, -0.8398001, 0.5273453), (0.019721791, -0.8511317, 0.5245817), (0.0106093325, -0.9080885, 0.41864395), (-0.11566849, -0.90244526, 0.41498607), (0.20168531, -0.72720444, 0.65612257), (0.11629115, -0.8976113, 0.42517102), (-0.015821315, -0.95502687, 0.29609716), (0.12359536, -0.94897014, 0.29013768), (0.22901784, -0.8791154, 0.41797945), (0.21384309, -0.81096035, 0.5446232), (0.31102118, -0.6827693, 0.6611293), (0.33725363, -0.7745428, 0.5351106), (0.34543055, -0.8405493, 0.41731825), (0.3717949, -0.88491035, 0.2805393), (0.49339786, -0.76177704, 0.4198263), (0.46168298, -0.6986103, 0.5466192), (0.261488, -0.92342246, 0.2809181), (0.14983478, -0.97723216, 0.15022239), (0.26794097, -0.9532172, 0.13994525), (0.3911146, -0.9094596, 0.1411122), (0.53708434, -0.8311425, 0.14402263), (0.40460467, -0.9140409, 0.028710939), (0.28253657, -0.95876586, 0.030678894), (0.5200551, -0.8066269, 0.28088388), (0.5989873, -0.6835846, 0.41704473), (0.63386464, -0.71564066, 0.2933835), (0.66326994, -0.72966856, 0.16630358), (0.67264736, -0.73849255, 0.046629004), (0.7259131, -0.66825724, 0.16273406), (0.698745, -0.65349966, 0.29102165), (0.5378066, -0.8423065, 0.0358303), (0.39923877, -0.9127055, -0.08704672), (0.54546964, -0.83280444, -0.094337426), (0.6780645, -0.7292732, -0.09159158), (0.75780845, -0.64752173, -0.08026194), (0.6739064, -0.70729864, -0.21349205), (0.5433725, -0.8063373, -0.2335945), (0.7449233, -0.66439354, 0.060584288), (0.79713607, -0.58228683, 0.15973714), (0.80951935, -0.58524686, 0.046525016), (0.8127434, -0.576516, -0.08412809), (0.773016, -0.5568032, 0.3040007), (0.7380347, -0.521515, 0.42816666), (0.69247746, -0.46760046, 0.54938585), (0.66808116, -0.62024915, 0.41104552), (0.61524665, -0.41931993, 0.6675644), (0.51029205, -0.35824925, 0.78183097), (0.38091698, -0.23568748, 0.89406574), (0.34529033, -0.30243245, 0.8884307), (0.21591818, -0.13238859, 0.96739477), (0.26201555, -0.14760509, 0.95370895), (0.30406976, -0.37320134, 0.87650573), (0.20293015, -0.41703567, 0.88594615), (0.2829601, -0.5592557, 0.7792091), (0.3708903, -0.5152461, 0.77263296), (0.43298864, -0.6127531, 0.66110104), (0.42786857, -0.4701896, 0.7719133), (0.49273708, -0.5643854, 0.6623287), (0.5422328, -0.6361978, 0.5488497), (0.61081123, -0.57347554, 0.5459262), (0.5380207, -0.5072043, 0.6732589), (0.47068372, -0.42955983, 0.7706719), (0.31966925, -0.33281258, 0.8871569), (0.18369642, 0.23684503, -0.9540231), (0.29280832, 0.3368153, -0.8948848), (0.26195353, 0.28006253, -0.9235504), (0.41186014, 0.3434789, -0.84403414), (0.3519382, 0.39035508, -0.85074234), (0.29000258, 0.4432322, -0.84820026), (0.23529987, 0.3108261, -0.9208806), (0.1187608, 0.22758779, -0.96648836), (0.15194555, 0.18392268, -0.97112566), (0.29285666, 0.24932885, -0.9230764), (0.43180636, 0.31280366, -0.8459888), (0.30949306, 0.19836496, -0.92998135), (0.14679816, 0.12932469, -0.980676), (0.039451975, 0.078067064, -0.9961672), (0.0788597, 0.12223079, -0.98936385), (0.11182761, 0.22020277, -0.96902287), (0.18708003, 0.35194796, -0.9171334), (0.24137098, 0.48070168, -0.84301007), (0.35785535, 0.557673, -0.74895954), (0.46989772, 0.47528496, -0.74384165), (0.54139537, 0.42006096, -0.72831297), (0.16229497, 0.07504785, -0.9838843), (0.6415219, 0.47922796, -0.5989911), (0.5760662, 0.5457545, -0.6085226), (0.42875087, 0.66740394, -0.60888803), (0.34481305, 0.7218103, -0.6000782), (0.29616737, 0.60787135, -0.73673415), (0.1993927, 0.49835953, -0.8437301), (0.1649738, 0.35664678, -0.91955787), (0.1255051, 0.38821304, -0.91298366), (0.13248049, 0.5170649, -0.8456316), (0.25011742, 0.62373614, -0.74053663), (0.2774645, 0.7411342, -0.6113375), (0.29832008, 0.8313617, -0.468874), (0.38865036, 0.79204893, -0.4707542), (0.48347834, 0.7489045, -0.45320055), (0.63351476, 0.6276204, -0.45249504), (0.70764667, 0.5267434, -0.47093263), (0.6716601, 0.44919536, -0.5891486), (0.55440545, 0.38435084, -0.73817945), (0.455487, 0.26030678, -0.85133547), (0.4923902, 0.13596682, -0.8596889), (0.3316697, 0.09578582, -0.9385202), (0.36090657, 0.043669857, -0.931579), (0.17082821, 0.026648363, -0.98494035), (0.016052641, 0.018826026, -0.9996939), (-0.0393306, 0.001770167, -0.99922466), (0.047558047, 0.11185256, -0.9925861), (0.0073751155, 0.06118546, -0.99809915), (0.09575794, 0.21402478, -0.97212344), (0.07146373, 0.38738865, -0.91914254), (0.14184834, 0.78666615, -0.60086215), (0.59410787, 0.2972498, -0.74744797), (0.041926794, 0.20383793, -0.97810644), (0.008862899, 0.03294557, -0.99941784), (-0.03589898, -0.067528374, -0.99707127), (0.01566368, -0.08997124, -0.9958212), (0.02768848, 0.026264537, -0.99927145), (0.026781077, 0.20471948, -0.97845423), (0.03079996, 0.023357136, -0.9992527), (-0.07724542, -0.049734145, -0.9957708), (-0.107484624, -0.06102276, -0.9923323), (-0.08506802, -0.02987431, -0.99592716), (-0.13265641, -0.035020474, -0.9905432), (-0.08921561, -0.008771164, -0.9959737), (0.008351798, -0.004421068, -0.99995536), (0.024568163, -0.009232149, -0.9996555), (0.16528827, -0.017175684, -0.9860957), (0.36140734, -0.0069586476, -0.932382), (0.5071746, 0.038409602, -0.860987), (0.65643924, 0.04249638, -0.75318086), (0.5361469, -0.0075053726, -0.8440913), (-0.07222314, -0.08915877, -0.9933954), (-0.0833662, 0.013884151, -0.9964223), (0.63875854, 0.16611631, -0.7512608), (0.70955765, 0.35140094, -0.61077434), (0.7383772, 0.47872245, -0.4749989), (0.7864984, 0.5098986, -0.34845927), (0.7421884, 0.5810442, -0.33398196), (0.6471303, 0.6891088, -0.32611564), (0.51911366, 0.7906827, -0.3245641), (0.41713884, 0.8452575, -0.33396855), (0.31137207, 0.8927524, -0.32563868), (0.15875514, 0.9283928, -0.3359816), (0.14588356, 0.86960703, -0.47170076), (0.041750938, 0.93765765, -0.34504336), (0.045864776, 0.87477005, -0.48236275), (0.79078144, 0.38235116, -0.47798783), (0.14897622, 0.9659188, -0.2116766), (0.31722233, 0.9219086, -0.22238372), (0.43339267, 0.8761248, -0.21113051), (0.5300407, 0.82139534, -0.21063353), (0.6620145, 0.71947414, -0.20998484), (0.7707121, 0.6073608, -0.19265483), (0.8146183, 0.5419017, -0.20673533), (0.8727273, 0.4234497, -0.24297632), (0.8294917, 0.55164486, -0.08735816), (0.78493834, 0.61486685, -0.076227136), (0.6776455, 0.7309376, -0.08078843), (0.84072644, 0.395158, -0.37017468), (0.8284258, 0.2098822, -0.519288), (0.7452964, 0.18478215, -0.640616), (0.7629214, 0.05419131, -0.6442159), (0.7556443, -0.027481826, -0.65440536), (0.8361334, 0.06849799, -0.54423237), (0.66171324, -0.031780493, -0.7490831), (0.83858985, -0.03752954, -0.5434691), (0.9183411, -0.040316716, -0.3937312), (0.91241187, 0.06875116, -0.40345752), (0.88467884, 0.2334396, -0.40354595), (0.93661076, 0.23409358, -0.26069248), (0.96460104, 0.2394848, -0.110416494), (0.9620343, 0.065696605, -0.26490387), (0.89996845, 0.4271565, -0.08714376), (0.84610873, 0.52806735, 0.072419256), (0.9078083, 0.41341966, 0.07048558), (0.84891963, 0.4886734, 0.20133002), (0.8975102, 0.385605, 0.21397254), (0.9676864, 0.24780157, 0.046662755), (0.7887134, 0.6112498, 0.06561084), (0.6801899, 0.728766, 0.079004884), (0.66700864, 0.71833545, 0.19772162), (0.52482474, 0.827499, 0.19951066), (0.650605, 0.69232255, 0.31209376), (0.78509337, 0.5863372, 0.1995923), (0.7648099, 0.55264443, 0.33113426), (0.5300257, 0.8453625, 0.06659585), (0.5344892, 0.8404203, -0.08952647), (0.44475392, 0.8920069, -0.08073276), (0.31124035, 0.9463673, -0.08670857), (0.12312482, 0.98910826, -0.080655225), (0.0977242, 0.9931048, 0.06475157), (0.29428595, 0.9532859, 0.06813017), (0.43687722, 0.89666706, 0.07159964), (0.28050706, 0.9370384, 0.208026), (0.4208684, 0.88775027, 0.18646543), (0.085077785, 0.97586083, 0.2011405), (0.08717691, 0.93983054, 0.330331), (0.2511546, 0.9052979, 0.34257427), (0.38873664, 0.86625314, 0.31383002), (0.5062086, 0.7971798, 0.32902452), (0.45805606, 0.767655, 0.44820797), (0.61590207, 0.6586679, 0.43222833), (0.73189205, 0.50594383, 0.45645908), (0.8388998, 0.45033032, 0.30569553), (0.881525, 0.35601798, 0.31010485), (0.35033017, 0.82128745, 0.45028394), (0.7888209, 0.41097265, 0.45701525), (0.73393685, 0.3930068, 0.5539697), (0.6839074, 0.44162783, 0.5807198), (0.56577784, 0.59480566, 0.5710531), (0.41345277, 0.7298648, 0.5443842), (0.3109594, 0.77039194, 0.5565973), (0.8510391, 0.32380933, 0.41337624), (0.35640362, 0.6316363, 0.6884853), (0.5052259, 0.50179064, 0.70210606), (0.6060498, 0.41391113, 0.6792505), (0.66807896, 0.360511, 0.65092427), (0.70201415, 0.25447664, 0.6651449), (0.53287196, 0.2600301, 0.8052526), (0.50093496, 0.34956193, 0.7917517), (0.41564795, 0.41901422, 0.80725694), (0.7825324, 0.310252, 0.53980243), (0.88592845, 0.21286382, 0.412092), (0.83207077, 0.18500239, 0.52290756), (0.7405627, 0.156695, 0.65346265), (0.6108755, 0.111765444, 0.78379834), (0.7521083, 0.04314092, 0.6576261), (0.8537252, 0.08077342, 0.514421), (0.5746554, 0.20103042, 0.79332083), (0.3688268, 0.15958993, 0.91569525), (0.40408766, 0.140691, 0.90383583), (0.43428743, 0.076157235, 0.89754915), (0.461218, 0.015035243, 0.88715947), (0.6323445, 0.019255195, 0.77444804), (0.64468306, -0.040706895, 0.7633653), (0.7540951, -0.031641394, 0.6560025), (0.4810802, -0.041682594, 0.8756852), (0.29336834, -0.025372522, 0.9556628), (0.18429673, 0.0045261774, 0.9828602), (0.1792685, -0.016747143, 0.9836576), (0.2694561, 0.010658711, 0.96295375), (0.2672363, 0.03587739, 0.96296287), (0.24927723, 0.0989677, 0.963362), (0.20360601, 0.08388952, 0.9754523), (0.05470602, 0.08305933, 0.99504185), (0.14401221, -0.015586937, 0.98945314), (-0.0053062863, 0.096167535, 0.9953511), (0.102517165, -0.07242673, 0.992091), (0.15156388, -0.034896, 0.9878313), (0.106308535, 0.10200211, 0.98908746), (0.06622827, 0.11991002, 0.99057335), (-0.12002396, 0.1567391, 0.98031986), (-0.24405843, 0.05695012, 0.9680869), (-0.13424319, 0.003301707, 0.9909429), (-0.055368505, 0.031641062, 0.99796444), (-0.041498955, 0.046824988, 0.9980407), (0.04756718, 0.054699916, 0.9973691), (-0.105009615, 0.20276493, 0.97358066), (-0.09072812, 0.17952763, 0.97956026), (-0.09174383, 0.18405055, 0.9786258), (-0.103486665, 0.19564763, 0.9751986), (-0.016628202, 0.22843999, 0.973416), (0.11028282, 0.22195236, 0.9688007), (0.106264435, 0.1996054, 0.97409725), (0.15497589, 0.3543037, 0.92219925), (0.06678128, 0.3946987, 0.91638047), (-0.047986396, 0.41293228, 0.90949667), (-0.08540669, 0.43470147, 0.89651567), (-0.13695186, 0.4262942, 0.89415747), (-0.2021082, 0.39747164, 0.89508015), (-0.19997472, 0.41505408, 0.8875473), (-0.07080436, 0.24681251, 0.96647316), (0.018580982, 0.054426532, 0.9983449), (0.05513455, 0.14688241, 0.9876161), (0.043532003, 0.32814953, 0.9436222), (-0.079842374, 0.13065141, 0.9882082), (-0.13848382, 0.21885023, 0.96588135), (-0.106752895, 0.20112069, 0.9737322), (-0.13605337, 0.20219012, 0.96984977), (-0.30296555, 0.37003413, 0.8782293), (-0.34269506, 0.3127843, 0.8858476), (-0.40436396, 0.22573796, 0.8863025), (-0.4974518, 0.39822513, 0.770687), (-0.5713544, 0.26053774, 0.77825063), (-0.45536676, 0.083212115, 0.8864068), (-0.2629654, 0.054570735, 0.96326065), (-0.13909842, -0.04704962, 0.98916024), (-0.28127912, -0.004178705, 0.9596169), (-0.44395256, 0.010173721, 0.89599264), (-0.6153437, 0.030523095, 0.7876677), (-0.75450575, 0.036016677, 0.6553044), (-0.8284629, 0.05138591, 0.5576816), (-0.89442104, 0.0742375, 0.44102132), (-0.9477666, 0.10048778, 0.30272225), (-0.97217625, 0.1324315, 0.1932235), (-0.9903494, 0.13210702, 0.041902363), (-0.9881353, 0.112210296, -0.104869254), (-0.95754, 0.09494753, -0.27221718), (-0.9083995, 0.08590063, -0.40918392), (-0.8371895, 0.08170881, -0.5407749), (-0.7371541, 0.054835208, -0.673496), (-0.6328216, 0.037687376, -0.77337986), (-0.48799276, 0.0099093625, -0.8727914), (-0.32226163, -0.025207976, -0.946315), (-0.12101006, -0.04585805, -0.9915914), (0.03064914, -0.057288527, -0.99788713), (0.15200333, -0.022870723, -0.9881154), (0.21613686, -0.030611994, -0.9758831), (0.17523251, -0.049219336, -0.98329604), (0.046683345, -0.048797045, -0.99771714), (-0.10770428, -0.016595528, -0.9940445), (-0.18252672, -0.0012379774, -0.9832001), (-0.1483602, 0.013691224, -0.9888386), (-0.14214216, -0.09547391, -0.98523116), (-0.08785651, -0.15598577, -0.98384434), (0.123064816, 0.59054863, 0.7975635), (-0.006701332, 0.61310387, 0.7899739), (-0.027304677, -0.13741986, -0.9901365), (0.046564095, -0.0918607, -0.9946826), (0.03841526, 0.021983668, -0.99902004), (0.0033415554, 0.19876963, -0.98004055), (-0.03592386, 0.19468482, -0.9802078), (-0.0524435, 0.3758742, -0.9251856), (0.011997538, 0.37700653, -0.9261329), (-0.00063438795, 0.5340104, -0.8454777), (0.08946951, 0.5482752, -0.8314983), (0.054607425, 0.67779744, -0.733218), (0.13399209, 0.645538, -0.7518822), (0.035866633, 0.7883319, -0.6142039), (-0.06812064, 0.86345005, -0.4998134), (-0.04525316, 0.78539246, -0.6173418), (-0.011799962, 0.69051844, -0.7232185), (-0.14475742, 0.6595117, -0.7376243), (-0.091031805, 0.50014436, -0.8611439), (-0.15924354, 0.48683515, -0.85885566), (-0.10635853, 0.3514607, -0.93014157), (-0.06681344, 0.15972796, -0.9848974), (-0.19069164, 0.7631208, -0.61748147), (-0.15420087, 0.2962259, -0.9425881), (-0.107091345, 0.14362416, -0.9838209), (0.02858272, 0.036756366, -0.99891543), (0.12555654, -0.058694746, -0.99034864), (0.10420908, -0.08199754, -0.99116945), (0.04837295, -0.1518238, -0.9872231), (0.06557263, -0.16566357, -0.9839999), (0.15379022, -0.13860562, -0.97833383), (0.17863412, -0.10854967, -0.9779094), (0.13279513, -0.06032153, -0.98930615), (0.039476972, -0.027893383, -0.99883103), (-0.115098216, 0.014946562, -0.99324167), (-0.3010956, 0.05015726, -0.952274), (-0.101205066, 0.084219, -0.99129444), (0.010262276, -0.019558761, -0.999756), (0.11692503, -0.09501713, -0.988585), (0.16681476, -0.10785338, -0.9800717), (0.118976295, -0.1206472, -0.9855399), (0.10174658, -0.0330421, -0.99426144), (0.02215842, 0.04995783, -0.99850553), (-0.21366613, 0.25149527, -0.94397926), (-0.24615094, 0.19329421, -0.94976157), (-0.4705804, 0.109521806, -0.87553364), (-0.33913153, 0.3378215, -0.87799), (-0.24497041, 0.42419204, -0.87180877), (-0.3453859, 0.5505115, -0.76003003), (-0.4173371, 0.27157858, -0.8672224), (-0.46569788, 0.4450565, -0.7648857), (-0.60778934, 0.15738627, -0.77834547), (-0.5355192, 0.32453048, -0.7796789), (-0.7213086, 0.19475624, -0.6646683), (-0.6431295, 0.39274272, -0.6573717), (-0.56041265, 0.53251606, -0.6343218), (-0.43010518, 0.6358967, -0.6408158), (-0.24421766, 0.62119, -0.7446346), (-0.29568896, 0.71849793, -0.6295466), (-0.35557833, 0.7858455, -0.50597507), (-0.4971426, 0.697976, -0.51544017), (-0.23276463, 0.82942677, -0.50781095), (-0.27942622, 0.8832971, -0.37644008), (-0.091574594, 0.92653996, -0.3648807), (-0.3171244, 0.9171671, -0.24132264), (-0.11469236, 0.9693633, -0.21721052), (0.032337915, 0.9780271, -0.20595439), (0.0051735733, 0.9977753, -0.06646486), (-0.40925956, 0.82987535, -0.3792275), (-0.14088674, 0.98785686, -0.06549549), (-0.32863146, 0.9396041, -0.09563229), (-0.15326941, 0.9867818, 0.052632708), (-0.01925724, 0.9974482, 0.06874765), (-0.021412715, 0.98295105, 0.18261623), (-0.014974085, 0.9539955, 0.29944643), (-0.16259347, 0.94522274, 0.2830502), (-0.1549904, 0.97397757, 0.16536541), (-0.33596516, 0.9292686, 0.15358205), (-0.326888, 0.94449085, 0.03288264), (-0.47854266, 0.8655293, 0.14783813), (-0.4796278, 0.8771232, 0.02474163), (-0.3402705, 0.89699495, 0.2821633), (-0.16335219, 0.8929366, 0.4195002), (-0.005680747, 0.90074754, 0.43430594), (0.09179516, 0.8888087, 0.44899082), (0.22097057, 0.86491317, 0.45066318), (0.07444461, 0.83934796, 0.5384729), (-0.013645426, 0.8340954, 0.5514514), (0.19714601, 0.81007224, 0.55219245), (0.16932741, 0.72251517, 0.6702984), (0.04143183, 0.7430292, 0.66797525), (0.2550352, 0.6909202, 0.67645127), (0.21414642, 0.53847784, 0.81497425), (0.28468043, 0.4939268, 0.8215798), (0.17689295, 0.34521374, 0.9217029), (0.28762776, 0.29257518, 0.9119594), (0.14095542, 0.13892265, 0.98022044), (0.21787086, 0.052194387, 0.97458094), (0.3669737, 0.20724638, 0.90685123), (-0.0627946, 0.619548, 0.782443), (-0.038207576, 0.73407006, 0.67799807), (-0.13919961, 0.597523, 0.789677), (-0.1481591, 0.7207352, 0.67719245), (-0.16377223, 0.8211379, 0.54672784), (-0.32687446, 0.7770936, 0.53784627), (-0.34959874, 0.8447419, 0.40520597), (-0.30342895, 0.6881342, 0.659092), (-0.4658826, 0.7189895, 0.51575917), (-0.47543547, 0.7781519, 0.4104153), (-0.47157708, 0.83367306, 0.28740966), (-0.6139774, 0.7394747, 0.27605963), (-0.6188397, 0.7721076, 0.14452365), (-0.6197631, 0.78475875, 0.0068926853), (-0.48190814, 0.86574477, -0.13509516), (-0.45918888, 0.8519561, -0.25162706), (-0.5556344, 0.7472522, -0.36453307), (-0.6255982, 0.5839321, -0.51734936), (-0.7270731, 0.43729636, -0.52927935), (-0.81160843, 0.23112632, -0.53653735), (-0.87965435, 0.24888812, -0.40529364), (-0.9268923, 0.27022007, -0.26048404), (-0.9566481, 0.2747667, -0.096579686), (-0.58255863, 0.69328755, 0.42423785), (-0.8332622, 0.48826468, -0.2593679), (-0.7908532, 0.46937466, -0.3927325), (-0.67708236, 0.6305364, -0.37945142), (-0.7008728, 0.6647915, -0.2585141), (-0.5899973, 0.77377737, -0.23059025), (-0.60461044, 0.78491914, -0.13545552), (-0.72476083, 0.6760885, -0.13276292), (-0.8642767, 0.49264896, -0.10160129), (-0.9569708, 0.28260738, 0.06587722), (-0.8715231, 0.48866457, 0.040674143), (-0.7461056, 0.66580266, 0.005762101), (-0.7467438, 0.6511254, 0.13568081), (-0.8661801, 0.4746234, 0.1564117), (-0.949489, 0.26225987, 0.1723091), (-0.927867, 0.22857302, 0.29464778), (-0.85167193, 0.43705663, 0.28919983), (-0.7361604, 0.62271917, 0.26512), (-0.7011374, 0.5743272, 0.4225572), (-0.564542, 0.6284673, 0.5350899), (-0.40921187, 0.6319488, 0.65816903), (-0.2482946, 0.55488884, 0.79400766), (-0.32879224, 0.5274077, 0.7834136), (-0.43078622, 0.47499016, 0.76733786), (-0.52044874, 0.55082935, 0.6524723), (-0.5937651, 0.46070707, 0.65969086), (-0.65183026, 0.51329434, 0.55825275), (-0.67506695, 0.311014, 0.66899544), (-0.6119613, 0.13644226, 0.7790294), (-0.7241518, 0.15353198, 0.6723333), (-0.81274325, 0.16951142, 0.55741763), (-0.8744315, 0.19969721, 0.44214314), (-0.8119562, 0.38567945, 0.4381533), (-0.75324386, 0.34941506, 0.5572547), (0.05863706, 0.041736264, -0.9974065), (0.053919517, 0.021331424, -0.9983175), (-0.0131825665, 0.018003328, -0.999751), (-0.1090971, -0.039612032, -0.9932414), (-0.29802635, -0.10392582, -0.9488834), (-0.089158855, -0.07321303, -0.993323), (-0.056213215, -0.11671597, -0.9915733), (0.025958449, 0.05743613, -0.99801165), (0.11675712, 0.1266711, -0.98504937), (0.097462736, 0.13631266, -0.98585993), (0.02541407, 0.15246627, -0.9879819), (-0.04584372, 0.14075044, -0.9889831), (-0.05979906, 0.11580895, -0.9914698), (-0.061812144, 0.08175729, -0.99473375), (-0.017299913, 0.027298238, -0.9994776), (0.09375547, -0.03305467, -0.9950464), (0.19928648, -0.093406364, -0.9754794), (0.33414832, -0.20870724, -0.91912246), (0.447223, -0.2956244, -0.8441551), (0.4426266, -0.32641935, -0.83518386), (0.5627532, -0.35851115, -0.74483466), (0.5251544, -0.419739, -0.74029183), (0.670667, -0.41488874, -0.61487645), (0.74619406, -0.46452296, -0.47687808), (0.7906717, -0.5074913, -0.3424775), (0.8062927, -0.5452408, -0.22935623), (0.75934076, -0.61238116, -0.21997951), (0.6684467, -0.6578255, -0.34705102), (0.526945, -0.7733006, -0.35261172), (0.36562374, -0.84602344, -0.38802522), (0.39537048, -0.88458747, -0.24736053), (0.23213024, -0.8847019, -0.40425006), (0.26161125, -0.9317369, -0.2518449), (0.27545103, -0.95700943, -0.09088237), (0.17979553, -0.9786501, -0.09958698), (0.17073114, -0.9845222, 0.039585285), (0.7428506, -0.5705607, -0.35019046), (0.17010885, -0.9501765, -0.26120445), (-0.0077827093, -0.9968565, -0.07884649), (-0.013763369, -0.9980383, 0.061075233), (-0.015461018, -0.984811, 0.17293988), (-0.14408636, -0.97267497, 0.18205082), (-0.13682055, -0.9464545, 0.2924104), (-0.27037537, -0.94674945, 0.17482187), (-0.27298468, -0.9107476, 0.3098682), (-0.25620183, -0.88256735, 0.39425296), (-0.4303686, -0.8157328, 0.38647503), (-0.42077497, -0.72560173, 0.54447275), (-0.53175503, -0.7534187, 0.38677743), (-0.5121828, -0.6844417, 0.518853), (-0.1564825, -0.98510575, 0.071272805), (-0.43421733, -0.85456175, 0.28492016), (-0.4698782, -0.6050224, 0.64277714), (-0.5443932, -0.5445245, 0.6380667), (-0.47025928, -0.4601318, 0.75308365), (-0.60896975, -0.45319358, 0.6509773), (-0.53068, -0.4005781, 0.74693763), (-0.39791697, -0.32657495, 0.85732776), (-0.4280182, -0.27241468, 0.8617371), (-0.20837125, -0.20120294, 0.9571305), (-0.45165685, -0.22914657, 0.8622632), (-0.23615108, -0.21012197, 0.9487262), (-0.58692247, -0.6210491, 0.519442), (-0.56377774, -0.33210894, 0.75621307), (-0.03227665, -0.20420618, 0.9783957), (-0.5977421, -0.25729388, 0.7592788), (-0.67181754, -0.36651668, 0.64368224), (-0.67987937, -0.5051211, 0.5316171), (-0.61472625, -0.6867364, 0.38794953), (-0.533737, -0.79871196, 0.27782002), (-0.43606117, -0.87586975, 0.20664679), (-0.26052517, -0.96337086, 0.063585974), (-0.15553771, -0.9846412, -0.07930759), (0.008115102, -0.967995, -0.25083825), (0.1521322, -0.89681816, -0.41541922), (0.20270403, -0.8135349, -0.5450431), (0.33590376, -0.7804871, -0.5272652), (0.5082354, -0.69417614, -0.5097217), (-0.70973015, -0.28769293, 0.64305204), (0.30179265, -0.6853543, -0.66272974), (0.6931621, -0.52712756, -0.49159223), (0.6340286, -0.580705, -0.51067543), (0.57476103, -0.5000152, -0.647792), (0.4807383, -0.5911231, -0.6476604), (0.61303824, -0.47643065, -0.6302364), (0.51290196, -0.4339253, -0.7407027), (0.43676668, -0.481364, -0.7599497), (0.2682102, -0.57147557, -0.7755507), (0.3658274, -0.40597188, -0.8374706), (0.22868401, -0.44748178, -0.8645598), (0.44453403, -0.36672592, -0.81725246), (0.33399317, -0.24645771, -0.9097841), (0.18994029, -0.1619203, -0.9683514), (0.09120156, -0.1081628, -0.989941), (0.026559947, -0.03315614, -0.99909717), (-0.024546288, 0.013094219, -0.99961287), (-0.03625573, 0.035004754, -0.9987292), (-0.011230065, 0.058345545, -0.9982333), (0.0051227985, 0.05417824, -0.9985182), (0.050970297, 0.028665915, -0.9982887), (0.054253742, 0.026279882, -0.9981813), (-0.05875855, -0.1261347, -0.9902714), (-0.044282753, -0.12229067, -0.9915059), (-0.06012843, -0.108645976, -0.9922604), (-0.04660309, -0.10163367, -0.9937297), (0.0031866014, -0.098437324, -0.9951381), (0.006697829, -0.11940556, -0.99282295), (0.056807533, -0.15768602, -0.98585397), (0.117657706, -0.17708418, -0.9771376), (0.18513905, -0.21542211, -0.9588101), (0.31336403, -0.25855568, -0.9137571), (0.2933404, -0.32558426, -0.89885837), (0.20559892, -0.32097614, -0.9245017), (0.124854594, -0.3348853, -0.9339503), (0.095363945, -0.32829082, -0.93975043), (0.14907312, -0.4728422, -0.8684454), (0.16933887, -0.60292375, -0.77962), (0.17914137, -0.7182645, -0.6723128), (0.12478893, -0.7381538, -0.66299057), (0.12772916, -0.8294665, -0.543756), (0.04070046, -0.83079195, -0.5550931), (0.028809536, -0.9076146, -0.41881463), (-0.14185913, -0.9065178, -0.39761975), (-0.15381067, -0.9563835, -0.2483402), (-0.25928625, -0.93027484, -0.259537), (-0.26137134, -0.9615323, -0.08450323), (-0.41636887, -0.90277267, -0.10788221), (-0.41516897, -0.90614325, 0.08086442), (-0.5394131, -0.83984166, 0.060823042), (-0.53576034, -0.8232826, 0.18752699), (-0.6228911, -0.7644403, 0.16624603), (-0.6225299, -0.73299193, 0.27418837), (-0.75336796, -0.58923775, 0.2919515), (-0.7298359, -0.54921705, 0.4070628), (-0.8046329, -0.3986284, 0.44006962), (-0.75765663, -0.38037235, 0.5303522), (-0.7875853, -0.3206136, 0.52622837), (-0.84221065, -0.3274699, 0.42830443), (-0.8831747, -0.32886153, 0.33444366), (-0.8431752, -0.43630293, 0.3141581), (-0.7698189, -0.6137757, 0.1750951), (-0.6186466, -0.7843162, 0.04609258), (-0.5190821, -0.8478343, -0.10830861), (-0.40237632, -0.882069, -0.24504606), (-0.2195691, -0.88659686, -0.40710604), (-0.11479123, -0.83191377, -0.54290175), (0.041621573, -0.7465714, -0.6640021), (0.11935578, -0.6203137, -0.7752194), (0.1111983, -0.47456166, -0.8731702), (0.061640322, -0.30460522, -0.950482), (-0.024506757, -0.27771088, -0.96035194), (-0.095825456, -0.27705413, -0.95606405), (-0.10237394, -0.26984712, -0.9574457), (-0.11808835, -0.26247135, -0.9576868), (-0.13474122, -0.2569191, -0.9569939), (-0.16172007, -0.23000859, -0.9596576), (-0.23728853, -0.15324353, -0.95927596), (-0.439913, -0.1728033, -0.88125783), (-0.574277, -0.24255414, -0.78190374), (-0.6874621, -0.29174343, -0.6650427), (-0.7822347, -0.3293137, -0.5288301), (-0.848451, -0.3380849, -0.40722162), (-0.89639235, -0.34359255, -0.28004456), (-0.928559, -0.3543736, -0.11044237), (-0.9296887, -0.36707342, 0.030596081), (-0.91885155, -0.35363176, 0.17508945), (-0.21400626, -0.41422367, -0.88465816), (-0.25477517, -0.39926237, -0.8807266), (-0.873574, -0.4607442, 0.15679084), (-0.8891138, -0.45448816, 0.054010794), (-0.88794553, -0.44965065, -0.096783444), (-0.7724688, -0.63297284, 0.0513554), (-0.85515696, -0.44325414, -0.268761), (-0.80211574, -0.41767958, -0.42679524), (-0.72579485, -0.40753654, -0.5541985), (-0.63737106, -0.3890374, -0.6651377), (-0.53771573, -0.32990748, -0.77590126), (-0.40327668, -0.24162981, -0.88260007), (-0.3073525, -0.35634318, -0.882357), (-0.3609455, -0.51752394, -0.77581406), (-0.43955082, -0.46257755, -0.76994616), (-0.53920174, -0.51729774, -0.6645784), (-0.6179802, -0.5608575, -0.5509441), (-0.68249863, -0.60964274, -0.40315166), (-0.7282925, -0.6304356, -0.26859066), (-0.75976557, -0.6375907, -0.12741433), (-0.6065419, -0.78914726, -0.09671432), (-0.5824221, -0.7726256, -0.2526541), (-0.48611164, -0.8345785, -0.25917956), (-0.54278105, -0.7414636, -0.39448747), (-0.4940231, -0.68307513, -0.5379122), (-0.44084492, -0.6007316, -0.6669163), (-0.4351097, -0.7326959, -0.52329355), (-0.3857523, -0.65335906, -0.65139633), (-0.3043509, -0.5442831, -0.7817458), (-0.19752954, -0.5820943, -0.78876376), (-0.15142171, -0.4380421, -0.88610977), (-0.12807028, -0.4607443, -0.87824404), (-0.03564443, -0.48674226, -0.87281805), (0.079715304, -0.48492232, -0.8709167), (0.045903362, -0.63226825, -0.7733886), (-0.062761225, -0.6442305, -0.762252), (-0.083542936, -0.7400765, -0.66731346), (-0.12958866, -0.6261665, -0.7688448), (-0.25367182, -0.708777, -0.6582444), (-0.15532689, -0.74257356, -0.65150446), (-0.18907955, -0.8156399, -0.5467912), (-0.3088833, -0.78204197, -0.5412961), (-0.36936197, -0.8502975, -0.37492123), (-0.4775684, -0.7922934, -0.3797363), (0.2259535, -0.15547033, 0.9616516), (0.2698437, 0.023808789, 0.96260977), (0.111768685, 0.07891315, 0.990596), (-0.5471935, 0.15590532, 0.82235813), (-0.895552, 0.2889061, 0.33840802), (-0.57798606, -0.4767595, 0.6622934), (-0.46716478, -0.18340823, 0.86493844), (0.09224319, -0.34235984, 0.93503), (0.8469564, -0.03922327, 0.5302136), (0.8469563, -0.039223265, 0.5302136), (0.8469563, -0.03922327, 0.5302136), (-0.16308026, 0.9785801, -0.12564136), (0.09985499, 0.98326993, 0.15234633), (0.1783452, 0.9482981, 0.2625331), (-0.7598322, 0.6099115, 0.22508438), (-0.31905705, 0.4951428, 0.80810654), (-0.04160367, 0.37609074, 0.9256484), (-0.15363277, 0.14295919, 0.9777319), (-0.20543551, -0.2163924, 0.95444775), (0.07060691, 0.24237444, 0.9676102), (0.17431724, 0.36376554, 0.91503453), (0.32794705, 0.20247288, 0.9227435), (-0.08433209, 0.99643296, 0.0030740323), (0.8528798, -0.016025081, 0.5218614), (0.91502, -0.007623513, 0.40333655), (0.95256, -0.018589476, 0.30378255), (0.90747446, 0.099802196, 0.40808043), (0.94733757, 0.10555742, 0.30233973), (0.9205414, 0.24944554, 0.3006337), (0.95089376, 0.2475855, 0.18574877), (0.9953455, 0.088636264, 0.037827075), (0.9792028, 0.110521086, 0.17013769), (0.985875, -0.026343852, 0.16539794), (0.9988899, -0.0420244, 0.021279788), (0.9915666, -0.05928613, -0.11524294), (0.9893875, 0.07675131, -0.12337625), (0.96495134, -0.05530165, -0.2565359)] (
                    interpolation = "faceVarying"
                )
                int[] primvars:normals:indices = [0, 1, 2, 1, 3, 2, 2, 3, 4, 4, 3, 5, 5, 3, 6, 6, 3, 7, 3, 1, 7, 4, 8, 2, 8, 0, 2, 0, 8, 9, 9, 8, 10, 10, 8, 11, 8, 4, 11, 11, 4, 12, 4, 13, 12, 13, 14, 12, 12, 14, 11, 13, 4, 15, 4, 5, 15, 15, 5, 16, 16, 5, 17, 5, 6, 17, 17, 6, 18, 18, 6, 19, 6, 7, 19, 19, 7, 20, 7, 1, 20, 20, 1, 21, 1, 0, 21, 0, 22, 21, 21, 22, 20, 22, 23, 20, 20, 23, 19, 23, 24, 19, 19, 24, 25, 25, 24, 26, 26, 24, 27, 24, 23, 27, 27, 23, 22, 13, 15, 16, 25, 28, 19, 19, 28, 18, 18, 28, 29, 28, 30, 29, 29, 30, 31, 31, 30, 32, 32, 30, 33, 33, 30, 25, 30, 28, 25, 31, 34, 29, 29, 34, 18, 18, 34, 17, 17, 34, 16, 16, 34, 35, 35, 34, 36, 34, 37, 36, 36, 37, 38, 38, 37, 39, 39, 37, 31, 37, 34, 31, 35, 36, 40, 40, 36, 41, 36, 38, 41, 35, 40, 16, 40, 42, 16, 16, 42, 13, 42, 43, 13, 13, 43, 44, 43, 45, 44, 45, 46, 44, 46, 47, 44, 47, 14, 44, 44, 14, 13, 45, 43, 48, 43, 42, 48, 42, 40, 48, 48, 40, 49, 40, 41, 49, 49, 41, 50, 41, 38, 50, 50, 38, 51, 51, 38, 52, 52, 38, 53, 38, 39, 53, 53, 39, 54, 39, 31, 54, 54, 31, 55, 31, 32, 55, 49, 50, 56, 50, 51, 56, 55, 57, 54, 54, 57, 53, 57, 58, 53, 53, 58, 59, 58, 60, 59, 60, 61, 59, 59, 61, 53, 61, 52, 53, 55, 62, 57, 57, 62, 58, 62, 63, 58, 58, 63, 64, 64, 63, 65, 63, 66, 65, 65, 66, 67, 67, 66, 68, 66, 63, 68, 63, 62, 68, 68, 62, 55, 64, 69, 58, 58, 69, 60, 65, 67, 70, 70, 67, 71, 67, 72, 71, 72, 73, 71, 71, 73, 74, 73, 75, 74, 74, 75, 76, 75, 77, 76, 76, 77, 78, 78, 77, 79, 77, 80, 79, 80, 81, 79, 79, 81, 82, 81, 83, 82, 82, 83, 84, 84, 83, 85, 83, 86, 85, 86, 87, 85, 85, 87, 88, 87, 89, 88, 88, 89, 90, 90, 89, 91, 89, 92, 91, 92, 93, 91, 91, 93, 94, 93, 95, 94, 94, 95, 96, 96, 95, 97, 95, 98, 97, 98, 99, 97, 97, 99, 100, 99, 101, 100, 100, 101, 102, 101, 103, 102, 102, 103, 104, 104, 103, 105, 103, 106, 105, 106, 107, 105, 105, 107, 108, 107, 109, 108, 108, 109, 110, 110, 109, 111, 109, 112, 111, 112, 113, 111, 111, 113, 114, 113, 115, 114, 114, 115, 116, 116, 115, 117, 115, 118, 117, 118, 119, 117, 117, 119, 120, 119, 121, 120, 120, 121, 122, 121, 123, 122, 122, 123, 124, 124, 123, 125, 123, 126, 125, 126, 127, 125, 125, 127, 128, 127, 129, 128, 128, 129, 130, 130, 129, 131, 129, 132, 131, 132, 133, 131, 131, 133, 134, 133, 135, 134, 134, 135, 136, 135, 137, 136, 136, 137, 138, 138, 137, 139, 137, 140, 139, 140, 141, 139, 139, 141, 142, 141, 143, 142, 142, 143, 144, 144, 143, 145, 143, 146, 145, 146, 147, 145, 145, 147, 148, 147, 149, 148, 148, 149, 150, 150, 149, 151, 149, 152, 151, 152, 153, 151, 151, 153, 154, 153, 155, 154, 154, 155, 156, 156, 155, 157, 155, 158, 157, 158, 159, 157, 157, 159, 160, 159, 161, 160, 160, 161, 162, 161, 163, 162, 162, 163, 164, 163, 165, 164, 164, 165, 166, 165, 167, 166, 167, 168, 166, 166, 168, 169, 169, 168, 170, 168, 171, 170, 171, 172, 170, 170, 172, 173, 172, 174, 173, 173, 174, 175, 175, 174, 176, 176, 174, 177, 174, 178, 177, 177, 178, 179, 179, 178, 180, 178, 172, 180, 180, 172, 171, 174, 172, 178, 179, 181, 177, 177, 181, 176, 176, 181, 182, 182, 181, 183, 181, 184, 183, 184, 185, 183, 183, 185, 186, 186, 185, 187, 185, 188, 187, 187, 188, 189, 188, 190, 189, 190, 191, 189, 189, 191, 192, 191, 193, 192, 192, 193, 194, 194, 193, 195, 193, 61, 195, 195, 61, 60, 179, 184, 181, 61, 193, 52, 52, 193, 51, 193, 196, 51, 51, 196, 56, 191, 197, 193, 197, 198, 193, 193, 198, 196, 191, 190, 197, 197, 190, 199, 190, 200, 199, 199, 200, 201, 201, 200, 202, 202, 200, 185, 185, 200, 188, 200, 190, 188, 201, 203, 199, 199, 203, 197, 197, 203, 198, 203, 204, 198, 205, 206, 207, 198, 208, 196, 196, 208, 56, 209, 210, 211, 56, 212, 49, 212, 213, 49, 213, 214, 49, 49, 214, 48, 214, 215, 48, 48, 215, 45, 215, 216, 45, 45, 216, 46, 216, 217, 46, 46, 217, 47, 218, 219, 220, 215, 214, 216, 214, 221, 216, 216, 221, 217, 217, 221, 222, 221, 223, 222, 222, 223, 224, 223, 225, 224, 225, 226, 224, 224, 226, 222, 226, 227, 222, 222, 227, 217, 227, 228, 217, 217, 228, 229, 229, 228, 230, 230, 228, 231, 228, 227, 231, 231, 227, 226, 223, 221, 214, 217, 229, 47, 47, 229, 14, 229, 232, 14, 14, 232, 11, 232, 233, 11, 11, 233, 10, 232, 229, 233, 233, 229, 234, 229, 230, 234, 234, 230, 235, 230, 231, 235, 235, 236, 234, 234, 236, 233, 236, 237, 233, 233, 237, 238, 238, 237, 239, 239, 237, 240, 237, 236, 240, 240, 236, 235, 233, 238, 10, 10, 238, 9, 238, 241, 9, 241, 242, 9, 242, 0, 9, 0, 242, 22, 242, 243, 22, 22, 243, 244, 243, 245, 244, 245, 246, 244, 246, 27, 244, 244, 27, 22, 245, 243, 247, 243, 242, 247, 242, 241, 247, 241, 238, 247, 247, 238, 248, 238, 239, 248, 248, 239, 249, 239, 240, 249, 249, 250, 248, 248, 250, 247, 250, 251, 247, 247, 251, 245, 251, 252, 245, 245, 252, 253, 252, 254, 253, 254, 255, 253, 255, 256, 253, 253, 256, 245, 245, 256, 246, 256, 257, 246, 246, 257, 27, 257, 258, 27, 27, 258, 26, 251, 250, 259, 259, 250, 249, 251, 259, 252, 252, 259, 254, 258, 257, 260, 257, 256, 260, 260, 256, 261, 256, 262, 261, 261, 262, 263, 263, 262, 264, 262, 255, 264, 264, 255, 254, 256, 255, 262, 258, 260, 265, 260, 261, 265, 261, 263, 266, 263, 267, 266, 267, 268, 266, 268, 269, 266, 266, 269, 261, 269, 270, 261, 261, 270, 265, 270, 271, 265, 265, 271, 258, 264, 267, 263, 271, 270, 272, 270, 269, 272, 272, 269, 273, 269, 274, 273, 274, 275, 273, 275, 276, 273, 273, 276, 272, 276, 271, 272, 274, 269, 277, 269, 268, 277, 277, 268, 278, 268, 267, 278, 278, 279, 277, 277, 279, 274, 279, 280, 274, 274, 280, 281, 281, 280, 282, 282, 280, 283, 280, 279, 283, 283, 279, 278, 281, 284, 274, 274, 284, 275, 284, 285, 275, 275, 285, 276, 285, 284, 286, 284, 281, 286, 286, 281, 287, 281, 288, 287, 288, 289, 287, 289, 290, 287, 287, 290, 286, 290, 285, 286, 288, 281, 291, 281, 282, 291, 291, 282, 292, 282, 283, 292, 292, 293, 291, 291, 293, 288, 293, 294, 288, 288, 294, 295, 295, 294, 296, 296, 294, 297, 294, 293, 297, 297, 293, 292, 295, 298, 288, 288, 298, 289, 298, 299, 289, 289, 299, 290, 299, 298, 300, 298, 295, 300, 295, 301, 300, 301, 83, 300, 300, 83, 299, 83, 81, 299, 81, 80, 299, 299, 80, 302, 80, 77, 302, 302, 77, 303, 77, 304, 303, 304, 305, 303, 303, 305, 290, 305, 285, 290, 299, 302, 290, 302, 303, 290, 77, 75, 304, 75, 73, 304, 304, 73, 306, 73, 72, 306, 306, 72, 307, 72, 67, 307, 307, 67, 308, 67, 68, 308, 308, 68, 309, 309, 68, 310, 68, 55, 310, 310, 55, 311, 55, 32, 311, 32, 33, 311, 311, 33, 312, 33, 25, 312, 312, 25, 313, 25, 26, 313, 26, 258, 313, 313, 258, 314, 258, 271, 314, 314, 271, 315, 271, 316, 315, 315, 316, 317, 317, 316, 318, 316, 276, 318, 318, 276, 319, 276, 285, 319, 319, 285, 320, 285, 305, 320, 305, 304, 320, 304, 321, 320, 320, 321, 319, 319, 321, 318, 321, 317, 318, 313, 314, 312, 314, 315, 312, 312, 315, 317, 276, 316, 271, 304, 306, 321, 306, 307, 321, 321, 307, 322, 307, 308, 322, 308, 309, 322, 322, 309, 317, 309, 323, 317, 317, 323, 312, 312, 323, 311, 311, 323, 310, 323, 309, 310, 317, 321, 322, 324, 325, 326, 326, 325, 327, 327, 325, 328, 328, 325, 329, 329, 325, 330, 325, 324, 330, 330, 324, 331, 331, 324, 332, 324, 326, 332, 332, 326, 333, 326, 334, 333, 334, 335, 333, 333, 335, 332, 335, 336, 332, 336, 337, 332, 337, 338, 332, 332, 338, 331, 338, 339, 331, 339, 340, 331, 331, 340, 330, 340, 341, 330, 330, 341, 329, 341, 342, 329, 329, 342, 328, 342, 343, 328, 328, 343, 327, 343, 344, 327, 344, 334, 327, 327, 334, 326, 335, 345, 336, 344, 343, 346, 346, 343, 347, 343, 342, 347, 347, 342, 348, 348, 342, 349, 349, 342, 350, 342, 341, 350, 350, 341, 351, 341, 340, 351, 351, 340, 352, 340, 339, 352, 339, 353, 352, 353, 354, 352, 352, 354, 351, 354, 355, 351, 351, 355, 350, 355, 356, 350, 350, 356, 349, 356, 357, 349, 357, 358, 349, 349, 358, 348, 358, 359, 348, 359, 360, 348, 348, 360, 347, 360, 361, 347, 347, 361, 346, 361, 362, 346, 346, 362, 344, 362, 363, 344, 344, 363, 334, 363, 364, 334, 334, 364, 335, 364, 365, 335, 335, 365, 366, 365, 367, 366, 367, 368, 366, 366, 368, 345, 368, 369, 345, 345, 369, 336, 336, 369, 337, 369, 370, 337, 337, 370, 338, 370, 371, 338, 338, 371, 339, 371, 372, 339, 372, 373, 339, 339, 373, 353, 373, 374, 353, 353, 374, 354, 335, 366, 345, 370, 372, 371, 355, 375, 356, 356, 375, 357, 363, 376, 364, 364, 376, 365, 374, 373, 377, 373, 372, 377, 377, 372, 378, 372, 379, 378, 379, 380, 378, 380, 381, 378, 378, 381, 382, 381, 383, 382, 378, 382, 377, 382, 374, 377, 379, 372, 384, 372, 370, 384, 384, 370, 385, 370, 386, 385, 385, 386, 387, 387, 386, 388, 386, 369, 388, 388, 369, 389, 369, 368, 389, 389, 368, 390, 390, 368, 391, 391, 368, 392, 368, 367, 392, 392, 367, 393, 367, 365, 393, 365, 394, 393, 394, 395, 393, 393, 395, 392, 369, 386, 370, 379, 384, 396, 384, 385, 396, 388, 389, 397, 389, 390, 397, 394, 365, 398, 365, 376, 398, 398, 376, 399, 376, 363, 399, 363, 362, 399, 399, 362, 400, 362, 361, 400, 400, 361, 401, 401, 361, 402, 402, 361, 403, 361, 360, 403, 403, 360, 404, 360, 359, 404, 404, 359, 405, 359, 358, 405, 358, 357, 405, 405, 357, 406, 406, 357, 407, 357, 408, 407, 407, 408, 409, 409, 408, 410, 410, 408, 375, 408, 357, 375, 399, 400, 411, 400, 401, 411, 409, 412, 407, 407, 412, 406, 412, 413, 406, 406, 413, 405, 413, 414, 405, 414, 415, 405, 405, 415, 404, 404, 415, 403, 415, 416, 403, 403, 416, 402, 416, 417, 402, 402, 417, 401, 417, 418, 401, 401, 418, 419, 419, 418, 420, 420, 418, 421, 418, 417, 421, 421, 417, 422, 417, 416, 422, 422, 416, 415, 419, 423, 401, 401, 423, 411, 423, 424, 411, 411, 424, 399, 424, 425, 399, 399, 425, 398, 398, 425, 394, 425, 426, 394, 394, 426, 427, 427, 426, 428, 428, 426, 424, 426, 425, 424, 427, 429, 394, 394, 429, 395, 429, 97, 395, 395, 97, 392, 97, 429, 96, 429, 427, 96, 96, 427, 94, 94, 427, 91, 427, 430, 91, 91, 430, 431, 431, 430, 432, 430, 428, 432, 428, 424, 432, 432, 424, 433, 424, 423, 433, 423, 419, 433, 433, 419, 434, 419, 435, 434, 435, 436, 434, 436, 432, 434, 434, 432, 433, 427, 428, 430, 91, 431, 90, 435, 419, 437, 419, 420, 437, 420, 438, 437, 437, 438, 439, 438, 440, 439, 440, 441, 439, 441, 442, 439, 442, 435, 439, 439, 435, 437, 440, 438, 443, 438, 420, 443, 420, 421, 443, 421, 422, 443, 422, 444, 443, 443, 444, 445, 444, 446, 445, 446, 447, 445, 445, 447, 448, 447, 449, 448, 449, 440, 448, 440, 443, 448, 448, 443, 445, 446, 444, 450, 444, 422, 450, 450, 422, 451, 422, 415, 451, 451, 415, 452, 415, 414, 452, 452, 414, 453, 414, 413, 453, 413, 412, 453, 412, 454, 453, 454, 455, 453, 455, 456, 453, 453, 456, 457, 456, 458, 457, 458, 459, 457, 459, 446, 457, 446, 450, 457, 450, 451, 457, 451, 452, 457, 457, 452, 453, 458, 456, 460, 460, 456, 455, 460, 461, 458, 461, 462, 458, 458, 462, 459, 462, 463, 459, 459, 463, 446, 463, 464, 446, 446, 464, 447, 464, 465, 447, 465, 466, 447, 466, 467, 447, 447, 467, 449, 467, 468, 449, 449, 468, 440, 468, 469, 440, 440, 469, 441, 463, 470, 464, 464, 470, 465, 469, 468, 471, 468, 467, 471, 471, 467, 472, 472, 467, 473, 473, 467, 474, 467, 466, 474, 474, 466, 475, 466, 465, 475, 475, 465, 476, 465, 470, 476, 469, 471, 477, 471, 472, 477, 476, 478, 475, 475, 478, 474, 478, 479, 474, 474, 479, 473, 479, 480, 473, 473, 480, 472, 480, 481, 472, 472, 481, 482, 482, 481, 483, 483, 481, 484, 481, 480, 484, 484, 480, 485, 480, 479, 485, 485, 479, 478, 482, 486, 472, 472, 486, 477, 486, 487, 477, 477, 487, 469, 487, 486, 488, 486, 482, 488, 488, 482, 489, 482, 490, 489, 490, 491, 489, 491, 492, 489, 489, 492, 488, 492, 487, 488, 490, 482, 493, 482, 483, 493, 483, 494, 493, 494, 495, 493, 493, 495, 490, 495, 496, 490, 496, 497, 490, 490, 497, 498, 497, 499, 498, 498, 499, 500, 500, 499, 71, 499, 501, 71, 71, 501, 70, 70, 501, 65, 501, 502, 65, 502, 503, 65, 65, 503, 64, 64, 503, 69, 69, 503, 504, 504, 503, 505, 503, 502, 505, 505, 502, 497, 502, 501, 497, 497, 501, 499, 490, 498, 491, 498, 500, 491, 491, 500, 492, 497, 506, 505, 505, 506, 504, 497, 496, 506, 496, 495, 506, 506, 495, 507, 495, 508, 507, 508, 509, 507, 507, 509, 506, 509, 510, 506, 506, 510, 504, 504, 510, 69, 69, 510, 60, 60, 510, 195, 510, 509, 195, 195, 509, 194, 509, 511, 194, 194, 511, 512, 512, 511, 508, 511, 509, 508, 508, 495, 494, 194, 512, 192, 512, 513, 192, 192, 513, 189, 189, 513, 187, 513, 514, 187, 187, 514, 186, 514, 515, 186, 186, 515, 183, 515, 516, 183, 516, 517, 183, 183, 517, 182, 182, 517, 176, 517, 518, 176, 518, 519, 176, 176, 519, 175, 519, 520, 175, 175, 520, 173, 173, 520, 170, 170, 520, 521, 521, 520, 522, 520, 519, 522, 522, 519, 523, 523, 519, 524, 519, 518, 524, 518, 517, 524, 524, 517, 525, 525, 517, 526, 517, 516, 526, 526, 516, 527, 516, 515, 527, 527, 515, 528, 515, 514, 528, 528, 514, 513, 526, 527, 529, 529, 527, 528, 529, 530, 526, 526, 530, 525, 530, 531, 525, 525, 531, 524, 531, 532, 524, 532, 533, 524, 524, 533, 523, 523, 533, 522, 533, 534, 522, 534, 535, 522, 535, 536, 522, 522, 536, 521, 536, 537, 521, 521, 537, 170, 537, 538, 170, 538, 539, 170, 170, 539, 169, 169, 539, 166, 166, 539, 540, 540, 539, 541, 539, 538, 541, 541, 538, 542, 538, 537, 542, 542, 537, 543, 537, 536, 543, 543, 536, 544, 536, 535, 544, 543, 544, 542, 544, 545, 542, 542, 545, 541, 541, 545, 546, 545, 547, 546, 547, 548, 546, 548, 549, 546, 546, 549, 541, 549, 550, 541, 541, 550, 540, 550, 551, 540, 540, 551, 166, 166, 551, 164, 164, 551, 162, 162, 551, 160, 160, 551, 157, 157, 551, 552, 551, 550, 552, 550, 549, 552, 549, 553, 552, 552, 553, 157, 157, 553, 156, 553, 554, 156, 156, 554, 154, 154, 554, 151, 554, 555, 151, 555, 556, 151, 151, 556, 150, 556, 557, 150, 150, 557, 148, 148, 557, 145, 557, 558, 145, 558, 559, 145, 145, 559, 144, 559, 560, 144, 144, 560, 142, 142, 560, 139, 560, 561, 139, 561, 562, 139, 139, 562, 138, 562, 563, 138, 138, 563, 136, 563, 564, 136, 136, 564, 134, 134, 564, 131, 564, 565, 131, 565, 566, 131, 131, 566, 130, 566, 567, 130, 130, 567, 128, 128, 567, 125, 567, 568, 125, 568, 569, 125, 125, 569, 124, 124, 569, 122, 569, 570, 122, 122, 570, 120, 570, 571, 120, 120, 571, 117, 571, 572, 117, 572, 573, 117, 117, 573, 116, 573, 574, 116, 116, 574, 114, 114, 574, 111, 574, 575, 111, 575, 576, 111, 111, 576, 110, 576, 577, 110, 110, 577, 108, 108, 577, 105, 577, 397, 105, 397, 390, 105, 105, 390, 104, 390, 391, 104, 104, 391, 102, 391, 392, 102, 102, 392, 100, 392, 97, 100, 547, 545, 544, 549, 554, 553, 397, 577, 388, 388, 577, 387, 577, 578, 387, 387, 578, 385, 578, 396, 385, 577, 576, 578, 576, 575, 578, 578, 575, 579, 575, 574, 579, 531, 530, 580, 530, 529, 580, 580, 581, 531, 581, 532, 531, 579, 582, 578, 578, 582, 396, 396, 582, 379, 379, 582, 380, 582, 583, 380, 380, 583, 381, 381, 583, 383, 583, 584, 383, 383, 584, 585, 584, 586, 585, 586, 587, 585, 585, 587, 382, 587, 588, 382, 382, 588, 374, 588, 589, 374, 374, 589, 590, 589, 591, 590, 590, 591, 354, 591, 592, 354, 354, 592, 355, 355, 592, 375, 592, 591, 375, 591, 593, 375, 375, 593, 410, 593, 594, 410, 410, 594, 409, 382, 383, 585, 589, 588, 587, 374, 590, 354, 594, 593, 595, 593, 591, 595, 595, 591, 596, 591, 589, 596, 596, 589, 597, 589, 598, 597, 597, 598, 599, 598, 587, 599, 599, 587, 600, 587, 586, 600, 600, 586, 601, 586, 584, 601, 589, 587, 598, 596, 602, 595, 595, 602, 594, 602, 596, 597, 601, 603, 600, 603, 599, 600, 603, 601, 604, 604, 601, 605, 601, 584, 605, 605, 584, 606, 606, 584, 607, 584, 583, 607, 607, 583, 608, 583, 582, 608, 608, 582, 609, 582, 579, 609, 579, 574, 609, 609, 574, 610, 574, 573, 610, 573, 572, 610, 610, 572, 611, 572, 571, 611, 611, 571, 612, 571, 570, 612, 612, 570, 613, 570, 569, 613, 613, 569, 614, 569, 568, 614, 614, 568, 615, 568, 567, 615, 610, 608, 609, 615, 616, 614, 614, 616, 613, 616, 617, 613, 613, 617, 612, 617, 618, 612, 612, 618, 611, 618, 619, 611, 611, 619, 610, 619, 620, 610, 610, 620, 608, 608, 620, 607, 620, 619, 607, 607, 619, 606, 619, 621, 606, 606, 621, 605, 621, 622, 605, 605, 622, 604, 622, 616, 604, 604, 616, 623, 623, 616, 624, 616, 615, 624, 624, 615, 625, 615, 567, 625, 619, 618, 621, 618, 617, 621, 621, 617, 622, 617, 616, 622, 604, 623, 603, 623, 626, 603, 603, 626, 627, 626, 628, 627, 628, 599, 627, 627, 599, 603, 625, 629, 624, 624, 629, 623, 623, 629, 626, 629, 630, 626, 626, 630, 628, 625, 631, 629, 631, 632, 629, 629, 632, 630, 625, 567, 631, 567, 566, 631, 566, 565, 631, 631, 565, 633, 565, 564, 633, 633, 634, 631, 631, 634, 632, 632, 634, 630, 634, 635, 630, 635, 636, 630, 630, 636, 628, 636, 637, 628, 628, 637, 599, 599, 637, 597, 597, 637, 602, 637, 638, 602, 602, 638, 639, 639, 638, 640, 640, 638, 636, 638, 637, 636, 639, 641, 602, 602, 641, 594, 641, 642, 594, 594, 642, 643, 642, 644, 643, 644, 645, 643, 643, 645, 409, 645, 646, 409, 409, 646, 412, 646, 647, 412, 412, 647, 454, 594, 643, 409, 639, 648, 641, 648, 642, 641, 647, 646, 649, 646, 645, 649, 649, 645, 650, 645, 644, 650, 650, 651, 649, 649, 651, 647, 651, 652, 647, 647, 652, 454, 454, 652, 455, 652, 653, 455, 455, 653, 460, 460, 653, 461, 461, 653, 654, 654, 653, 655, 655, 653, 656, 653, 651, 656, 656, 651, 657, 651, 658, 657, 657, 658, 659, 659, 658, 660, 660, 658, 650, 658, 651, 650, 653, 652, 651, 659, 661, 657, 657, 661, 656, 656, 661, 655, 661, 662, 655, 655, 662, 654, 662, 663, 654, 654, 663, 461, 663, 664, 461, 461, 664, 665, 665, 664, 666, 666, 664, 667, 664, 663, 667, 667, 663, 662, 461, 665, 462, 462, 665, 463, 463, 665, 470, 470, 665, 476, 665, 668, 476, 476, 668, 669, 668, 670, 669, 670, 580, 669, 669, 580, 671, 580, 672, 671, 671, 672, 478, 672, 673, 478, 478, 673, 485, 665, 666, 668, 668, 666, 670, 666, 667, 670, 669, 671, 476, 671, 478, 476, 673, 672, 529, 672, 580, 529, 529, 674, 673, 673, 674, 485, 485, 674, 675, 674, 528, 675, 675, 528, 676, 528, 513, 676, 676, 513, 677, 513, 512, 677, 512, 508, 677, 508, 678, 677, 677, 678, 676, 676, 678, 675, 675, 678, 485, 485, 678, 484, 484, 678, 483, 483, 678, 494, 678, 508, 494, 529, 528, 674, 580, 670, 581, 581, 670, 679, 670, 680, 679, 679, 680, 681, 681, 680, 682, 680, 667, 682, 682, 667, 683, 667, 662, 683, 683, 662, 684, 684, 662, 685, 662, 661, 685, 581, 679, 532, 532, 679, 533, 679, 681, 533, 667, 680, 670, 682, 683, 686, 686, 683, 684, 684, 685, 687, 687, 685, 688, 685, 661, 688, 688, 661, 689, 661, 659, 689, 689, 659, 690, 690, 659, 691, 691, 659, 692, 659, 660, 692, 692, 660, 693, 660, 650, 693, 693, 650, 694, 650, 644, 694, 644, 642, 694, 642, 648, 694, 694, 648, 695, 648, 639, 695, 639, 640, 695, 695, 640, 696, 640, 636, 696, 636, 635, 696, 635, 634, 696, 696, 634, 697, 634, 698, 697, 697, 698, 699, 698, 564, 699, 564, 563, 699, 563, 562, 699, 699, 562, 700, 562, 561, 700, 700, 561, 701, 561, 560, 701, 634, 633, 698, 633, 564, 698, 688, 689, 702, 689, 690, 702, 701, 703, 700, 700, 703, 699, 703, 704, 699, 699, 704, 697, 697, 704, 696, 704, 705, 696, 696, 705, 695, 705, 706, 695, 706, 707, 695, 695, 707, 694, 707, 708, 694, 694, 708, 693, 693, 708, 692, 692, 708, 709, 708, 707, 709, 707, 706, 709, 709, 706, 703, 706, 705, 703, 703, 705, 704, 709, 703, 710, 703, 701, 710, 710, 701, 711, 701, 560, 711, 711, 712, 710, 710, 712, 709, 712, 713, 709, 709, 713, 692, 713, 714, 692, 692, 714, 691, 714, 713, 715, 713, 712, 715, 715, 712, 716, 712, 711, 716, 711, 560, 716, 560, 559, 716, 559, 558, 716, 716, 558, 717, 558, 557, 717, 717, 718, 716, 716, 718, 715, 715, 718, 714, 718, 719, 714, 714, 719, 691, 691, 719, 690, 719, 720, 690, 690, 720, 702, 720, 721, 702, 702, 721, 688, 688, 721, 687, 721, 722, 687, 687, 722, 684, 684, 722, 686, 722, 723, 686, 686, 723, 682, 682, 723, 681, 681, 723, 533, 533, 723, 534, 534, 723, 535, 723, 724, 535, 535, 724, 544, 724, 725, 544, 544, 725, 547, 725, 726, 547, 547, 726, 727, 726, 721, 727, 727, 721, 728, 721, 720, 728, 720, 719, 718, 723, 722, 724, 724, 722, 725, 725, 722, 726, 722, 721, 726, 728, 729, 727, 727, 729, 547, 547, 729, 548, 729, 730, 548, 548, 730, 549, 549, 730, 554, 730, 731, 554, 554, 731, 555, 731, 732, 555, 555, 732, 556, 556, 732, 557, 732, 733, 557, 557, 733, 717, 717, 733, 718, 733, 734, 718, 718, 734, 720, 734, 735, 720, 720, 735, 728, 728, 735, 729, 735, 732, 729, 732, 731, 729, 729, 731, 730, 733, 732, 734, 734, 732, 735, 121, 736, 737, 737, 736, 738, 121, 119, 736, 121, 737, 123, 737, 739, 123, 123, 739, 740, 740, 739, 741, 739, 737, 741, 737, 738, 741, 741, 738, 742, 742, 738, 743, 738, 736, 743, 743, 736, 744, 736, 119, 744, 119, 118, 744, 118, 115, 744, 744, 115, 745, 745, 115, 746, 115, 113, 746, 113, 112, 746, 746, 112, 747, 112, 109, 747, 747, 109, 748, 748, 109, 749, 109, 107, 749, 107, 106, 749, 749, 106, 750, 106, 103, 750, 750, 103, 751, 751, 103, 752, 103, 101, 752, 101, 99, 752, 752, 99, 753, 99, 754, 753, 753, 754, 755, 754, 756, 755, 755, 756, 757, 757, 756, 758, 756, 95, 758, 95, 93, 758, 93, 92, 758, 758, 92, 759, 92, 89, 759, 759, 89, 760, 760, 89, 761, 89, 87, 761, 87, 86, 761, 761, 86, 301, 86, 83, 301, 123, 740, 126, 99, 98, 754, 98, 95, 754, 754, 95, 756, 301, 295, 761, 761, 295, 762, 295, 296, 762, 762, 296, 763, 296, 297, 763, 763, 297, 764, 764, 297, 765, 297, 766, 765, 765, 766, 767, 767, 766, 768, 766, 292, 768, 768, 292, 769, 292, 283, 769, 769, 283, 770, 770, 283, 771, 283, 278, 771, 292, 766, 297, 762, 772, 761, 761, 772, 760, 763, 772, 762, 768, 769, 773, 769, 770, 773, 770, 771, 774, 774, 771, 775, 771, 278, 775, 775, 278, 776, 278, 267, 776, 776, 267, 777, 267, 778, 777, 777, 778, 779, 779, 778, 780, 778, 264, 780, 780, 264, 781, 264, 254, 781, 781, 254, 782, 254, 783, 782, 782, 783, 784, 264, 778, 267, 254, 259, 783, 259, 785, 783, 783, 785, 784, 775, 776, 786, 786, 776, 777, 780, 781, 787, 787, 781, 782, 785, 259, 788, 259, 249, 788, 788, 249, 789, 249, 790, 789, 789, 790, 791, 791, 790, 792, 790, 240, 792, 792, 240, 793, 240, 235, 793, 793, 235, 794, 235, 795, 794, 794, 795, 796, 240, 790, 249, 235, 231, 795, 231, 797, 795, 795, 797, 796, 785, 788, 798, 798, 788, 789, 792, 793, 799, 799, 793, 794, 797, 231, 800, 231, 226, 800, 800, 226, 159, 226, 161, 159, 800, 159, 797, 159, 158, 797, 158, 155, 797, 797, 155, 796, 155, 801, 796, 796, 801, 794, 794, 801, 799, 801, 802, 799, 799, 802, 792, 792, 802, 791, 802, 803, 791, 791, 803, 789, 789, 803, 798, 803, 804, 798, 798, 804, 785, 785, 804, 784, 804, 805, 784, 784, 805, 782, 782, 805, 787, 805, 806, 787, 787, 806, 780, 780, 806, 779, 806, 807, 779, 779, 807, 777, 777, 807, 786, 807, 808, 786, 786, 808, 775, 775, 808, 774, 808, 809, 774, 774, 809, 770, 770, 809, 773, 809, 810, 773, 773, 810, 768, 768, 810, 767, 810, 811, 767, 767, 811, 765, 811, 812, 765, 765, 812, 764, 812, 813, 764, 764, 813, 763, 155, 153, 801, 153, 152, 801, 801, 152, 814, 152, 149, 814, 802, 801, 814, 813, 812, 815, 815, 812, 811, 772, 763, 816, 816, 763, 817, 763, 813, 817, 817, 813, 818, 818, 813, 819, 813, 815, 819, 817, 818, 816, 818, 820, 816, 816, 820, 758, 758, 820, 757, 757, 820, 821, 820, 818, 821, 818, 819, 821, 821, 819, 822, 819, 823, 822, 822, 823, 824, 823, 825, 824, 772, 816, 760, 760, 816, 759, 816, 758, 759, 823, 819, 815, 822, 824, 821, 824, 826, 821, 821, 826, 755, 826, 827, 755, 755, 827, 753, 827, 828, 753, 753, 828, 752, 752, 828, 751, 828, 829, 751, 829, 830, 751, 751, 830, 750, 750, 830, 749, 830, 831, 749, 831, 832, 749, 749, 832, 748, 748, 832, 747, 832, 833, 747, 747, 833, 746, 833, 834, 746, 834, 835, 746, 746, 835, 745, 745, 835, 744, 835, 836, 744, 744, 836, 743, 743, 836, 742, 742, 836, 837, 837, 836, 838, 836, 835, 838, 838, 835, 839, 835, 834, 839, 839, 834, 840, 834, 833, 840, 833, 832, 840, 840, 832, 841, 841, 832, 842, 832, 831, 842, 842, 831, 843, 831, 830, 843, 830, 829, 843, 843, 829, 844, 844, 829, 845, 829, 828, 845, 828, 827, 845, 845, 827, 846, 827, 826, 846, 846, 826, 847, 826, 824, 847, 824, 825, 847, 825, 848, 847, 847, 848, 845, 848, 849, 845, 845, 849, 844, 844, 849, 843, 843, 849, 850, 850, 849, 851, 849, 848, 851, 848, 825, 851, 825, 823, 851, 851, 823, 852, 852, 823, 853, 823, 815, 853, 815, 811, 853, 853, 811, 854, 854, 811, 855, 811, 810, 855, 855, 810, 856, 856, 810, 857, 810, 809, 857, 857, 809, 858, 858, 809, 859, 809, 808, 859, 859, 808, 860, 860, 808, 861, 808, 807, 861, 861, 807, 862, 862, 807, 863, 807, 806, 863, 863, 806, 864, 864, 806, 865, 806, 805, 865, 865, 805, 866, 866, 805, 867, 805, 804, 867, 867, 804, 868, 868, 804, 869, 804, 803, 869, 869, 803, 870, 870, 803, 871, 803, 802, 871, 871, 802, 872, 802, 814, 872, 814, 149, 872, 872, 149, 873, 149, 147, 873, 147, 146, 873, 873, 146, 874, 146, 143, 874, 755, 757, 821, 847, 845, 846, 872, 873, 871, 871, 873, 870, 873, 875, 870, 870, 875, 869, 869, 875, 868, 875, 876, 868, 868, 876, 867, 867, 876, 866, 876, 877, 866, 866, 877, 865, 865, 877, 864, 877, 878, 864, 864, 878, 863, 863, 878, 862, 878, 879, 862, 862, 879, 861, 861, 879, 860, 879, 880, 860, 860, 880, 859, 859, 880, 858, 880, 881, 858, 858, 881, 857, 857, 881, 856, 881, 882, 856, 856, 882, 855, 855, 882, 854, 882, 883, 854, 854, 883, 853, 853, 883, 852, 852, 883, 851, 883, 884, 851, 851, 884, 850, 884, 885, 850, 850, 885, 843, 843, 885, 842, 842, 885, 841, 885, 886, 841, 841, 886, 840, 886, 887, 840, 887, 888, 840, 840, 888, 839, 839, 888, 838, 888, 889, 838, 838, 889, 837, 889, 890, 837, 837, 890, 742, 890, 891, 742, 891, 892, 742, 742, 892, 741, 741, 892, 740, 892, 893, 740, 740, 893, 126, 126, 893, 127, 127, 893, 129, 893, 894, 129, 894, 895, 129, 129, 895, 132, 895, 896, 132, 132, 896, 133, 896, 897, 133, 133, 897, 135, 135, 897, 137, 897, 898, 137, 898, 899, 137, 137, 899, 140, 899, 900, 140, 140, 900, 141, 141, 900, 143, 900, 901, 143, 143, 901, 874, 901, 875, 874, 874, 875, 873, 890, 889, 902, 902, 889, 888, 902, 903, 890, 890, 903, 891, 875, 901, 904, 901, 900, 904, 904, 900, 905, 900, 906, 905, 906, 907, 905, 905, 907, 876, 907, 877, 876, 875, 904, 876, 904, 905, 876, 900, 899, 906, 899, 898, 906, 906, 898, 908, 898, 897, 908, 908, 897, 909, 909, 897, 910, 897, 896, 910, 896, 895, 910, 910, 895, 911, 895, 894, 911, 911, 894, 912, 894, 893, 912, 912, 893, 913, 893, 892, 913, 913, 892, 914, 892, 891, 914, 891, 903, 914, 914, 903, 915, 903, 902, 915, 915, 916, 914, 914, 916, 913, 913, 916, 912, 916, 917, 912, 912, 917, 911, 911, 917, 910, 917, 918, 910, 918, 919, 910, 910, 919, 909, 919, 920, 909, 909, 920, 908, 908, 920, 906, 920, 921, 906, 906, 921, 907, 907, 921, 877, 921, 922, 877, 877, 922, 878, 922, 923, 878, 878, 923, 924, 924, 923, 925, 923, 920, 925, 920, 919, 925, 919, 918, 925, 925, 918, 926, 918, 917, 926, 926, 917, 927, 927, 917, 915, 917, 916, 915, 921, 920, 922, 920, 923, 922, 878, 924, 879, 927, 928, 926, 926, 928, 925, 928, 927, 929, 927, 915, 929, 929, 915, 930, 915, 902, 930, 930, 902, 931, 931, 902, 932, 902, 888, 932, 932, 888, 933, 888, 887, 933, 933, 887, 934, 887, 886, 934, 886, 885, 934, 934, 885, 935, 885, 884, 935, 884, 883, 935, 935, 883, 936, 883, 882, 936, 936, 882, 937, 882, 938, 937, 938, 939, 937, 937, 939, 934, 934, 939, 933, 933, 939, 932, 932, 939, 931, 939, 940, 931, 931, 940, 930, 930, 940, 929, 940, 928, 929, 935, 936, 934, 936, 937, 934, 882, 881, 938, 881, 941, 938, 938, 941, 939, 939, 941, 940, 941, 942, 940, 940, 942, 943, 942, 880, 943, 943, 880, 944, 880, 879, 944, 944, 879, 945, 879, 924, 945, 924, 925, 945, 925, 928, 945, 945, 928, 944, 944, 928, 943, 928, 940, 943, 941, 881, 942, 881, 880, 942, 226, 225, 161, 161, 225, 163, 225, 946, 163, 163, 946, 165, 165, 946, 167, 167, 946, 947, 947, 946, 948, 946, 223, 948, 948, 223, 949, 223, 214, 949, 949, 214, 950, 214, 951, 950, 950, 951, 952, 951, 213, 952, 952, 213, 953, 954, 955, 956, 957, 206, 958, 206, 959, 958, 952, 960, 950, 950, 960, 949, 960, 961, 949, 949, 961, 948, 948, 961, 962, 961, 203, 962, 962, 203, 963, 203, 201, 963, 201, 202, 963, 963, 202, 964, 202, 185, 964, 185, 184, 964, 184, 179, 964, 964, 179, 963, 179, 965, 963, 965, 966, 963, 963, 966, 962, 962, 966, 948, 948, 966, 967, 966, 965, 967, 967, 965, 180, 965, 179, 180, 223, 946, 225, 214, 213, 951, 206, 205, 959, 959, 205, 968, 204, 203, 961, 180, 171, 967, 171, 168, 967, 168, 167, 967, 167, 947, 967, 967, 947, 948, 71, 74, 500, 74, 76, 500, 500, 76, 969, 76, 78, 969, 969, 78, 970, 78, 79, 970, 79, 971, 970, 970, 971, 972, 971, 973, 972, 972, 973, 487, 973, 974, 487, 487, 974, 469, 974, 975, 469, 469, 975, 441, 441, 975, 442, 975, 976, 442, 442, 976, 435, 500, 969, 492, 969, 970, 492, 970, 972, 492, 492, 972, 487, 976, 975, 977, 975, 974, 977, 974, 973, 977, 977, 973, 978, 973, 971, 978, 971, 79, 978, 79, 82, 978, 82, 84, 978, 978, 84, 979, 84, 85, 979, 85, 980, 979, 979, 980, 976, 980, 981, 976, 976, 981, 435, 435, 981, 436, 436, 981, 982, 981, 980, 982, 980, 85, 982, 85, 88, 982, 88, 90, 982, 90, 431, 982, 431, 432, 982, 982, 432, 436, 977, 978, 976, 976, 978, 979]
                texCoord2f[] primvars:st = [(0.596008, 0.864916), (0.29892, 0.484016), (0.620816, 0.746389), (0.436094, 0.213323), (0.755923, 0.48172498), (0.783893, 0.590002), (0.009371, 0.286633), (0.922404, 0.685016), (0.037219, 0.34414804), (0.349874, 0.18583202), (0.084647, 0.52453), (0.574362, 0.28120697), (0.259276, 0.172086), (0.762368, 0.650773), (0.370547, 0.292903), (0.765408, 0.538275), (0.241399, 0.48956203), (0.758355, 0.919054), (0.439985, 0.865277), (0.349752, 0.28591), (0.622762, 0.798961), (0.354008, 0.596513), (0.227779, 0.54768), (0.866708, 0.664518), (0.493371, 0.776292), (0.615465, 0.545871), (0.264018, 0.13904798), (0.43281, 0.855631), (0.422595, 0.839474), (0.873153, 0.46942604), (0.501276, 0.802216), (0.576794, 0.79052), (0.431716, 0.508493), (0.4789, 0.87637), (0.390855, 0.29953504), (0.439864, 0.837062), (0.463091, 0.35572302), (0.570835, 0.648843), (0.519152, 0.634615), (0.540555, 0.878299), (0.61887, 0.42939496), (0.292353, 0.33305502), (0.410799, 0.626778), (0.171231, 0.17715001), (0.232157, 0.612309), (0.507478, 0.835736), (0.583969, 0.671994), (0.854547, 0.777619), (0.941497, 0.684654), (0.925931, 0.728062), (0.464307, 0.878299), (0.651461, 0.42204), (0.755801, 0.829828), (0.069932, 0.327749), (0.797269, 0.940999), (0.786081, 0.7863), (0.320323, 0.622678), (0.470995, 0.878179), (0.353279, 0.4681), (0.713725, 0.699244), (0.350968, 0.620146), (0.572538, 0.574327), (0.72394, 0.812947), (0.974452, 0.752418), (0.597103, 0.882037), (0.306216, 0.570107), (0.662649, 0.782924), (0.638814, 0.738552), (0.848831, 0.721671), (0.953901, 0.592052), (0.197134, 0.38381696), (0.887989, 0.751212), (0.887381, 0.656319), (0.475981, 0.13048697), (0.781582, 0.982959), (0.565849, 0.21030802), (0.549067, 0.800769), (0.687701, 0.587591), (0.290286, 0.450616), (0.476346, 0.303634), (0.428676, 0.45821297), (0.648178, 0.602783), (0.528151, 0.28217196), (0.022262, 0.235268), (0.098996, 0.22357202), (0.456402, 0.22417498), (0.806025, 0.586385), (0.469171, 0.829225), (0.469536, 0.566731), (0.407637, 0.608812), (0.892002, 0.521395), (0.472576, 0.542375), (0.162354, 0.515607), (0.376384, 0.526097), (0.685025, 0.986336), (0.651705, 0.81343), (0.438161, 0.566972), (0.328835, 0.27976), (0.901974, 0.575171), (0.224131, 0.646432), (0.096564, 0.130005), (0.91073, 0.709373), (0.741816, 0.748319), (0.169164, 0.20222998), (0.597346, 0.898556), (0.847007, 0.917728), (0.717859, 0.544183), (0.037827, 0.444588), (0.470995, 0.831395), (0.401557, 0.16557503), (0.609385, 0.621593), (0.140343, 0.42939496), (0.897961, 0.561064), (0.8374, 0.701294), (0.437067, 0.14423299), (0.241034, 0.10926598), (0.291502, 0.10613102), (0.362764, 0.38478196), (0.7451, 0.80523), (0.678702, 0.624849), (0.229117, 0.36983), (0.152382, 0.58325), (0.660339, 0.835374), (0.930673, 0.761944), (0.515747, 0.129161), (0.341969, 0.49486804), (0.514044, 0.8115), (0.877409, 0.73192), (0.544811, 0.274817), (0.123683, 0.16762501), (0.648543, 0.883243), (0.269612, 0.44217598), (0.496898, 0.82609), (0.202363, 0.502826), (0.937362, 0.8408), (0.456159, 0.850929), (0.457862, 0.764235), (0.521827, 0.703344), (0.682715, 0.930871), (0.113346, 0.30496097), (0.583118, 0.19788897), (0.137424, 0.6146), (0.609993, 0.825367), (0.480724, 0.51621), (0.811619, 0.742169), (0.596495, 0.915437), (0.750572, 0.987903), (0.423325, 0.603145), (0.379789, 0.05078602), (0.473914, 0.837424), (0.087079, 0.48088098), (0.751423, 0.626537), (0.591144, 0.25745404), (0.846399, 0.672597), (0.821713, 0.560823), (0.518422, 0.795705), (0.531313, 0.806677), (0.511612, 0.552503), (0.268153, 0.533452), (0.484494, 0.711061), (0.438039, 0.739275), (0.032234, 0.260709), (0.092794, 0.30291104), (0.173907, 0.27554), (0.478535, 0.849241), (0.266572, 0.10661298), (0.74668, 0.714678), (0.18546, 0.40552104), (0.408489, 0.588435), (0.19458, 0.638836), (0.530583, 0.748921), (0.12198, 0.286874), (0.684904, 0.41685498), (0.566214, 0.902174), (0.632369, 0.46448302), (0.271558, 0.327991), (0.46005, 0.846467), (0.296731, 0.595187), (0.372858, 0.357893), (0.553202, 0.665603), (0.537758, 0.791485), (0.380154, 0.615203), (0.027856, 0.41432297), (0.193851, 0.174739), (0.952563, 0.638474), (0.141802, 0.13808298), (0.426608, 0.24358702), (0.917905, 0.866121), (0.8177, 0.799202), (0.476832, 0.677058), (0.628964, 0.611465), (0.867316, 0.487633), (0.836792, 0.49607396), (0.455186, 0.515125), (0.493128, 0.684534), (0.718224, 0.41540802), (0.482791, 0.790038), (0.027734, 0.48799503), (0.409097, 0.061034977), (0.321174, 0.211635), (0.039044, 0.2378), (0.4986, 0.621714), (0.356197, 0.25600696), (0.771002, 0.949681), (0.105928, 0.392258), (0.673108, 0.879988), (0.47744, 0.610018), (0.484494, 0.799925), (0.714454, 0.959206), (0.867559, 0.542978), (0.621303, 0.50584), (0.076499, 0.41854298), (0.483156, 0.770746), (0.962413, 0.852255), (0.774164, 0.56444), (0.615587, 0.845021), (0.483886, 0.841283), (0.721143, 0.666568), (0.263532, 0.074781), (0.740843, 0.540566), (0.104347, 0.502826), (0.505897, 0.785094), (0.580199, 0.707443), (0.182784, 0.528629), (0.554905, 0.13832498), (0.046097, 0.21693999), (0.772583, 0.620146), (0.108239, 0.13953), (0.165759, 0.29700303), (0.515747, 0.76544), (0.532529, 0.572398), (0.260005, 0.617494), (0.718346, 0.989591), (0.444485, 0.846709), (0.426487, 0.10323703), (0.331997, 0.46363902), (0.46528, 0.640765), (0.238602, 0.29000902), (0.10532, 0.32244396), (0.204917, 0.605677), (0.440593, 0.433856), (0.364953, 0.11794698), (0.258789, 0.041381), (0.84117, 0.539843), (0.055096, 0.30821598), (0.492641, 0.848517), (0.559404, 0.79679), (0.458834, 0.824643), (0.849318, 0.813912), (0.111522, 0.59579), (0.502127, 0.191257), (0.36471, 0.44169402), (0.436094, 0.37682402), (0.28761, 0.140495), (0.448741, 0.820061), (0.491182, 0.746028), (0.563296, 0.720345), (0.690376, 0.85117), (0.881909, 0.530076), (0.186919, 0.228033), (0.420893, 0.879023), (0.46455, 0.814635), (0.212821, 0.20235002), (0.217321, 0.392619), (0.086714, 0.573122), (0.143991, 0.29169703), (0.079782, 0.28217196), (0.312905, 0.337878), (0.470022, 0.47473204), (0.064095, 0.14990002), (0.657055, 0.728906), (0.793864, 0.667653), (0.074067, 0.24081397), (0.220118, 0.338722), (0.86841, 0.946545), (0.463212, 0.864313), (0.019951, 0.349694), (0.534596, 0.478711), (0.514409, 0.35114098), (0.855276, 0.877214), (0.15372, 0.412273), (0.751302, 0.450858), (0.405935, 0.236112), (0.482913, 0.060190976), (0.75118, 0.568419), (0.885435, 0.785577), (0.783163, 0.644503), (0.421622, 0.756277), (0.484494, 0.741928), (0.178163, 0.59579), (0.488507, 0.816806), (0.063608, 0.546715), (0.681863, 0.827658), (0.433175, 0.827658), (0.446552, 0.184143), (0.199566, 0.33124602), (0.477197, 0.789917), (0.551743, 0.780392), (0.182298, 0.492095), (0.64684, 0.49535), (0.534475, 0.717933), (0.049137, 0.260589), (0.695848, 0.548886), (0.411164, 0.867086), (0.236049, 0.45640397), (0.151774, 0.271079), (0.871937, 0.902897), (0.782676, 0.48425698), (0.546027, 0.830672), (0.454092, 0.833445), (0.438526, 0.07273102), (0.733912, 0.925686), (0.236535, 0.07876003), (0.377479, 0.26203597), (0.490817, 0.883123), (0.609507, 0.72131), (0.320323, 0.49052703), (0.742059, 0.862866), (0.214889, 0.446396), (0.568038, 0.831998), (0.546392, 0.734211), (0.449227, 0.530558), (0.655353, 0.953418), (0.099726, 0.339204), (0.903798, 0.73602), (0.535447, 0.36802197), (0.507234, 0.889151), (0.119183, 0.357773), (0.118332, 0.34161603), (0.067743, 0.260709), (0.142897, 0.22501898), (0.542136, 0.869256), (0.672256, 0.804748), (0.69293, 0.796428), (0.709347, 0.732161), (0.787662, 0.846226), (0.831198, 0.889754), (0.462483, 0.498003), (0.148369, 0.180888), (0.997436, 0.690563), (0.280435, 0.41781998), (0.486318, 0.649085), (0.860384, 0.599769), (0.495438, 0.83863), (0.864519, 0.506684), (0.378451, 0.15822), (0.252709, 0.556603), (0.223036, 0.513075), (0.733912, 0.781356), (0.453119, 0.785215), (0.896015, 0.674405), (0.688673, 0.651496), (0.421987, 0.34318304), (0.262316, 0.500173), (0.353765, 0.0061730146), (0.454335, 0.600734), (0.7648, 0.855028), (0.538609, 0.23743796), (0.082579, 0.122408986), (0.960711, 0.68791), (0.27776, 0.47569597), (0.510518, 0.824884), (0.500546, 0.855511), (0.057163, 0.364766), (0.063608, 0.177391), (0.91681, 0.784974), (0.943199, 0.70877), (0.846642, 0.624969), (0.469414, 0.32931697), (0.921674, 0.511507), (0.042692, 0.285307), (0.282624, 0.360426), (0.998044, 0.723721), (0.418217, 0.274334), (0.91681, 0.666086), (0.603426, 0.804869), (0.273017, 0.23659402), (0.281287, 0.17304999), (0.877044, 0.578306), (0.667635, 0.594946), (0.42746, 0.847432), (0.363615, 0.49848497), (0.753126, 0.682243), (0.424906, 0.793414), (0.877896, 0.638112), (0.663014, 0.694421), (0.189229, 0.35319102), (0.684782, 0.517416), (0.072729, 0.303514), (0.255749, 0.20391798), (0.792648, 0.7529), (0.725886, 0.896506), (0.471725, 0.412997), (0.123804, 0.48281002), (0.215983, 0.11372697), (0.179744, 0.457972), (0.277274, 0.20476198), (0.299163, 0.20669103), (0.424298, 0.17389399), (0.541893, 0.764235), (0.502735, 0.754106), (0.50164, 0.458695), (0.55527, 0.629431), (0.396936, 0.42119598), (0.479508, 0.387555), (0.557458, 0.262397), (0.519882, 0.40986204), (0.11821, 0.379838), (0.597103, 0.696109), (0.411286, 0.83031), (0.506383, 0.724083), (0.703023, 0.764476), (0.44412, 0.547801), (0.883125, 0.822352), (0.673594, 0.48727202), (0.553202, 0.592173), (0.602818, 0.754106), (0.773434, 0.763511), (0.342212, 0.37839103), (0.722359, 0.44965196), (0.14691, 0.20307398), (0.434999, 0.704911), (0.461875, 0.794379), (0.471238, 0.824643), (0.844818, 0.45109904), (0.471603, 0.706599), (0.452511, 0.896989), (0.359602, 0.573363), (0.570349, 0.862745), (0.165516, 0.628466), (0.215862, 0.172809), (0.797634, 0.810053), (0.639544, 0.640644), (0.385991, 0.571072), (0.397058, 0.832481), (0.995004, 0.757362), (0.914864, 0.607365), (0.507842, 0.692733), (0.3821, 0.593137), (0.311081, 0.45809197), (0.618506, 0.964632), (0.669216, 0.659575), (0.102523, 0.18944901), (0.814295, 0.43638802), (0.261829, 0.35403502), (0.852723, 0.580477), (0.709955, 0.642573), (0.809795, 0.46255302), (0.472211, 0.7904), (0.367142, 0.549609), (0.322512, 0.37224197), (0.259276, 0.40998197), (0.511977, 0.875285), (0.525232, 0.914231), (0.536907, 0.684293), (0.527543, 0.389605), (0.943807, 0.618338), (0.805296, 0.689719), (0.103131, 0.359823), (0.835576, 0.652581), (0.552351, 0.18197298), (0.988072, 0.790761), (0.125264, 0.18559003), (0.877774, 0.86166), (0.206011, 0.414685), (0.300866, 0.30471897), (0.342212, 0.31545103), (0.402287, 0.337034), (0.518057, 0.17220598), (0.765773, 0.706599), (0.039773, 0.19342798), (0.793621, 0.61472), (0.259397, 0.295435), (0.144356, 0.540204), (0.33297, 0.343907), (0.90392, 0.69213), (0.637598, 0.534055), (0.325309, 0.597237), (0.55527, 0.30737197), (0.280071, 0.30037904), (0.730263, 0.634133), (0.815024, 0.609536), (0.712144, 0.844176), (0.806998, 0.900606), (0.529367, 0.30411696), (0.946847, 0.773157), (0.319107, 0.038848996), (0.293447, 0.23900598), (0.760422, 0.739758), (0.589077, 0.828743), (0.467712, 0.766043), (0.521219, 0.846829), (0.613398, 0.777016), (0.899055, 0.844056), (0.217199, 0.14254498), (0.195431, 0.27976), (0.919242, 0.553709), (0.510761, 0.505237), (0.170623, 0.15206999), (0.286759, 0.650531), (0.804079, 0.638233), (0.485345, 0.363199), (0.123318, 0.523083), (0.053515, 0.335949), (0.437431, 0.282533), (0.443269, 0.63558), (0.343428, 0.43699098), (0.965453, 0.783527), (0.437431, 0.772916), (0.451903, 0.11529499), (0.459807, 0.15689301), (0.105077, 0.094917), (0.740722, 0.601095), (0.814781, 0.660298), (0.749478, 0.890236), (0.191054, 0.11987603), (0.589685, 0.634013), (0.418582, 0.427104), (0.27095, 0.385988), (0.302933, 0.36609304), (0.949523, 0.546957), (0.172691, 0.06995797), (0.42904, 0.31279802), (0.765895, 0.796549), (0.467225, 0.820905), (0.632491, 0.67742), (0.047678, 0.404074), (0.624343, 0.944857), (0.39803, 0.267582), (0.120643, 0.22429502), (0.200782, 0.057780027), (0.399611, 0.844779), (0.782312, 0.425416), (0.593211, 0.22345102), (0.514166, 0.27059603), (0.125507, 0.446396), (0.473184, 0.767852), (0.469901, 0.737587), (0.825239, 0.63148), (0.89188, 0.613394), (0.094254, 0.24226099), (0.630788, 0.820302), (0.489601, 0.806074), (0.476103, 0.531161), (0.178771, 0.32425296), (0.522192, 0.326905), (0.468806, 0.860937), (0.678094, 0.904706), (0.050475, 0.172809), (0.579834, 0.48883903), (0.71336, 0.788832), (0.425027, 0.527906), (0.060447, 0.282654), (0.82451, 0.764114), (0.817578, 0.710699), (0.863059, 0.837786), (0.654258, 0.563476), (0.976276, 0.661745), (0.446066, 0.799925), (0.109211, 0.174739), (0.461145, 0.57481), (0.936024, 0.600131), (0.100334, 0.283257), (0.91304, 0.725289), (0.157976, 0.048494995), (0.20893, 0.22996199), (0.392315, 0.795343), (0.173299, 0.42577803), (0.597467, 0.518862), (0.741573, 0.658248), (0.055947, 0.239488), (0.200174, 0.46882296), (0.400219, 0.526941), (0.492885, 0.41974902), (0.43585, 0.816444), (0.054123, 0.197407), (0.068229, 0.20162702), (0.811254, 0.973916), (0.910365, 0.538757), (0.809065, 0.835736), (0.308162, 0.274817), (0.076985, 0.15496397), (0.838859, 0.473526), (0.158949, 0.36356103), (0.143748, 0.46448302), (0.087322, 0.16195703), (0.915837, 0.75073), (0.07127, 0.457489), (0.533015, 0.527544), (0.496654, 0.868292), (0.062149, 0.22007501), (0.400584, 0.09346998), (0.442539, 0.349212), (0.311932, 0.39949203), (0.43962, 0.488236), (0.147153, 0.15870202), (0.728804, 0.481243), (0.446795, 0.25299203), (0.505045, 0.658731), (0.470874, 0.838751), (0.457983, 0.672115), (0.642462, 0.791726), (0.535934, 0.154482), (0.701078, 0.48244798), (0.015452, 0.25902104), (0.234468, 0.20307398), (0.837157, 0.604351), (0.456889, 0.29242098), (0.463091, 0.900003), (0.044029, 0.517777), (0.456037, 0.864795), (0.115413, 0.24418998), (0.514409, 0.596152), (0.501884, 0.393584), (0.593454, 0.558894), (0.864883, 0.525253), (0.63322, 0.572398), (0.978101, 0.604833), (0.342456, 0.548765), (0.392923, 0.19776899), (0.292475, 0.540687), (0.511004, 0.08297998), (0.18777, 0.30279), (0.465888, 0.26444697), (0.867194, 0.712025), (0.452146, 0.59591), (0.970196, 0.634495), (0.319107, 0.0019530058), (0.158098, 0.10601002), (0.733425, 0.690322), (0.655353, 0.929062), (0.453848, 0.810174), (0.894313, 0.505599), (0.079661, 0.380803), (0.546392, 0.339445), (0.535326, 0.109025), (0.4547, 0.703826), (0.497749, 0.15002), (0.785838, 0.511869), (0.475738, 0.829948), (0.894434, 0.547318), (0.692079, 0.45121896), (0.544568, 0.845262), (0.050596, 0.47292304), (0.229725, 0.048254013), (0.444849, 0.826934), (0.363859, 0.224657), (0.178042, 0.37429202), (0.444849, 0.757724), (0.122223, 0.41155), (0.907568, 0.590846), (0.386234, 0.44687903), (0.582996, 0.26878798), (0.413353, 0.13422501), (0.058379, 0.43180704), (0.661555, 0.455922), (0.022018, 0.382491), (0.437188, 0.890598), (0.28761, 0.271079), (0.772948, 0.882037), (0.41992, 0.027032971), (0.47817, 0.739034), (0.969345, 0.583371), (0.574727, 0.740602), (0.284692, 0.0026770234), (0.484737, 0.827055), (0.436337, 0.670668), (0.685025, 0.958603), (0.527543, 0.778463), (0.550648, 0.701415), (0.448619, 0.32039404), (0.288705, 0.038608015), (0.561593, 0.915557), (0.960103, 0.56444), (0.13937, 0.35234702), (0.249912, 0.37827098), (0.960467, 0.71516), (0.900758, 0.804869), (0.760301, 0.511146), (0.651461, 0.761341), (0.127574, 0.567334), (0.601845, 0.660057), (0.900393, 0.631119), (0.412988, 0.766767), (0.33224, 0.40552104), (0.289434, 0.621352), (0.938213, 0.662348), (0.674567, 0.555397), (0.166367, 0.12807602), (0.313756, 0.24322599), (0.086592, 0.322685), (0.846277, 0.560461), (0.092429, 0.405159), (0.310594, 0.14338899), (0.457618, 0.38225), (0.943929, 0.880952), (0.450322, 0.465447), (0.940037, 0.735296), (0.256965, 0.466412), (0.030531, 0.214046), (0.468077, 0.19716597), (0.528151, 0.821749), (0.142532, 0.500535), (0.842629, 0.753744), (0.480237, 0.803542), (0.079417, 0.22236598), (0.773191, 0.674767), (0.304271, 0.17606497), (0.822321, 0.930629), (0.829617, 0.825246), (0.23009, 0.31520998), (0.164665, 0.226224), (0.226928, 0.42421), (0.498235, 0.31533003), (0.412623, 0.567696), (0.708131, 0.580597), (0.349387, 0.043672025), (0.605372, 0.475334), (0.780609, 0.45471597), (0.719562, 0.869739), (0.518301, 0.735055), (0.555878, 0.506323), (0.932011, 0.642694), (0.569619, 0.847794), (0.956211, 0.744098), (0.48498, 0.27783096), (0.779271, 0.730353), (0.536055, 0.19692498), (0.568525, 0.889634), (0.733912, 0.837183), (0.20966, 0.08503002), (0.586888, 0.947992), (0.24602, 0.263241), (0.190689, 0.566731), (0.638206, 0.841162), (0.474157, 0.8115), (0.169286, 0.34463), (0.283962, 0.508975), (0.237629, 0.17184502), (0.071999, 0.354276), (0.552594, 0.551177), (0.938335, 0.557688), (0.117724, 0.15146697), (0.836306, 0.78847), (0.477684, 0.768937), (0.374438, 0.47244096), (0.667757, 0.857199), (0.507234, 0.23153001), (0.883733, 0.59579), (0.937362, 0.529955), (0.279463, 0.564802), (0.428676, 0.402507), (0.21574, 0.575292), (0.193851, 0.146644), (0.476103, 0.23755902), (0.551378, 0.22345102), (0.409948, 0.30580497), (0.564998, 0.814153), (0.929336, 0.583612), (0.135479, 0.310507), (0.33297, 0.14688498), (0.166732, 0.554794), (0.471725, 0.902053), (0.521827, 0.670185), (0.915229, 0.524771), (0.825969, 0.680917), (0.632004, 0.769902), (0.604764, 0.24418998), (0.481818, 0.446396), (0.318134, 0.07357502), (0.659001, 0.632686), (0.62337, 0.884087), (0.37383, 0.08503002), (0.928728, 0.541531), (0.962048, 0.611585), (0.451416, 0.856475), (0.472941, 0.855993), (0.436702, 0.614238), (0.958157, 0.662468), (0.346104, 0.07755399), (0.230698, 0.23213303), (0.921066, 0.905791), (0.456889, 0.736261), (0.385626, 0.501861), (0.926904, 0.705273), (0.743275, 0.956553), (0.837887, 0.51838), (0.107995, 0.42662203), (0.489601, 0.49113), (0.384775, 0.23044503), (0.241764, 0.582527), (0.025788, 0.286995), (0.537636, 0.88674), (0.592968, 0.847191), (0.463212, 0.840921), (0.415055, 0.370916), (0.857222, 0.692251), (0.543717, 0.857319), (0.001953, 0.351744), (0.420528, 0.804748), (0.652921, 0.90555), (0.894313, 0.719742), (0.56062, 0.457851), (0.68308, 0.772916), (0.101915, 0.20560598), (0.719562, 0.608571), (0.626775, 0.712869), (0.68162, 0.684654), (0.244804, 0.523565), (0.065919, 0.499691), (0.651097, 0.667894), (0.585428, 0.762185), (0.537636, 0.648843), (0.790581, 0.537552), (0.135235, 0.39671898), (0.332848, 0.572881), (0.217199, 0.28470397), (0.569862, 0.876973), (0.979438, 0.690563), (0.487047, 0.860937), (0.340753, 0.11095399), (0.80566, 0.775207), (0.45324, 0.875526), (0.79654, 0.872874), (0.015087, 0.455801), (0.301717, 0.425416), (0.224739, 0.25914204), (0.933592, 0.800166), (0.322512, 0.43180704), (0.492885, 0.10661298), (0.183514, 0.09443498), (0.55831, 0.751936), (0.573511, 0.612309), (0.59236, 0.596755), (0.329808, 0.520792), (0.488993, 0.534899), (0.8419, 0.85129), (0.619965, 0.864674), (0.371398, 0.19161898), (0.007061, 0.421678), (0.02141, 0.31738), (0.815754, 0.537913), (0.395963, 0.477143), (0.450322, 0.839715), (0.147518, 0.38104403), (0.525962, 0.25226903), (0.504437, 0.846226), (0.159071, 0.24937499), (0.267059, 0.267582), (0.064946, 0.39274), (0.290772, 0.072128), (0.797877, 0.561908), (0.518544, 0.857922), (0.157368, 0.317259), (0.895529, 0.927615), (0.75045, 0.41794002), (0.626045, 0.903982), (0.993423, 0.658972), (0.55454, 0.927133), (0.4305, 0.783406), (0.194094, 0.43663), (0.3534, 0.41082597), (0.219388, 0.017145991), (0.829009, 0.582888), (0.440107, 0.808124), (0.507478, 0.37224197), (0.762246, 0.594705), (0.46151, 0.43904102), (0.316188, 0.10697502), (0.644651, 0.704067), (0.953049, 0.812947), (0.811619, 0.51416), (0.384167, 0.390449), (0.4063, 0.396357), (0.670797, 0.750971), (0.241034, 0.34668), (0.414569, 0.20488298), (0.577402, 0.23647296), (0.702415, 0.90133), (0.317404, 0.545751), (0.524381, 0.835254), (0.417852, 0.547439), (0.403868, 0.855269), (0.495195, 0.716487), (0.70886, 0.930147), (0.091092, 0.44169402), (0.334673, 0.24925399), (0.382343, 0.33003998), (0.702658, 0.820061), (0.532286, 0.899883), (0.321539, 0.30930102), (0.614736, 0.686463), (0.520976, 0.213202), (0.727831, 0.723118), (0.709468, 0.513316), (0.382829, 0.636424), (0.128912, 0.366575), (0.342699, 0.21814597), (0.782676, 0.910614), (0.393409, 0.364766), (0.395841, 0.814756), (0.566701, 0.685619), (0.871694, 0.765199), (0.856614, 0.644864), (0.568282, 0.770987), (0.809795, 0.488598), (0.4986, 0.815118), (0.840319, 0.961738), (0.700956, 0.675732), (0.515747, 0.86576), (0.352427, 0.644382), (0.595035, 0.783647), (0.252222, 0.23478502), (0.566822, 0.24949598), (0.1598, 0.44507003), (0.388788, 0.126508), (0.69901, 0.616529), (0.220604, 0.47907197), (0.250763, 0.32208204), (0.209052, 0.36139), (0.570957, 0.16846901), (0.483642, 0.904947), (0.004264, 0.31810296), (0.694511, 0.708408), (0.784987, 0.698159), (0.130006, 0.26722002), (0.729291, 0.573966), (0.419069, 0.8197), (0.105198, 0.547318), (0.450079, 0.40805304), (0.092673, 0.36970997), (0.86768, 0.800528), (0.574605, 0.533693), (0.876558, 0.683449), (0.868775, 0.619182), (0.734763, 0.510904), (0.254898, 0.649808), (0.204674, 0.538637), (0.392436, 0.549006), (0.500668, 0.908444), (0.495317, 0.25299203), (0.946118, 0.574448), (0.546635, 0.814394), (0.095226, 0.16979504), (0.923499, 0.624366), (0.591995, 0.730353), (0.107022, 0.46255302), (0.488264, 0.21296102), (0.038071, 0.31364202), (0.132682, 0.12072003), (0.626532, 0.924118), (0.306581, 0.515848), (0.166124, 0.39418697), (0.191054, 0.201989), (0.362399, 0.32256496), (0.899785, 0.490045), (0.675905, 0.718295), (0.753855, 0.773037), (0.319593, 0.648482), (0.268639, 0.589279), (0.978709, 0.720948), (0.690376, 0.741084), (0.040138, 0.374412), (0.108482, 0.263965), (0.593576, 0.931835), (0.588225, 0.441211), (0.07504, 0.18317902), (0.451903, 0.041261017), (0.291745, 0.393102), (0.909149, 0.648602), (0.467347, 0.556844), (0.986492, 0.629792), (0.123804, 0.20464098), (0.644043, 0.861781), (0.407151, 0.45206296), (0.087444, 0.261674), (0.660582, 0.524047), (0.871329, 0.560823), (0.162719, 0.479434), (0.417488, 0.48196602), (0.535204, 0.612188), (0.355224, 0.15195), (0.352792, 0.3509), (0.481697, 0.17232698), (0.405935, 0.777498), (0.777204, 0.820664), (0.722845, 0.756759), (0.209052, 0.30845702), (0.408489, 0.504876), (0.24067, 0.14001298), (0.819889, 0.863107), (0.651097, 0.977775), (0.375411, 0.41577), (0.512828, 0.433374), (0.002561, 0.386711), (0.798364, 0.720586), (0.130006, 0.06947601), (0.584091, 0.809571), (0.504924, 0.291938), (0.387207, 0.015819013), (0.202971, 0.25552404), (0.085498, 0.34499204), (0.083674, 0.20500302), (0.8858, 0.701897), (0.6967, 0.875285), (0.46455, 0.829828), (0.25125, 0.008222997), (0.145815, 0.086355984), (0.92362, 0.568178), (0.901487, 0.768937), (0.248331, 0.433495), (0.327376, 0.18064702), (0.859898, 0.743254), (0.490817, 0.339445), (0.612547, 0.58325), (0.97652, 0.822352), (0.086349, 0.18848401), (0.180838, 0.25226903), (0.490939, 0.794861), (0.238116, 0.401421), (0.493249, 0.580356), (0.433418, 0.587832), (0.126723, 0.327267), (0.62033, 0.649687), (0.830468, 0.731679), (0.13706, 0.24636102), (0.148612, 0.335707), (0.352792, 0.523806), (0.120399, 0.10613102), (0.917905, 0.824643), (0.467104, 0.08708), (0.188135, 0.030771017), (0.895407, 0.885655)] (
                    interpolation = "faceVarying"
                )
                texCoord2f[] primvars:st1 = [(0.596008, 0.864916), (0.29892, 0.484016), (0.620816, 0.746389), (0.436094, 0.213323), (0.755923, 0.48172498), (0.783893, 0.590002), (0.009371, 0.286633), (0.922404, 0.685016), (0.037219, 0.34414804), (0.349874, 0.18583202), (0.084647, 0.52453), (0.574362, 0.28120697), (0.259276, 0.172086), (0.762368, 0.650773), (0.370547, 0.292903), (0.765408, 0.538275), (0.241399, 0.48956203), (0.758355, 0.919054), (0.439985, 0.865277), (0.349752, 0.28591), (0.622762, 0.798961), (0.354008, 0.596513), (0.227779, 0.54768), (0.866708, 0.664518), (0.493371, 0.776292), (0.615465, 0.545871), (0.264018, 0.13904798), (0.43281, 0.855631), (0.422595, 0.839474), (0.873153, 0.46942604), (0.501276, 0.802216), (0.576794, 0.79052), (0.431716, 0.508493), (0.4789, 0.87637), (0.390855, 0.29953504), (0.439864, 0.837062), (0.463091, 0.35572302), (0.570835, 0.648843), (0.519152, 0.634615), (0.540555, 0.878299), (0.61887, 0.42939496), (0.292353, 0.33305502), (0.410799, 0.626778), (0.171231, 0.17715001), (0.232157, 0.612309), (0.507478, 0.835736), (0.583969, 0.671994), (0.854547, 0.777619), (0.941497, 0.684654), (0.925931, 0.728062), (0.464307, 0.878299), (0.651461, 0.42204), (0.755801, 0.829828), (0.069932, 0.327749), (0.797269, 0.940999), (0.786081, 0.7863), (0.320323, 0.622678), (0.470995, 0.878179), (0.353279, 0.4681), (0.713725, 0.699244), (0.350968, 0.620146), (0.572538, 0.574327), (0.72394, 0.812947), (0.974452, 0.752418), (0.597103, 0.882037), (0.306216, 0.570107), (0.662649, 0.782924), (0.638814, 0.738552), (0.848831, 0.721671), (0.953901, 0.592052), (0.197134, 0.38381696), (0.887989, 0.751212), (0.887381, 0.656319), (0.475981, 0.13048697), (0.781582, 0.982959), (0.565849, 0.21030802), (0.549067, 0.800769), (0.687701, 0.587591), (0.290286, 0.450616), (0.476346, 0.303634), (0.428676, 0.45821297), (0.648178, 0.602783), (0.528151, 0.28217196), (0.022262, 0.235268), (0.098996, 0.22357202), (0.456402, 0.22417498), (0.806025, 0.586385), (0.469171, 0.829225), (0.469536, 0.566731), (0.407637, 0.608812), (0.892002, 0.521395), (0.472576, 0.542375), (0.162354, 0.515607), (0.376384, 0.526097), (0.685025, 0.986336), (0.651705, 0.81343), (0.438161, 0.566972), (0.328835, 0.27976), (0.901974, 0.575171), (0.224131, 0.646432), (0.096564, 0.130005), (0.91073, 0.709373), (0.741816, 0.748319), (0.169164, 0.20222998), (0.597346, 0.898556), (0.847007, 0.917728), (0.717859, 0.544183), (0.037827, 0.444588), (0.470995, 0.831395), (0.401557, 0.16557503), (0.609385, 0.621593), (0.140343, 0.42939496), (0.897961, 0.561064), (0.8374, 0.701294), (0.437067, 0.14423299), (0.241034, 0.10926598), (0.291502, 0.10613102), (0.362764, 0.38478196), (0.7451, 0.80523), (0.678702, 0.624849), (0.229117, 0.36983), (0.152382, 0.58325), (0.660339, 0.835374), (0.930673, 0.761944), (0.515747, 0.129161), (0.341969, 0.49486804), (0.514044, 0.8115), (0.877409, 0.73192), (0.544811, 0.274817), (0.123683, 0.16762501), (0.648543, 0.883243), (0.269612, 0.44217598), (0.496898, 0.82609), (0.202363, 0.502826), (0.937362, 0.8408), (0.456159, 0.850929), (0.457862, 0.764235), (0.521827, 0.703344), (0.682715, 0.930871), (0.113346, 0.30496097), (0.583118, 0.19788897), (0.137424, 0.6146), (0.609993, 0.825367), (0.480724, 0.51621), (0.811619, 0.742169), (0.596495, 0.915437), (0.750572, 0.987903), (0.423325, 0.603145), (0.379789, 0.05078602), (0.473914, 0.837424), (0.087079, 0.48088098), (0.751423, 0.626537), (0.591144, 0.25745404), (0.846399, 0.672597), (0.821713, 0.560823), (0.518422, 0.795705), (0.531313, 0.806677), (0.511612, 0.552503), (0.268153, 0.533452), (0.484494, 0.711061), (0.438039, 0.739275), (0.032234, 0.260709), (0.092794, 0.30291104), (0.173907, 0.27554), (0.478535, 0.849241), (0.266572, 0.10661298), (0.74668, 0.714678), (0.18546, 0.40552104), (0.408489, 0.588435), (0.19458, 0.638836), (0.530583, 0.748921), (0.12198, 0.286874), (0.684904, 0.41685498), (0.566214, 0.902174), (0.632369, 0.46448302), (0.271558, 0.327991), (0.46005, 0.846467), (0.296731, 0.595187), (0.372858, 0.357893), (0.553202, 0.665603), (0.537758, 0.791485), (0.380154, 0.615203), (0.027856, 0.41432297), (0.193851, 0.174739), (0.952563, 0.638474), (0.141802, 0.13808298), (0.426608, 0.24358702), (0.917905, 0.866121), (0.8177, 0.799202), (0.476832, 0.677058), (0.628964, 0.611465), (0.867316, 0.487633), (0.836792, 0.49607396), (0.455186, 0.515125), (0.493128, 0.684534), (0.718224, 0.41540802), (0.482791, 0.790038), (0.027734, 0.48799503), (0.409097, 0.061034977), (0.321174, 0.211635), (0.039044, 0.2378), (0.4986, 0.621714), (0.356197, 0.25600696), (0.771002, 0.949681), (0.105928, 0.392258), (0.673108, 0.879988), (0.47744, 0.610018), (0.484494, 0.799925), (0.714454, 0.959206), (0.867559, 0.542978), (0.621303, 0.50584), (0.076499, 0.41854298), (0.483156, 0.770746), (0.962413, 0.852255), (0.774164, 0.56444), (0.615587, 0.845021), (0.483886, 0.841283), (0.721143, 0.666568), (0.263532, 0.074781), (0.740843, 0.540566), (0.104347, 0.502826), (0.505897, 0.785094), (0.580199, 0.707443), (0.182784, 0.528629), (0.554905, 0.13832498), (0.046097, 0.21693999), (0.772583, 0.620146), (0.108239, 0.13953), (0.165759, 0.29700303), (0.515747, 0.76544), (0.532529, 0.572398), (0.260005, 0.617494), (0.718346, 0.989591), (0.444485, 0.846709), (0.426487, 0.10323703), (0.331997, 0.46363902), (0.46528, 0.640765), (0.238602, 0.29000902), (0.10532, 0.32244396), (0.204917, 0.605677), (0.440593, 0.433856), (0.364953, 0.11794698), (0.258789, 0.041381), (0.84117, 0.539843), (0.055096, 0.30821598), (0.492641, 0.848517), (0.559404, 0.79679), (0.458834, 0.824643), (0.849318, 0.813912), (0.111522, 0.59579), (0.502127, 0.191257), (0.36471, 0.44169402), (0.436094, 0.37682402), (0.28761, 0.140495), (0.448741, 0.820061), (0.491182, 0.746028), (0.563296, 0.720345), (0.690376, 0.85117), (0.881909, 0.530076), (0.186919, 0.228033), (0.420893, 0.879023), (0.46455, 0.814635), (0.212821, 0.20235002), (0.217321, 0.392619), (0.086714, 0.573122), (0.143991, 0.29169703), (0.079782, 0.28217196), (0.312905, 0.337878), (0.470022, 0.47473204), (0.064095, 0.14990002), (0.657055, 0.728906), (0.793864, 0.667653), (0.074067, 0.24081397), (0.220118, 0.338722), (0.86841, 0.946545), (0.463212, 0.864313), (0.019951, 0.349694), (0.534596, 0.478711), (0.514409, 0.35114098), (0.855276, 0.877214), (0.15372, 0.412273), (0.751302, 0.450858), (0.405935, 0.236112), (0.482913, 0.060190976), (0.75118, 0.568419), (0.885435, 0.785577), (0.783163, 0.644503), (0.421622, 0.756277), (0.484494, 0.741928), (0.178163, 0.59579), (0.488507, 0.816806), (0.063608, 0.546715), (0.681863, 0.827658), (0.433175, 0.827658), (0.446552, 0.184143), (0.199566, 0.33124602), (0.477197, 0.789917), (0.551743, 0.780392), (0.182298, 0.492095), (0.64684, 0.49535), (0.534475, 0.717933), (0.049137, 0.260589), (0.695848, 0.548886), (0.411164, 0.867086), (0.236049, 0.45640397), (0.151774, 0.271079), (0.871937, 0.902897), (0.782676, 0.48425698), (0.546027, 0.830672), (0.454092, 0.833445), (0.438526, 0.07273102), (0.733912, 0.925686), (0.236535, 0.07876003), (0.377479, 0.26203597), (0.490817, 0.883123), (0.609507, 0.72131), (0.320323, 0.49052703), (0.742059, 0.862866), (0.214889, 0.446396), (0.568038, 0.831998), (0.546392, 0.734211), (0.449227, 0.530558), (0.655353, 0.953418), (0.099726, 0.339204), (0.903798, 0.73602), (0.535447, 0.36802197), (0.507234, 0.889151), (0.119183, 0.357773), (0.118332, 0.34161603), (0.067743, 0.260709), (0.142897, 0.22501898), (0.542136, 0.869256), (0.672256, 0.804748), (0.69293, 0.796428), (0.709347, 0.732161), (0.787662, 0.846226), (0.831198, 0.889754), (0.462483, 0.498003), (0.148369, 0.180888), (0.997436, 0.690563), (0.280435, 0.41781998), (0.486318, 0.649085), (0.860384, 0.599769), (0.495438, 0.83863), (0.864519, 0.506684), (0.378451, 0.15822), (0.252709, 0.556603), (0.223036, 0.513075), (0.733912, 0.781356), (0.453119, 0.785215), (0.896015, 0.674405), (0.688673, 0.651496), (0.421987, 0.34318304), (0.262316, 0.500173), (0.353765, 0.0061730146), (0.454335, 0.600734), (0.7648, 0.855028), (0.538609, 0.23743796), (0.082579, 0.122408986), (0.960711, 0.68791), (0.27776, 0.47569597), (0.510518, 0.824884), (0.500546, 0.855511), (0.057163, 0.364766), (0.063608, 0.177391), (0.91681, 0.784974), (0.943199, 0.70877), (0.846642, 0.624969), (0.469414, 0.32931697), (0.921674, 0.511507), (0.042692, 0.285307), (0.282624, 0.360426), (0.998044, 0.723721), (0.418217, 0.274334), (0.91681, 0.666086), (0.603426, 0.804869), (0.273017, 0.23659402), (0.281287, 0.17304999), (0.877044, 0.578306), (0.667635, 0.594946), (0.42746, 0.847432), (0.363615, 0.49848497), (0.753126, 0.682243), (0.424906, 0.793414), (0.877896, 0.638112), (0.663014, 0.694421), (0.189229, 0.35319102), (0.684782, 0.517416), (0.072729, 0.303514), (0.255749, 0.20391798), (0.792648, 0.7529), (0.725886, 0.896506), (0.471725, 0.412997), (0.123804, 0.48281002), (0.215983, 0.11372697), (0.179744, 0.457972), (0.277274, 0.20476198), (0.299163, 0.20669103), (0.424298, 0.17389399), (0.541893, 0.764235), (0.502735, 0.754106), (0.50164, 0.458695), (0.55527, 0.629431), (0.396936, 0.42119598), (0.479508, 0.387555), (0.557458, 0.262397), (0.519882, 0.40986204), (0.11821, 0.379838), (0.597103, 0.696109), (0.411286, 0.83031), (0.506383, 0.724083), (0.703023, 0.764476), (0.44412, 0.547801), (0.883125, 0.822352), (0.673594, 0.48727202), (0.553202, 0.592173), (0.602818, 0.754106), (0.773434, 0.763511), (0.342212, 0.37839103), (0.722359, 0.44965196), (0.14691, 0.20307398), (0.434999, 0.704911), (0.461875, 0.794379), (0.471238, 0.824643), (0.844818, 0.45109904), (0.471603, 0.706599), (0.452511, 0.896989), (0.359602, 0.573363), (0.570349, 0.862745), (0.165516, 0.628466), (0.215862, 0.172809), (0.797634, 0.810053), (0.639544, 0.640644), (0.385991, 0.571072), (0.397058, 0.832481), (0.995004, 0.757362), (0.914864, 0.607365), (0.507842, 0.692733), (0.3821, 0.593137), (0.311081, 0.45809197), (0.618506, 0.964632), (0.669216, 0.659575), (0.102523, 0.18944901), (0.814295, 0.43638802), (0.261829, 0.35403502), (0.852723, 0.580477), (0.709955, 0.642573), (0.809795, 0.46255302), (0.472211, 0.7904), (0.367142, 0.549609), (0.322512, 0.37224197), (0.259276, 0.40998197), (0.511977, 0.875285), (0.525232, 0.914231), (0.536907, 0.684293), (0.527543, 0.389605), (0.943807, 0.618338), (0.805296, 0.689719), (0.103131, 0.359823), (0.835576, 0.652581), (0.552351, 0.18197298), (0.988072, 0.790761), (0.125264, 0.18559003), (0.877774, 0.86166), (0.206011, 0.414685), (0.300866, 0.30471897), (0.342212, 0.31545103), (0.402287, 0.337034), (0.518057, 0.17220598), (0.765773, 0.706599), (0.039773, 0.19342798), (0.793621, 0.61472), (0.259397, 0.295435), (0.144356, 0.540204), (0.33297, 0.343907), (0.90392, 0.69213), (0.637598, 0.534055), (0.325309, 0.597237), (0.55527, 0.30737197), (0.280071, 0.30037904), (0.730263, 0.634133), (0.815024, 0.609536), (0.712144, 0.844176), (0.806998, 0.900606), (0.529367, 0.30411696), (0.946847, 0.773157), (0.319107, 0.038848996), (0.293447, 0.23900598), (0.760422, 0.739758), (0.589077, 0.828743), (0.467712, 0.766043), (0.521219, 0.846829), (0.613398, 0.777016), (0.899055, 0.844056), (0.217199, 0.14254498), (0.195431, 0.27976), (0.919242, 0.553709), (0.510761, 0.505237), (0.170623, 0.15206999), (0.286759, 0.650531), (0.804079, 0.638233), (0.485345, 0.363199), (0.123318, 0.523083), (0.053515, 0.335949), (0.437431, 0.282533), (0.443269, 0.63558), (0.343428, 0.43699098), (0.965453, 0.783527), (0.437431, 0.772916), (0.451903, 0.11529499), (0.459807, 0.15689301), (0.105077, 0.094917), (0.740722, 0.601095), (0.814781, 0.660298), (0.749478, 0.890236), (0.191054, 0.11987603), (0.589685, 0.634013), (0.418582, 0.427104), (0.27095, 0.385988), (0.302933, 0.36609304), (0.949523, 0.546957), (0.172691, 0.06995797), (0.42904, 0.31279802), (0.765895, 0.796549), (0.467225, 0.820905), (0.632491, 0.67742), (0.047678, 0.404074), (0.624343, 0.944857), (0.39803, 0.267582), (0.120643, 0.22429502), (0.200782, 0.057780027), (0.399611, 0.844779), (0.782312, 0.425416), (0.593211, 0.22345102), (0.514166, 0.27059603), (0.125507, 0.446396), (0.473184, 0.767852), (0.469901, 0.737587), (0.825239, 0.63148), (0.89188, 0.613394), (0.094254, 0.24226099), (0.630788, 0.820302), (0.489601, 0.806074), (0.476103, 0.531161), (0.178771, 0.32425296), (0.522192, 0.326905), (0.468806, 0.860937), (0.678094, 0.904706), (0.050475, 0.172809), (0.579834, 0.48883903), (0.71336, 0.788832), (0.425027, 0.527906), (0.060447, 0.282654), (0.82451, 0.764114), (0.817578, 0.710699), (0.863059, 0.837786), (0.654258, 0.563476), (0.976276, 0.661745), (0.446066, 0.799925), (0.109211, 0.174739), (0.461145, 0.57481), (0.936024, 0.600131), (0.100334, 0.283257), (0.91304, 0.725289), (0.157976, 0.048494995), (0.20893, 0.22996199), (0.392315, 0.795343), (0.173299, 0.42577803), (0.597467, 0.518862), (0.741573, 0.658248), (0.055947, 0.239488), (0.200174, 0.46882296), (0.400219, 0.526941), (0.492885, 0.41974902), (0.43585, 0.816444), (0.054123, 0.197407), (0.068229, 0.20162702), (0.811254, 0.973916), (0.910365, 0.538757), (0.809065, 0.835736), (0.308162, 0.274817), (0.076985, 0.15496397), (0.838859, 0.473526), (0.158949, 0.36356103), (0.143748, 0.46448302), (0.087322, 0.16195703), (0.915837, 0.75073), (0.07127, 0.457489), (0.533015, 0.527544), (0.496654, 0.868292), (0.062149, 0.22007501), (0.400584, 0.09346998), (0.442539, 0.349212), (0.311932, 0.39949203), (0.43962, 0.488236), (0.147153, 0.15870202), (0.728804, 0.481243), (0.446795, 0.25299203), (0.505045, 0.658731), (0.470874, 0.838751), (0.457983, 0.672115), (0.642462, 0.791726), (0.535934, 0.154482), (0.701078, 0.48244798), (0.015452, 0.25902104), (0.234468, 0.20307398), (0.837157, 0.604351), (0.456889, 0.29242098), (0.463091, 0.900003), (0.044029, 0.517777), (0.456037, 0.864795), (0.115413, 0.24418998), (0.514409, 0.596152), (0.501884, 0.393584), (0.593454, 0.558894), (0.864883, 0.525253), (0.63322, 0.572398), (0.978101, 0.604833), (0.342456, 0.548765), (0.392923, 0.19776899), (0.292475, 0.540687), (0.511004, 0.08297998), (0.18777, 0.30279), (0.465888, 0.26444697), (0.867194, 0.712025), (0.452146, 0.59591), (0.970196, 0.634495), (0.319107, 0.0019530058), (0.158098, 0.10601002), (0.733425, 0.690322), (0.655353, 0.929062), (0.453848, 0.810174), (0.894313, 0.505599), (0.079661, 0.380803), (0.546392, 0.339445), (0.535326, 0.109025), (0.4547, 0.703826), (0.497749, 0.15002), (0.785838, 0.511869), (0.475738, 0.829948), (0.894434, 0.547318), (0.692079, 0.45121896), (0.544568, 0.845262), (0.050596, 0.47292304), (0.229725, 0.048254013), (0.444849, 0.826934), (0.363859, 0.224657), (0.178042, 0.37429202), (0.444849, 0.757724), (0.122223, 0.41155), (0.907568, 0.590846), (0.386234, 0.44687903), (0.582996, 0.26878798), (0.413353, 0.13422501), (0.058379, 0.43180704), (0.661555, 0.455922), (0.022018, 0.382491), (0.437188, 0.890598), (0.28761, 0.271079), (0.772948, 0.882037), (0.41992, 0.027032971), (0.47817, 0.739034), (0.969345, 0.583371), (0.574727, 0.740602), (0.284692, 0.0026770234), (0.484737, 0.827055), (0.436337, 0.670668), (0.685025, 0.958603), (0.527543, 0.778463), (0.550648, 0.701415), (0.448619, 0.32039404), (0.288705, 0.038608015), (0.561593, 0.915557), (0.960103, 0.56444), (0.13937, 0.35234702), (0.249912, 0.37827098), (0.960467, 0.71516), (0.900758, 0.804869), (0.760301, 0.511146), (0.651461, 0.761341), (0.127574, 0.567334), (0.601845, 0.660057), (0.900393, 0.631119), (0.412988, 0.766767), (0.33224, 0.40552104), (0.289434, 0.621352), (0.938213, 0.662348), (0.674567, 0.555397), (0.166367, 0.12807602), (0.313756, 0.24322599), (0.086592, 0.322685), (0.846277, 0.560461), (0.092429, 0.405159), (0.310594, 0.14338899), (0.457618, 0.38225), (0.943929, 0.880952), (0.450322, 0.465447), (0.940037, 0.735296), (0.256965, 0.466412), (0.030531, 0.214046), (0.468077, 0.19716597), (0.528151, 0.821749), (0.142532, 0.500535), (0.842629, 0.753744), (0.480237, 0.803542), (0.079417, 0.22236598), (0.773191, 0.674767), (0.304271, 0.17606497), (0.822321, 0.930629), (0.829617, 0.825246), (0.23009, 0.31520998), (0.164665, 0.226224), (0.226928, 0.42421), (0.498235, 0.31533003), (0.412623, 0.567696), (0.708131, 0.580597), (0.349387, 0.043672025), (0.605372, 0.475334), (0.780609, 0.45471597), (0.719562, 0.869739), (0.518301, 0.735055), (0.555878, 0.506323), (0.932011, 0.642694), (0.569619, 0.847794), (0.956211, 0.744098), (0.48498, 0.27783096), (0.779271, 0.730353), (0.536055, 0.19692498), (0.568525, 0.889634), (0.733912, 0.837183), (0.20966, 0.08503002), (0.586888, 0.947992), (0.24602, 0.263241), (0.190689, 0.566731), (0.638206, 0.841162), (0.474157, 0.8115), (0.169286, 0.34463), (0.283962, 0.508975), (0.237629, 0.17184502), (0.071999, 0.354276), (0.552594, 0.551177), (0.938335, 0.557688), (0.117724, 0.15146697), (0.836306, 0.78847), (0.477684, 0.768937), (0.374438, 0.47244096), (0.667757, 0.857199), (0.507234, 0.23153001), (0.883733, 0.59579), (0.937362, 0.529955), (0.279463, 0.564802), (0.428676, 0.402507), (0.21574, 0.575292), (0.193851, 0.146644), (0.476103, 0.23755902), (0.551378, 0.22345102), (0.409948, 0.30580497), (0.564998, 0.814153), (0.929336, 0.583612), (0.135479, 0.310507), (0.33297, 0.14688498), (0.166732, 0.554794), (0.471725, 0.902053), (0.521827, 0.670185), (0.915229, 0.524771), (0.825969, 0.680917), (0.632004, 0.769902), (0.604764, 0.24418998), (0.481818, 0.446396), (0.318134, 0.07357502), (0.659001, 0.632686), (0.62337, 0.884087), (0.37383, 0.08503002), (0.928728, 0.541531), (0.962048, 0.611585), (0.451416, 0.856475), (0.472941, 0.855993), (0.436702, 0.614238), (0.958157, 0.662468), (0.346104, 0.07755399), (0.230698, 0.23213303), (0.921066, 0.905791), (0.456889, 0.736261), (0.385626, 0.501861), (0.926904, 0.705273), (0.743275, 0.956553), (0.837887, 0.51838), (0.107995, 0.42662203), (0.489601, 0.49113), (0.384775, 0.23044503), (0.241764, 0.582527), (0.025788, 0.286995), (0.537636, 0.88674), (0.592968, 0.847191), (0.463212, 0.840921), (0.415055, 0.370916), (0.857222, 0.692251), (0.543717, 0.857319), (0.001953, 0.351744), (0.420528, 0.804748), (0.652921, 0.90555), (0.894313, 0.719742), (0.56062, 0.457851), (0.68308, 0.772916), (0.101915, 0.20560598), (0.719562, 0.608571), (0.626775, 0.712869), (0.68162, 0.684654), (0.244804, 0.523565), (0.065919, 0.499691), (0.651097, 0.667894), (0.585428, 0.762185), (0.537636, 0.648843), (0.790581, 0.537552), (0.135235, 0.39671898), (0.332848, 0.572881), (0.217199, 0.28470397), (0.569862, 0.876973), (0.979438, 0.690563), (0.487047, 0.860937), (0.340753, 0.11095399), (0.80566, 0.775207), (0.45324, 0.875526), (0.79654, 0.872874), (0.015087, 0.455801), (0.301717, 0.425416), (0.224739, 0.25914204), (0.933592, 0.800166), (0.322512, 0.43180704), (0.492885, 0.10661298), (0.183514, 0.09443498), (0.55831, 0.751936), (0.573511, 0.612309), (0.59236, 0.596755), (0.329808, 0.520792), (0.488993, 0.534899), (0.8419, 0.85129), (0.619965, 0.864674), (0.371398, 0.19161898), (0.007061, 0.421678), (0.02141, 0.31738), (0.815754, 0.537913), (0.395963, 0.477143), (0.450322, 0.839715), (0.147518, 0.38104403), (0.525962, 0.25226903), (0.504437, 0.846226), (0.159071, 0.24937499), (0.267059, 0.267582), (0.064946, 0.39274), (0.290772, 0.072128), (0.797877, 0.561908), (0.518544, 0.857922), (0.157368, 0.317259), (0.895529, 0.927615), (0.75045, 0.41794002), (0.626045, 0.903982), (0.993423, 0.658972), (0.55454, 0.927133), (0.4305, 0.783406), (0.194094, 0.43663), (0.3534, 0.41082597), (0.219388, 0.017145991), (0.829009, 0.582888), (0.440107, 0.808124), (0.507478, 0.37224197), (0.762246, 0.594705), (0.46151, 0.43904102), (0.316188, 0.10697502), (0.644651, 0.704067), (0.953049, 0.812947), (0.811619, 0.51416), (0.384167, 0.390449), (0.4063, 0.396357), (0.670797, 0.750971), (0.241034, 0.34668), (0.414569, 0.20488298), (0.577402, 0.23647296), (0.702415, 0.90133), (0.317404, 0.545751), (0.524381, 0.835254), (0.417852, 0.547439), (0.403868, 0.855269), (0.495195, 0.716487), (0.70886, 0.930147), (0.091092, 0.44169402), (0.334673, 0.24925399), (0.382343, 0.33003998), (0.702658, 0.820061), (0.532286, 0.899883), (0.321539, 0.30930102), (0.614736, 0.686463), (0.520976, 0.213202), (0.727831, 0.723118), (0.709468, 0.513316), (0.382829, 0.636424), (0.128912, 0.366575), (0.342699, 0.21814597), (0.782676, 0.910614), (0.393409, 0.364766), (0.395841, 0.814756), (0.566701, 0.685619), (0.871694, 0.765199), (0.856614, 0.644864), (0.568282, 0.770987), (0.809795, 0.488598), (0.4986, 0.815118), (0.840319, 0.961738), (0.700956, 0.675732), (0.515747, 0.86576), (0.352427, 0.644382), (0.595035, 0.783647), (0.252222, 0.23478502), (0.566822, 0.24949598), (0.1598, 0.44507003), (0.388788, 0.126508), (0.69901, 0.616529), (0.220604, 0.47907197), (0.250763, 0.32208204), (0.209052, 0.36139), (0.570957, 0.16846901), (0.483642, 0.904947), (0.004264, 0.31810296), (0.694511, 0.708408), (0.784987, 0.698159), (0.130006, 0.26722002), (0.729291, 0.573966), (0.419069, 0.8197), (0.105198, 0.547318), (0.450079, 0.40805304), (0.092673, 0.36970997), (0.86768, 0.800528), (0.574605, 0.533693), (0.876558, 0.683449), (0.868775, 0.619182), (0.734763, 0.510904), (0.254898, 0.649808), (0.204674, 0.538637), (0.392436, 0.549006), (0.500668, 0.908444), (0.495317, 0.25299203), (0.946118, 0.574448), (0.546635, 0.814394), (0.095226, 0.16979504), (0.923499, 0.624366), (0.591995, 0.730353), (0.107022, 0.46255302), (0.488264, 0.21296102), (0.038071, 0.31364202), (0.132682, 0.12072003), (0.626532, 0.924118), (0.306581, 0.515848), (0.166124, 0.39418697), (0.191054, 0.201989), (0.362399, 0.32256496), (0.899785, 0.490045), (0.675905, 0.718295), (0.753855, 0.773037), (0.319593, 0.648482), (0.268639, 0.589279), (0.978709, 0.720948), (0.690376, 0.741084), (0.040138, 0.374412), (0.108482, 0.263965), (0.593576, 0.931835), (0.588225, 0.441211), (0.07504, 0.18317902), (0.451903, 0.041261017), (0.291745, 0.393102), (0.909149, 0.648602), (0.467347, 0.556844), (0.986492, 0.629792), (0.123804, 0.20464098), (0.644043, 0.861781), (0.407151, 0.45206296), (0.087444, 0.261674), (0.660582, 0.524047), (0.871329, 0.560823), (0.162719, 0.479434), (0.417488, 0.48196602), (0.535204, 0.612188), (0.355224, 0.15195), (0.352792, 0.3509), (0.481697, 0.17232698), (0.405935, 0.777498), (0.777204, 0.820664), (0.722845, 0.756759), (0.209052, 0.30845702), (0.408489, 0.504876), (0.24067, 0.14001298), (0.819889, 0.863107), (0.651097, 0.977775), (0.375411, 0.41577), (0.512828, 0.433374), (0.002561, 0.386711), (0.798364, 0.720586), (0.130006, 0.06947601), (0.584091, 0.809571), (0.504924, 0.291938), (0.387207, 0.015819013), (0.202971, 0.25552404), (0.085498, 0.34499204), (0.083674, 0.20500302), (0.8858, 0.701897), (0.6967, 0.875285), (0.46455, 0.829828), (0.25125, 0.008222997), (0.145815, 0.086355984), (0.92362, 0.568178), (0.901487, 0.768937), (0.248331, 0.433495), (0.327376, 0.18064702), (0.859898, 0.743254), (0.490817, 0.339445), (0.612547, 0.58325), (0.97652, 0.822352), (0.086349, 0.18848401), (0.180838, 0.25226903), (0.490939, 0.794861), (0.238116, 0.401421), (0.493249, 0.580356), (0.433418, 0.587832), (0.126723, 0.327267), (0.62033, 0.649687), (0.830468, 0.731679), (0.13706, 0.24636102), (0.148612, 0.335707), (0.352792, 0.523806), (0.120399, 0.10613102), (0.917905, 0.824643), (0.467104, 0.08708), (0.188135, 0.030771017), (0.895407, 0.885655)] (
                    interpolation = "faceVarying"
                )
                int[] primvars:st1:indices = [297, 76, 180, 76, 156, 180, 180, 156, 155, 155, 156, 701, 701, 156, 308, 308, 156, 942, 156, 76, 942, 155, 668, 180, 668, 297, 180, 297, 668, 399, 399, 668, 170, 170, 668, 229, 668, 155, 229, 229, 155, 221, 155, 30, 221, 30, 24, 221, 221, 24, 229, 30, 155, 126, 155, 701, 126, 126, 701, 361, 361, 701, 880, 701, 308, 880, 880, 308, 642, 642, 308, 319, 308, 942, 319, 319, 942, 757, 942, 76, 757, 757, 76, 246, 76, 297, 246, 297, 31, 246, 246, 31, 757, 31, 997, 757, 757, 997, 319, 997, 489, 319, 319, 489, 793, 793, 489, 142, 142, 489, 375, 489, 997, 375, 375, 997, 31, 30, 126, 361, 793, 723, 319, 319, 723, 642, 642, 723, 797, 723, 428, 797, 797, 428, 331, 331, 428, 817, 817, 428, 0, 0, 428, 793, 428, 723, 793, 331, 491, 797, 797, 491, 642, 642, 491, 880, 880, 491, 361, 361, 491, 45, 45, 491, 846, 491, 852, 846, 846, 852, 362, 362, 852, 909, 909, 852, 331, 852, 491, 331, 45, 846, 132, 132, 846, 343, 846, 362, 343, 45, 132, 361, 132, 906, 361, 361, 906, 30, 906, 542, 30, 30, 542, 1018, 542, 207, 1018, 207, 196, 1018, 196, 212, 1018, 212, 24, 1018, 1018, 24, 30, 207, 542, 290, 542, 906, 290, 906, 132, 290, 290, 132, 665, 132, 343, 665, 665, 343, 245, 343, 362, 245, 245, 362, 819, 819, 362, 589, 589, 362, 452, 362, 909, 452, 452, 909, 39, 909, 331, 39, 39, 331, 728, 331, 817, 728, 665, 245, 216, 245, 819, 216, 728, 792, 39, 39, 792, 452, 792, 889, 452, 452, 889, 326, 889, 939, 326, 939, 314, 326, 326, 314, 452, 314, 589, 452, 728, 173, 792, 792, 173, 889, 173, 672, 889, 889, 672, 858, 858, 672, 731, 672, 964, 731, 731, 964, 527, 527, 964, 145, 964, 672, 145, 672, 173, 145, 145, 173, 728, 858, 453, 889, 889, 453, 939, 731, 527, 440, 440, 527, 991, 527, 322, 991, 322, 667, 991, 991, 667, 94, 667, 208, 94, 94, 208, 232, 208, 785, 232, 232, 785, 146, 146, 785, 74, 785, 203, 74, 203, 54, 74, 74, 54, 577, 54, 708, 577, 577, 708, 907, 907, 708, 274, 708, 105, 274, 105, 306, 274, 274, 306, 854, 306, 1032, 854, 854, 1032, 781, 781, 1032, 695, 1032, 187, 695, 187, 134, 695, 695, 134, 213, 134, 870, 213, 213, 870, 1015, 1015, 870, 461, 870, 507, 461, 507, 63, 461, 461, 63, 435, 63, 960, 435, 435, 960, 372, 960, 818, 372, 372, 818, 339, 339, 818, 857, 818, 557, 857, 557, 626, 857, 857, 626, 971, 626, 774, 971, 971, 774, 617, 617, 774, 662, 774, 69, 662, 69, 941, 662, 662, 941, 673, 941, 741, 673, 673, 741, 520, 520, 741, 749, 741, 773, 749, 773, 764, 749, 749, 764, 369, 764, 632, 369, 369, 632, 955, 632, 191, 955, 955, 191, 29, 29, 191, 424, 191, 582, 424, 582, 447, 424, 424, 447, 443, 447, 718, 443, 443, 718, 532, 532, 718, 855, 718, 281, 855, 281, 419, 855, 855, 419, 195, 419, 641, 195, 195, 641, 172, 641, 655, 172, 172, 655, 51, 51, 655, 40, 655, 174, 40, 174, 717, 40, 40, 717, 965, 717, 549, 965, 965, 549, 802, 802, 549, 277, 549, 721, 277, 721, 588, 277, 277, 588, 497, 588, 157, 497, 497, 157, 835, 835, 157, 88, 157, 1020, 88, 1020, 206, 88, 88, 206, 355, 206, 236, 355, 355, 236, 505, 505, 236, 666, 236, 600, 666, 600, 636, 666, 666, 636, 421, 636, 782, 421, 421, 782, 160, 782, 648, 160, 160, 648, 287, 648, 508, 287, 287, 508, 683, 508, 859, 683, 859, 383, 683, 683, 383, 984, 984, 383, 566, 383, 799, 566, 799, 927, 566, 566, 927, 900, 927, 409, 900, 900, 409, 434, 434, 409, 531, 531, 409, 28, 409, 293, 28, 28, 293, 35, 35, 293, 574, 293, 927, 574, 574, 927, 799, 409, 927, 293, 35, 380, 28, 28, 380, 531, 531, 380, 882, 882, 380, 303, 380, 27, 303, 27, 18, 303, 303, 18, 260, 260, 18, 657, 18, 822, 657, 657, 822, 426, 822, 50, 426, 50, 57, 426, 426, 57, 608, 57, 33, 608, 608, 33, 762, 762, 33, 921, 33, 314, 921, 921, 314, 939, 35, 27, 380, 314, 33, 589, 589, 33, 819, 33, 164, 819, 819, 164, 216, 57, 546, 33, 546, 776, 33, 33, 776, 164, 57, 50, 546, 546, 50, 275, 50, 610, 275, 275, 610, 135, 135, 610, 775, 775, 610, 18, 18, 610, 822, 610, 50, 822, 135, 176, 275, 275, 176, 546, 546, 176, 776, 176, 794, 776, 794, 599, 776, 776, 599, 164, 164, 599, 216, 599, 149, 216, 216, 149, 665, 149, 639, 665, 639, 735, 665, 665, 735, 290, 735, 704, 290, 290, 704, 207, 704, 296, 207, 207, 296, 196, 296, 744, 196, 196, 744, 212, 599, 639, 149, 704, 735, 296, 735, 448, 296, 296, 448, 744, 744, 448, 536, 448, 422, 536, 536, 422, 490, 422, 136, 490, 136, 537, 490, 490, 537, 536, 537, 661, 536, 536, 661, 744, 661, 288, 744, 744, 288, 255, 255, 288, 883, 883, 288, 159, 288, 661, 159, 159, 661, 537, 422, 448, 735, 744, 255, 212, 212, 255, 24, 255, 400, 24, 24, 400, 229, 400, 720, 229, 229, 720, 170, 400, 255, 720, 720, 255, 410, 255, 883, 410, 410, 883, 437, 883, 159, 437, 437, 137, 410, 410, 137, 720, 137, 300, 720, 720, 300, 320, 320, 300, 669, 669, 300, 454, 300, 137, 454, 454, 137, 437, 720, 320, 170, 170, 320, 399, 320, 831, 399, 831, 904, 399, 904, 297, 399, 297, 904, 31, 904, 811, 31, 31, 811, 911, 811, 416, 911, 416, 492, 911, 492, 375, 911, 911, 375, 31, 416, 811, 663, 811, 904, 663, 904, 831, 663, 831, 320, 663, 663, 320, 256, 320, 669, 256, 256, 669, 901, 669, 454, 901, 901, 222, 256, 256, 222, 663, 222, 945, 663, 663, 945, 416, 945, 315, 416, 416, 315, 2, 315, 806, 2, 806, 67, 2, 67, 766, 2, 2, 766, 416, 416, 766, 492, 766, 20, 492, 492, 20, 375, 20, 541, 375, 375, 541, 142, 945, 222, 408, 408, 222, 901, 945, 408, 315, 315, 408, 806, 541, 20, 601, 20, 766, 601, 601, 766, 66, 766, 679, 66, 66, 679, 874, 874, 679, 270, 679, 67, 270, 270, 67, 806, 766, 67, 679, 541, 601, 95, 601, 66, 95, 66, 874, 803, 874, 961, 803, 961, 411, 803, 411, 333, 803, 803, 333, 66, 333, 332, 66, 66, 332, 95, 332, 122, 95, 95, 122, 541, 270, 961, 874, 122, 332, 292, 332, 333, 292, 292, 333, 888, 333, 62, 888, 62, 482, 888, 482, 257, 888, 888, 257, 292, 257, 122, 292, 62, 333, 550, 333, 411, 550, 550, 411, 986, 411, 961, 986, 986, 348, 550, 550, 348, 62, 348, 118, 62, 62, 118, 52, 52, 118, 523, 523, 118, 957, 118, 348, 957, 957, 348, 986, 52, 729, 62, 62, 729, 482, 729, 719, 482, 482, 719, 257, 719, 729, 317, 729, 52, 317, 317, 52, 356, 52, 335, 356, 335, 659, 356, 659, 514, 356, 356, 514, 317, 514, 719, 317, 335, 52, 985, 52, 523, 985, 985, 523, 55, 523, 957, 55, 55, 431, 985, 985, 431, 335, 431, 579, 335, 335, 579, 990, 990, 579, 709, 709, 579, 188, 579, 431, 188, 188, 431, 55, 990, 823, 335, 335, 823, 659, 823, 898, 659, 659, 898, 514, 898, 823, 483, 823, 990, 483, 990, 336, 483, 336, 708, 483, 483, 708, 898, 708, 54, 898, 54, 203, 898, 898, 203, 17, 203, 785, 17, 17, 785, 311, 785, 884, 311, 884, 391, 311, 311, 391, 514, 391, 719, 514, 898, 17, 514, 17, 311, 514, 785, 208, 884, 208, 667, 884, 884, 667, 138, 667, 322, 138, 138, 322, 630, 322, 527, 630, 630, 527, 950, 527, 145, 950, 950, 145, 856, 856, 145, 104, 145, 728, 104, 104, 728, 64, 728, 817, 64, 817, 0, 64, 64, 0, 837, 0, 793, 837, 837, 793, 215, 793, 142, 215, 142, 541, 215, 215, 541, 734, 541, 122, 734, 734, 122, 973, 122, 746, 973, 973, 746, 130, 130, 746, 205, 746, 257, 205, 205, 257, 1004, 257, 719, 1004, 1004, 719, 878, 719, 391, 878, 391, 884, 878, 884, 547, 878, 878, 547, 1004, 1004, 547, 205, 547, 130, 205, 215, 734, 837, 734, 973, 837, 837, 973, 130, 257, 746, 122, 884, 138, 547, 138, 630, 547, 547, 630, 800, 630, 950, 800, 950, 856, 800, 800, 856, 130, 856, 771, 130, 130, 771, 837, 837, 771, 64, 64, 771, 104, 771, 856, 104, 130, 547, 800, 323, 327, 458, 458, 327, 407, 407, 327, 896, 896, 327, 674, 674, 327, 328, 327, 323, 328, 328, 323, 238, 238, 323, 1001, 323, 458, 1001, 1001, 458, 930, 458, 204, 930, 204, 633, 930, 930, 633, 1001, 633, 739, 1001, 739, 53, 1001, 53, 690, 1001, 1001, 690, 238, 690, 139, 238, 139, 1022, 238, 238, 1022, 328, 1022, 1026, 328, 328, 1026, 674, 1026, 583, 674, 674, 583, 896, 583, 844, 896, 896, 844, 407, 844, 814, 407, 814, 204, 407, 407, 204, 458, 633, 363, 739, 814, 844, 280, 280, 844, 952, 844, 583, 952, 952, 583, 647, 647, 583, 386, 386, 583, 736, 583, 1026, 736, 736, 1026, 853, 1026, 1022, 853, 853, 1022, 759, 1022, 139, 759, 139, 265, 759, 265, 228, 759, 759, 228, 853, 228, 544, 853, 853, 544, 736, 544, 295, 736, 736, 295, 386, 295, 273, 386, 273, 919, 386, 386, 919, 647, 919, 70, 647, 70, 167, 647, 647, 167, 952, 167, 567, 952, 952, 567, 280, 567, 111, 280, 280, 111, 814, 111, 649, 814, 814, 649, 204, 649, 692, 204, 204, 692, 633, 692, 211, 633, 633, 211, 849, 211, 526, 849, 526, 962, 849, 849, 962, 363, 962, 503, 363, 363, 503, 739, 739, 503, 53, 503, 388, 53, 53, 388, 690, 388, 162, 690, 690, 162, 139, 162, 562, 139, 562, 171, 139, 139, 171, 265, 171, 305, 265, 265, 305, 228, 633, 849, 363, 388, 562, 162, 544, 987, 295, 295, 987, 273, 649, 787, 692, 692, 787, 211, 305, 171, 925, 171, 562, 925, 925, 562, 963, 562, 975, 963, 975, 540, 963, 540, 611, 963, 963, 611, 1025, 611, 529, 1025, 963, 1025, 925, 1025, 305, 925, 975, 562, 266, 562, 388, 266, 266, 388, 552, 388, 244, 552, 552, 244, 370, 370, 244, 948, 244, 503, 948, 948, 503, 8, 503, 962, 8, 8, 962, 276, 276, 962, 656, 656, 962, 182, 962, 526, 182, 182, 526, 654, 526, 211, 654, 211, 587, 654, 587, 107, 654, 654, 107, 182, 503, 244, 388, 975, 266, 329, 266, 552, 329, 948, 8, 840, 8, 276, 840, 587, 211, 885, 211, 787, 885, 885, 787, 535, 787, 649, 535, 649, 111, 535, 535, 111, 914, 111, 567, 914, 914, 567, 395, 395, 567, 860, 860, 567, 464, 567, 167, 464, 464, 167, 263, 167, 70, 263, 263, 70, 120, 70, 919, 120, 919, 273, 120, 120, 273, 875, 875, 273, 918, 273, 710, 918, 918, 710, 472, 472, 710, 237, 237, 710, 987, 710, 273, 987, 535, 914, 584, 914, 395, 584, 472, 175, 918, 918, 175, 875, 175, 444, 875, 875, 444, 120, 444, 675, 120, 675, 1019, 120, 120, 1019, 263, 263, 1019, 464, 1019, 712, 464, 464, 712, 860, 712, 318, 860, 860, 318, 395, 318, 571, 395, 395, 571, 298, 298, 571, 917, 917, 571, 304, 571, 318, 304, 304, 318, 1010, 318, 712, 1010, 1010, 712, 1019, 298, 978, 395, 395, 978, 584, 978, 393, 584, 584, 393, 535, 393, 946, 535, 535, 946, 885, 885, 946, 587, 946, 150, 587, 587, 150, 809, 809, 150, 220, 220, 150, 393, 150, 946, 393, 809, 643, 587, 587, 643, 107, 643, 824, 107, 107, 824, 182, 824, 643, 197, 643, 809, 197, 197, 809, 609, 609, 809, 291, 809, 10, 291, 291, 10, 928, 928, 10, 502, 10, 220, 502, 220, 393, 502, 502, 393, 702, 393, 978, 702, 978, 298, 702, 702, 298, 92, 298, 223, 92, 223, 473, 92, 473, 502, 92, 92, 502, 702, 809, 220, 10, 291, 928, 264, 223, 298, 133, 298, 917, 133, 917, 16, 133, 133, 16, 347, 16, 353, 347, 353, 808, 347, 808, 937, 347, 937, 223, 347, 347, 223, 133, 353, 16, 698, 16, 917, 698, 917, 304, 698, 304, 1010, 698, 1010, 131, 698, 698, 131, 78, 131, 825, 78, 825, 439, 78, 78, 439, 360, 439, 1, 360, 1, 353, 360, 353, 698, 360, 360, 698, 78, 825, 131, 340, 131, 1010, 340, 340, 1010, 451, 1010, 1019, 451, 451, 1019, 518, 1019, 675, 518, 518, 675, 371, 675, 444, 371, 444, 175, 371, 175, 41, 371, 41, 267, 371, 267, 519, 371, 371, 519, 968, 519, 450, 968, 450, 593, 968, 593, 825, 968, 825, 340, 968, 340, 451, 968, 451, 518, 968, 968, 518, 371, 450, 519, 474, 474, 519, 267, 474, 982, 450, 982, 418, 450, 450, 418, 593, 418, 684, 593, 593, 684, 825, 684, 828, 825, 825, 828, 439, 828, 506, 439, 506, 235, 439, 235, 316, 439, 439, 316, 1, 316, 737, 1, 1, 737, 353, 737, 158, 353, 353, 158, 808, 684, 861, 828, 828, 861, 506, 158, 737, 951, 737, 316, 951, 951, 316, 834, 834, 316, 125, 125, 316, 58, 316, 235, 58, 58, 235, 251, 235, 506, 251, 251, 506, 992, 506, 861, 992, 158, 951, 620, 951, 834, 620, 992, 651, 251, 251, 651, 58, 651, 745, 58, 58, 745, 125, 745, 381, 125, 125, 381, 834, 381, 1027, 834, 834, 1027, 618, 618, 1027, 93, 93, 1027, 783, 1027, 381, 783, 783, 381, 842, 381, 745, 842, 842, 745, 651, 618, 879, 834, 834, 879, 620, 879, 750, 620, 620, 750, 158, 750, 879, 65, 879, 618, 65, 65, 618, 815, 618, 427, 815, 427, 477, 815, 477, 177, 815, 815, 177, 65, 177, 750, 65, 427, 618, 449, 618, 93, 449, 93, 572, 449, 572, 938, 449, 449, 938, 427, 938, 433, 427, 433, 438, 427, 427, 438, 21, 438, 60, 21, 21, 60, 56, 56, 60, 910, 60, 181, 910, 910, 181, 895, 895, 181, 42, 181, 89, 42, 89, 147, 42, 42, 147, 777, 777, 147, 625, 625, 147, 1021, 1021, 147, 168, 147, 89, 168, 168, 89, 438, 89, 181, 438, 438, 181, 60, 427, 21, 477, 21, 56, 477, 477, 56, 177, 438, 714, 168, 168, 714, 1021, 438, 433, 714, 433, 938, 714, 714, 938, 881, 938, 551, 881, 551, 412, 881, 881, 412, 714, 412, 96, 714, 714, 96, 1021, 1021, 96, 625, 625, 96, 560, 560, 96, 970, 96, 412, 970, 970, 412, 91, 412, 321, 91, 91, 321, 193, 193, 321, 551, 321, 412, 551, 551, 938, 572, 91, 193, 543, 193, 337, 543, 543, 337, 143, 143, 337, 788, 337, 268, 788, 788, 268, 401, 268, 768, 401, 401, 768, 993, 768, 573, 993, 573, 613, 993, 993, 613, 406, 406, 613, 455, 613, 865, 455, 865, 278, 455, 455, 278, 325, 278, 545, 325, 325, 545, 634, 634, 545, 478, 478, 545, 484, 484, 545, 713, 545, 278, 713, 713, 278, 1013, 1013, 278, 501, 278, 865, 501, 865, 613, 501, 501, 613, 404, 404, 613, 392, 613, 573, 392, 392, 573, 867, 573, 768, 867, 867, 768, 696, 768, 268, 696, 696, 268, 337, 392, 867, 240, 240, 867, 696, 240, 929, 392, 392, 929, 404, 929, 694, 404, 404, 694, 501, 694, 36, 501, 36, 368, 501, 501, 368, 1013, 1013, 368, 713, 368, 79, 713, 79, 725, 713, 725, 998, 713, 713, 998, 484, 998, 82, 484, 484, 82, 478, 82, 128, 478, 128, 405, 478, 478, 405, 11, 11, 405, 652, 652, 405, 913, 913, 405, 357, 405, 128, 357, 357, 128, 845, 128, 82, 845, 845, 82, 534, 82, 998, 534, 534, 998, 940, 998, 725, 940, 534, 940, 845, 940, 747, 845, 845, 747, 357, 357, 747, 892, 747, 947, 892, 947, 250, 892, 250, 727, 892, 892, 727, 357, 727, 755, 357, 357, 755, 913, 755, 877, 913, 913, 877, 652, 652, 877, 152, 152, 877, 767, 767, 877, 533, 533, 877, 140, 140, 877, 75, 877, 755, 75, 755, 727, 75, 727, 460, 75, 75, 460, 140, 140, 460, 920, 460, 602, 920, 920, 602, 224, 224, 602, 635, 602, 124, 635, 124, 829, 635, 635, 829, 621, 829, 1030, 621, 621, 1030, 283, 283, 1030, 967, 1030, 310, 967, 310, 198, 967, 967, 198, 660, 198, 148, 660, 660, 148, 999, 999, 148, 354, 148, 716, 354, 716, 486, 354, 354, 486, 627, 486, 671, 627, 627, 671, 664, 671, 242, 664, 664, 242, 1006, 1006, 242, 862, 242, 644, 862, 644, 530, 862, 862, 530, 1031, 530, 521, 1031, 1031, 521, 564, 564, 521, 996, 521, 1007, 996, 1007, 1028, 996, 996, 1028, 511, 511, 1028, 358, 1028, 100, 358, 358, 100, 269, 100, 581, 269, 269, 581, 548, 581, 364, 548, 364, 575, 548, 548, 575, 470, 575, 225, 470, 470, 225, 699, 699, 225, 83, 225, 200, 83, 200, 161, 83, 83, 161, 604, 161, 791, 604, 604, 791, 6, 6, 791, 922, 791, 840, 922, 840, 276, 922, 922, 276, 798, 276, 656, 798, 798, 656, 994, 656, 182, 994, 994, 182, 839, 182, 824, 839, 947, 747, 940, 727, 602, 460, 840, 791, 948, 948, 791, 370, 791, 301, 370, 370, 301, 552, 301, 329, 552, 791, 161, 301, 161, 200, 301, 301, 200, 570, 200, 225, 570, 694, 929, 751, 929, 240, 751, 751, 252, 694, 252, 36, 694, 570, 272, 301, 301, 272, 329, 329, 272, 975, 975, 272, 540, 272, 84, 540, 540, 84, 611, 611, 84, 529, 84, 972, 529, 529, 972, 330, 972, 420, 330, 420, 711, 330, 330, 711, 1025, 711, 847, 1025, 1025, 847, 305, 847, 1017, 305, 305, 1017, 163, 1017, 495, 163, 163, 495, 228, 495, 622, 228, 228, 622, 544, 544, 622, 987, 622, 495, 987, 495, 816, 987, 987, 816, 237, 816, 732, 237, 237, 732, 472, 1025, 529, 330, 1017, 847, 711, 305, 163, 228, 732, 816, 826, 816, 495, 826, 826, 495, 1000, 495, 1017, 1000, 1000, 1017, 565, 1017, 259, 565, 565, 259, 953, 259, 711, 953, 953, 711, 103, 711, 420, 103, 103, 420, 338, 420, 972, 338, 1017, 711, 259, 1000, 780, 826, 826, 780, 732, 780, 1000, 565, 338, 43, 103, 43, 953, 103, 43, 338, 595, 595, 338, 462, 338, 972, 462, 462, 972, 442, 442, 972, 804, 972, 84, 804, 804, 84, 705, 84, 272, 705, 705, 272, 590, 272, 570, 590, 570, 225, 590, 590, 225, 576, 225, 575, 576, 575, 364, 576, 576, 364, 966, 364, 581, 966, 966, 581, 585, 581, 100, 585, 585, 100, 227, 100, 1028, 227, 227, 1028, 949, 1028, 1007, 949, 949, 1007, 628, 1007, 521, 628, 576, 705, 590, 628, 185, 949, 949, 185, 227, 185, 742, 227, 227, 742, 585, 742, 943, 585, 585, 943, 966, 943, 1016, 966, 966, 1016, 576, 1016, 1002, 576, 576, 1002, 705, 705, 1002, 804, 1002, 1016, 804, 804, 1016, 442, 1016, 559, 442, 442, 559, 462, 559, 129, 462, 462, 129, 595, 129, 185, 595, 595, 185, 498, 498, 185, 688, 185, 628, 688, 688, 628, 830, 628, 521, 830, 1016, 943, 559, 943, 742, 559, 559, 742, 129, 742, 185, 129, 595, 498, 43, 498, 753, 43, 43, 753, 183, 753, 430, 183, 430, 953, 183, 183, 953, 43, 830, 515, 688, 688, 515, 498, 498, 515, 753, 515, 494, 753, 753, 494, 430, 830, 730, 515, 730, 394, 515, 515, 394, 494, 830, 521, 730, 521, 530, 730, 530, 644, 730, 730, 644, 312, 644, 242, 312, 312, 115, 730, 730, 115, 394, 394, 115, 494, 115, 989, 494, 989, 738, 494, 494, 738, 430, 738, 262, 430, 430, 262, 953, 953, 262, 565, 565, 262, 780, 262, 605, 780, 780, 605, 389, 389, 605, 12, 12, 605, 738, 605, 262, 738, 389, 912, 780, 780, 912, 732, 912, 376, 732, 732, 376, 848, 376, 487, 848, 487, 658, 848, 848, 658, 472, 658, 479, 472, 472, 479, 175, 479, 465, 175, 175, 465, 41, 732, 848, 472, 389, 396, 912, 396, 376, 912, 465, 479, 580, 479, 658, 580, 580, 658, 689, 658, 487, 689, 689, 97, 580, 580, 97, 465, 97, 890, 465, 465, 890, 41, 41, 890, 267, 890, 466, 267, 267, 466, 474, 474, 466, 982, 982, 466, 954, 954, 466, 14, 14, 466, 19, 466, 97, 19, 19, 97, 202, 97, 886, 202, 202, 886, 646, 646, 886, 897, 897, 886, 689, 886, 97, 689, 466, 890, 97, 646, 313, 202, 202, 313, 19, 19, 313, 14, 313, 34, 14, 14, 34, 954, 34, 887, 954, 954, 887, 982, 887, 178, 982, 982, 178, 117, 117, 178, 899, 899, 178, 467, 178, 887, 467, 467, 887, 34, 982, 117, 418, 418, 117, 684, 684, 117, 861, 861, 117, 992, 117, 872, 992, 992, 872, 873, 872, 795, 873, 795, 751, 873, 873, 751, 403, 751, 517, 403, 403, 517, 651, 517, 974, 651, 651, 974, 842, 117, 899, 872, 872, 899, 795, 899, 467, 795, 873, 403, 992, 403, 651, 992, 974, 517, 240, 517, 751, 240, 240, 80, 974, 974, 80, 842, 842, 80, 979, 80, 696, 979, 979, 696, 594, 696, 337, 594, 594, 337, 32, 337, 193, 32, 193, 551, 32, 551, 988, 32, 32, 988, 594, 594, 988, 979, 979, 988, 842, 842, 988, 783, 783, 988, 93, 93, 988, 572, 988, 551, 572, 240, 696, 80, 751, 795, 252, 252, 795, 592, 795, 352, 592, 592, 352, 670, 670, 352, 522, 352, 467, 522, 522, 467, 756, 467, 34, 756, 756, 34, 373, 373, 34, 528, 34, 313, 528, 252, 592, 36, 36, 592, 368, 592, 670, 368, 467, 352, 795, 522, 756, 504, 504, 756, 373, 373, 528, 186, 186, 528, 282, 528, 313, 282, 282, 313, 789, 313, 646, 789, 789, 646, 619, 619, 646, 838, 838, 646, 9, 646, 897, 9, 9, 897, 199, 897, 689, 199, 199, 689, 397, 689, 487, 397, 487, 376, 397, 376, 396, 397, 397, 396, 377, 396, 389, 377, 389, 12, 377, 377, 12, 26, 12, 738, 26, 738, 989, 26, 989, 115, 26, 26, 115, 165, 115, 218, 165, 165, 218, 850, 218, 242, 850, 242, 671, 850, 671, 486, 850, 850, 486, 769, 486, 716, 769, 769, 716, 779, 716, 148, 779, 115, 312, 218, 312, 242, 218, 282, 789, 876, 789, 619, 876, 779, 868, 769, 769, 868, 850, 868, 116, 850, 850, 116, 165, 165, 116, 26, 116, 253, 26, 26, 253, 377, 253, 693, 377, 693, 707, 377, 377, 707, 397, 707, 1011, 397, 397, 1011, 199, 199, 1011, 9, 9, 1011, 760, 1011, 707, 760, 707, 693, 760, 760, 693, 868, 693, 253, 868, 868, 253, 116, 760, 868, 820, 868, 779, 820, 820, 779, 772, 779, 148, 772, 772, 241, 820, 820, 241, 760, 241, 981, 760, 760, 981, 9, 981, 345, 9, 9, 345, 838, 345, 981, 915, 981, 241, 915, 915, 241, 591, 241, 772, 591, 772, 148, 591, 148, 198, 591, 198, 310, 591, 591, 310, 234, 310, 1030, 234, 234, 653, 591, 591, 653, 915, 915, 653, 345, 653, 109, 345, 345, 109, 838, 838, 109, 619, 109, 398, 619, 619, 398, 876, 398, 3, 876, 876, 3, 282, 282, 3, 186, 3, 597, 186, 186, 597, 373, 373, 597, 504, 597, 607, 504, 504, 607, 522, 522, 607, 670, 670, 607, 368, 368, 607, 79, 79, 607, 725, 607, 623, 725, 725, 623, 940, 623, 754, 940, 940, 754, 947, 754, 85, 947, 947, 85, 700, 85, 3, 700, 700, 3, 294, 3, 398, 294, 398, 109, 653, 607, 597, 623, 623, 597, 754, 754, 597, 85, 597, 3, 85, 294, 983, 700, 700, 983, 947, 947, 983, 250, 983, 468, 250, 250, 468, 727, 727, 468, 602, 468, 637, 602, 602, 637, 124, 637, 73, 124, 124, 73, 829, 829, 73, 1030, 73, 509, 1030, 1030, 509, 234, 234, 509, 653, 509, 114, 653, 653, 114, 398, 114, 510, 398, 398, 510, 294, 294, 510, 983, 510, 73, 983, 73, 637, 983, 983, 637, 468, 509, 73, 114, 114, 73, 510, 632, 578, 90, 90, 578, 258, 632, 764, 578, 632, 90, 191, 90, 344, 191, 191, 344, 192, 192, 344, 615, 344, 90, 615, 90, 258, 615, 615, 258, 209, 209, 258, 640, 258, 578, 640, 640, 578, 496, 578, 764, 496, 764, 773, 496, 773, 741, 496, 496, 741, 1008, 1008, 741, 758, 741, 941, 758, 941, 69, 758, 758, 69, 561, 69, 774, 561, 561, 774, 456, 456, 774, 184, 774, 626, 184, 626, 557, 184, 184, 557, 778, 557, 818, 778, 778, 818, 359, 359, 818, 676, 818, 960, 676, 960, 63, 676, 676, 63, 724, 63, 485, 724, 724, 485, 123, 485, 827, 123, 123, 827, 365, 365, 827, 1029, 827, 870, 1029, 870, 134, 1029, 134, 187, 1029, 1029, 187, 493, 187, 1032, 493, 493, 1032, 463, 463, 1032, 279, 1032, 306, 279, 306, 105, 279, 279, 105, 336, 105, 708, 336, 191, 192, 582, 63, 507, 485, 507, 870, 485, 485, 870, 827, 336, 990, 279, 279, 990, 836, 990, 709, 836, 836, 709, 248, 709, 188, 248, 248, 188, 743, 743, 188, 553, 188, 821, 553, 553, 821, 144, 144, 821, 390, 821, 55, 390, 390, 55, 417, 55, 957, 417, 417, 957, 488, 488, 957, 102, 957, 986, 102, 55, 821, 188, 836, 555, 279, 279, 555, 463, 248, 555, 836, 390, 417, 726, 417, 488, 726, 488, 102, 166, 166, 102, 893, 102, 986, 893, 893, 986, 334, 986, 961, 334, 334, 961, 923, 961, 956, 923, 923, 956, 807, 807, 956, 385, 956, 270, 385, 385, 270, 869, 270, 806, 869, 869, 806, 525, 806, 891, 525, 525, 891, 1023, 270, 956, 961, 806, 408, 891, 408, 681, 891, 891, 681, 1023, 893, 334, 59, 59, 334, 923, 385, 869, 810, 810, 869, 525, 681, 408, 46, 408, 901, 46, 46, 901, 37, 901, 179, 37, 37, 179, 402, 402, 179, 812, 179, 454, 812, 812, 454, 763, 454, 437, 763, 763, 437, 598, 437, 194, 598, 598, 194, 341, 454, 179, 901, 437, 159, 194, 159, 189, 194, 194, 189, 341, 681, 46, 516, 516, 46, 37, 812, 763, 38, 38, 763, 598, 189, 159, 425, 159, 537, 425, 425, 537, 636, 537, 782, 636, 425, 636, 189, 636, 600, 189, 600, 236, 189, 189, 236, 341, 236, 201, 341, 341, 201, 598, 598, 201, 38, 201, 980, 38, 38, 980, 812, 812, 980, 402, 980, 832, 402, 402, 832, 37, 37, 832, 516, 832, 110, 516, 516, 110, 681, 681, 110, 1023, 110, 432, 1023, 1023, 432, 525, 525, 432, 810, 432, 441, 810, 810, 441, 385, 385, 441, 807, 441, 908, 807, 807, 908, 923, 923, 908, 59, 908, 629, 59, 59, 629, 893, 893, 629, 166, 629, 469, 166, 166, 469, 488, 488, 469, 726, 469, 995, 726, 726, 995, 390, 390, 995, 144, 995, 1024, 144, 144, 1024, 553, 1024, 703, 553, 553, 703, 743, 703, 47, 743, 743, 47, 248, 236, 206, 201, 206, 1020, 201, 201, 1020, 612, 1020, 157, 612, 980, 201, 612, 47, 703, 1012, 1012, 703, 1024, 555, 248, 413, 413, 248, 931, 248, 47, 931, 931, 47, 285, 285, 47, 902, 47, 1012, 902, 931, 285, 413, 285, 677, 413, 413, 677, 1029, 1029, 677, 365, 365, 677, 1009, 677, 285, 1009, 285, 902, 1009, 1009, 902, 71, 902, 127, 71, 71, 127, 324, 127, 801, 324, 555, 413, 463, 463, 413, 493, 413, 1029, 493, 127, 902, 1012, 71, 324, 1009, 324, 586, 1009, 1009, 586, 123, 586, 697, 123, 123, 697, 724, 697, 366, 724, 724, 366, 676, 676, 366, 359, 366, 48, 359, 48, 686, 359, 359, 686, 778, 778, 686, 184, 686, 722, 184, 722, 944, 184, 184, 944, 456, 456, 944, 561, 944, 436, 561, 561, 436, 758, 436, 650, 758, 650, 98, 758, 758, 98, 1008, 1008, 98, 496, 98, 112, 496, 496, 112, 640, 640, 112, 209, 209, 112, 977, 977, 112, 378, 112, 98, 378, 378, 98, 748, 98, 650, 748, 748, 650, 539, 650, 436, 539, 436, 944, 539, 539, 944, 682, 682, 944, 969, 944, 722, 969, 969, 722, 374, 722, 686, 374, 686, 48, 374, 374, 48, 7, 7, 48, 784, 48, 366, 784, 366, 697, 784, 784, 697, 49, 697, 586, 49, 49, 586, 563, 586, 324, 563, 324, 801, 563, 801, 101, 563, 563, 101, 784, 101, 475, 784, 784, 475, 7, 7, 475, 374, 374, 475, 350, 350, 475, 1003, 475, 101, 1003, 101, 801, 1003, 801, 127, 1003, 1003, 127, 624, 624, 127, 68, 127, 1012, 68, 1012, 1024, 68, 68, 1024, 113, 113, 1024, 554, 1024, 995, 554, 554, 995, 457, 457, 995, 924, 995, 469, 924, 924, 469, 706, 706, 469, 382, 469, 629, 382, 382, 629, 569, 569, 629, 217, 629, 908, 217, 217, 908, 446, 446, 908, 351, 908, 441, 351, 351, 441, 119, 119, 441, 770, 441, 432, 770, 770, 432, 81, 81, 432, 190, 432, 110, 190, 190, 110, 1014, 1014, 110, 833, 110, 832, 833, 833, 832, 61, 61, 832, 415, 832, 980, 415, 415, 980, 230, 980, 612, 230, 612, 157, 230, 230, 157, 740, 157, 588, 740, 588, 721, 740, 740, 721, 932, 721, 549, 932, 123, 365, 1009, 563, 784, 49, 230, 740, 415, 415, 740, 61, 740, 614, 61, 61, 614, 833, 833, 614, 1014, 614, 616, 1014, 1014, 616, 190, 190, 616, 81, 616, 379, 81, 81, 379, 770, 770, 379, 119, 379, 916, 119, 119, 916, 351, 351, 916, 446, 916, 480, 446, 446, 480, 217, 217, 480, 569, 480, 13, 569, 569, 13, 382, 382, 13, 706, 13, 271, 706, 706, 271, 924, 924, 271, 457, 271, 765, 457, 457, 765, 554, 554, 765, 113, 765, 796, 113, 113, 796, 68, 68, 796, 624, 624, 796, 1003, 796, 933, 1003, 1003, 933, 350, 933, 72, 350, 350, 72, 374, 374, 72, 969, 969, 72, 682, 72, 384, 682, 682, 384, 539, 384, 934, 539, 934, 342, 539, 539, 342, 748, 748, 342, 378, 342, 445, 378, 378, 445, 977, 445, 691, 977, 977, 691, 209, 691, 243, 209, 243, 786, 209, 209, 786, 615, 615, 786, 192, 786, 905, 192, 192, 905, 582, 582, 905, 447, 447, 905, 718, 905, 307, 718, 307, 4, 718, 718, 4, 281, 4, 596, 281, 281, 596, 419, 596, 603, 419, 419, 603, 641, 641, 603, 655, 603, 414, 655, 414, 299, 655, 655, 299, 174, 299, 210, 174, 174, 210, 717, 717, 210, 549, 210, 568, 549, 549, 568, 932, 568, 614, 932, 932, 614, 740, 691, 445, 863, 863, 445, 342, 863, 154, 691, 691, 154, 243, 614, 568, 25, 568, 210, 25, 25, 210, 476, 210, 976, 476, 976, 556, 476, 476, 556, 616, 556, 379, 616, 614, 25, 616, 25, 476, 616, 210, 299, 976, 299, 414, 976, 976, 414, 387, 414, 603, 387, 387, 603, 894, 894, 603, 935, 603, 596, 935, 596, 4, 935, 935, 4, 678, 4, 307, 678, 678, 307, 638, 307, 905, 638, 638, 905, 871, 905, 786, 871, 871, 786, 841, 786, 243, 841, 243, 154, 841, 841, 154, 851, 154, 863, 851, 851, 813, 841, 841, 813, 871, 871, 813, 638, 813, 15, 638, 638, 15, 678, 678, 15, 935, 15, 219, 935, 219, 106, 935, 935, 106, 894, 106, 302, 894, 894, 302, 387, 387, 302, 976, 302, 687, 976, 976, 687, 556, 556, 687, 379, 687, 77, 379, 379, 77, 916, 77, 715, 916, 916, 715, 805, 805, 715, 926, 715, 302, 926, 302, 106, 926, 106, 219, 926, 926, 219, 284, 219, 15, 284, 284, 15, 214, 214, 15, 851, 15, 813, 851, 687, 302, 77, 302, 715, 77, 916, 805, 480, 214, 866, 284, 284, 866, 926, 866, 214, 5, 214, 851, 5, 5, 851, 86, 851, 863, 86, 86, 863, 481, 481, 863, 606, 863, 342, 606, 606, 342, 367, 342, 934, 367, 367, 934, 903, 934, 384, 903, 384, 72, 903, 903, 72, 23, 72, 933, 23, 933, 796, 23, 23, 796, 153, 796, 765, 153, 153, 765, 459, 765, 513, 459, 513, 538, 459, 459, 538, 903, 903, 538, 367, 367, 538, 606, 606, 538, 481, 538, 471, 481, 481, 471, 86, 86, 471, 5, 471, 866, 5, 23, 153, 903, 153, 459, 903, 765, 271, 513, 271, 500, 513, 513, 500, 538, 538, 500, 471, 500, 286, 471, 471, 286, 226, 286, 13, 226, 226, 13, 151, 13, 480, 151, 151, 480, 512, 480, 805, 512, 805, 926, 512, 926, 866, 512, 512, 866, 151, 151, 866, 226, 866, 471, 226, 500, 271, 286, 271, 13, 286, 537, 136, 782, 782, 136, 648, 136, 349, 648, 648, 349, 508, 508, 349, 859, 859, 349, 558, 558, 349, 631, 349, 422, 631, 631, 422, 261, 422, 735, 261, 261, 735, 524, 735, 423, 524, 524, 423, 87, 423, 639, 87, 87, 639, 108, 639, 599, 108, 108, 599, 87, 599, 1005, 87, 87, 1005, 524, 524, 1005, 261, 1005, 247, 261, 261, 247, 631, 631, 247, 309, 247, 176, 309, 309, 176, 843, 176, 135, 843, 135, 775, 843, 843, 775, 233, 775, 18, 233, 18, 27, 233, 27, 35, 233, 233, 35, 843, 35, 645, 843, 645, 254, 843, 843, 254, 309, 309, 254, 631, 631, 254, 864, 254, 645, 864, 864, 645, 574, 645, 35, 574, 422, 349, 136, 735, 639, 423, 599, 794, 1005, 1005, 794, 247, 794, 176, 247, 574, 799, 864, 799, 383, 864, 383, 859, 864, 859, 558, 864, 864, 558, 631, 910, 958, 56, 958, 499, 56, 56, 499, 685, 499, 936, 685, 685, 936, 231, 936, 99, 231, 99, 44, 231, 231, 44, 959, 44, 790, 959, 959, 790, 750, 790, 346, 750, 750, 346, 158, 346, 22, 158, 158, 22, 808, 808, 22, 937, 22, 733, 937, 937, 733, 223, 56, 685, 177, 685, 231, 177, 231, 959, 177, 177, 959, 750, 733, 22, 752, 22, 346, 752, 346, 790, 752, 752, 790, 239, 790, 44, 239, 44, 99, 239, 99, 169, 239, 169, 429, 239, 239, 429, 289, 429, 141, 289, 141, 121, 289, 289, 121, 733, 121, 761, 733, 733, 761, 223, 223, 761, 473, 473, 761, 680, 761, 121, 680, 121, 141, 680, 141, 249, 680, 249, 264, 680, 264, 928, 680, 928, 502, 680, 680, 502, 473, 752, 239, 733, 733, 239, 289]
                texCoord2f[] primvars:st2 = [(0.596008, 0.864916), (0.29892, 0.484016), (0.620816, 0.746389), (0.436094, 0.213323), (0.755923, 0.48172498), (0.783893, 0.590002), (0.009371, 0.286633), (0.922404, 0.685016), (0.037219, 0.34414804), (0.349874, 0.18583202), (0.084647, 0.52453), (0.574362, 0.28120697), (0.259276, 0.172086), (0.762368, 0.650773), (0.370547, 0.292903), (0.765408, 0.538275), (0.241399, 0.48956203), (0.758355, 0.919054), (0.439985, 0.865277), (0.349752, 0.28591), (0.622762, 0.798961), (0.354008, 0.596513), (0.227779, 0.54768), (0.866708, 0.664518), (0.493371, 0.776292), (0.615465, 0.545871), (0.264018, 0.13904798), (0.43281, 0.855631), (0.422595, 0.839474), (0.873153, 0.46942604), (0.501276, 0.802216), (0.576794, 0.79052), (0.431716, 0.508493), (0.4789, 0.87637), (0.390855, 0.29953504), (0.439864, 0.837062), (0.463091, 0.35572302), (0.570835, 0.648843), (0.519152, 0.634615), (0.540555, 0.878299), (0.61887, 0.42939496), (0.292353, 0.33305502), (0.410799, 0.626778), (0.171231, 0.17715001), (0.232157, 0.612309), (0.507478, 0.835736), (0.583969, 0.671994), (0.854547, 0.777619), (0.941497, 0.684654), (0.925931, 0.728062), (0.464307, 0.878299), (0.651461, 0.42204), (0.755801, 0.829828), (0.069932, 0.327749), (0.797269, 0.940999), (0.786081, 0.7863), (0.320323, 0.622678), (0.470995, 0.878179), (0.353279, 0.4681), (0.713725, 0.699244), (0.350968, 0.620146), (0.572538, 0.574327), (0.72394, 0.812947), (0.974452, 0.752418), (0.597103, 0.882037), (0.306216, 0.570107), (0.662649, 0.782924), (0.638814, 0.738552), (0.848831, 0.721671), (0.953901, 0.592052), (0.197134, 0.38381696), (0.887989, 0.751212), (0.887381, 0.656319), (0.475981, 0.13048697), (0.781582, 0.982959), (0.565849, 0.21030802), (0.549067, 0.800769), (0.687701, 0.587591), (0.290286, 0.450616), (0.476346, 0.303634), (0.428676, 0.45821297), (0.648178, 0.602783), (0.528151, 0.28217196), (0.022262, 0.235268), (0.098996, 0.22357202), (0.456402, 0.22417498), (0.806025, 0.586385), (0.469171, 0.829225), (0.469536, 0.566731), (0.407637, 0.608812), (0.892002, 0.521395), (0.472576, 0.542375), (0.162354, 0.515607), (0.376384, 0.526097), (0.685025, 0.986336), (0.651705, 0.81343), (0.438161, 0.566972), (0.328835, 0.27976), (0.901974, 0.575171), (0.224131, 0.646432), (0.096564, 0.130005), (0.91073, 0.709373), (0.741816, 0.748319), (0.169164, 0.20222998), (0.597346, 0.898556), (0.847007, 0.917728), (0.717859, 0.544183), (0.037827, 0.444588), (0.470995, 0.831395), (0.401557, 0.16557503), (0.609385, 0.621593), (0.140343, 0.42939496), (0.897961, 0.561064), (0.8374, 0.701294), (0.437067, 0.14423299), (0.241034, 0.10926598), (0.291502, 0.10613102), (0.362764, 0.38478196), (0.7451, 0.80523), (0.678702, 0.624849), (0.229117, 0.36983), (0.152382, 0.58325), (0.660339, 0.835374), (0.930673, 0.761944), (0.515747, 0.129161), (0.341969, 0.49486804), (0.514044, 0.8115), (0.877409, 0.73192), (0.544811, 0.274817), (0.123683, 0.16762501), (0.648543, 0.883243), (0.269612, 0.44217598), (0.496898, 0.82609), (0.202363, 0.502826), (0.937362, 0.8408), (0.456159, 0.850929), (0.457862, 0.764235), (0.521827, 0.703344), (0.682715, 0.930871), (0.113346, 0.30496097), (0.583118, 0.19788897), (0.137424, 0.6146), (0.609993, 0.825367), (0.480724, 0.51621), (0.811619, 0.742169), (0.596495, 0.915437), (0.750572, 0.987903), (0.423325, 0.603145), (0.379789, 0.05078602), (0.473914, 0.837424), (0.087079, 0.48088098), (0.751423, 0.626537), (0.591144, 0.25745404), (0.846399, 0.672597), (0.821713, 0.560823), (0.518422, 0.795705), (0.531313, 0.806677), (0.511612, 0.552503), (0.268153, 0.533452), (0.484494, 0.711061), (0.438039, 0.739275), (0.032234, 0.260709), (0.092794, 0.30291104), (0.173907, 0.27554), (0.478535, 0.849241), (0.266572, 0.10661298), (0.74668, 0.714678), (0.18546, 0.40552104), (0.408489, 0.588435), (0.19458, 0.638836), (0.530583, 0.748921), (0.12198, 0.286874), (0.684904, 0.41685498), (0.566214, 0.902174), (0.632369, 0.46448302), (0.271558, 0.327991), (0.46005, 0.846467), (0.296731, 0.595187), (0.372858, 0.357893), (0.553202, 0.665603), (0.537758, 0.791485), (0.380154, 0.615203), (0.027856, 0.41432297), (0.193851, 0.174739), (0.952563, 0.638474), (0.141802, 0.13808298), (0.426608, 0.24358702), (0.917905, 0.866121), (0.8177, 0.799202), (0.476832, 0.677058), (0.628964, 0.611465), (0.867316, 0.487633), (0.836792, 0.49607396), (0.455186, 0.515125), (0.493128, 0.684534), (0.718224, 0.41540802), (0.482791, 0.790038), (0.027734, 0.48799503), (0.409097, 0.061034977), (0.321174, 0.211635), (0.039044, 0.2378), (0.4986, 0.621714), (0.356197, 0.25600696), (0.771002, 0.949681), (0.105928, 0.392258), (0.673108, 0.879988), (0.47744, 0.610018), (0.484494, 0.799925), (0.714454, 0.959206), (0.867559, 0.542978), (0.621303, 0.50584), (0.076499, 0.41854298), (0.483156, 0.770746), (0.962413, 0.852255), (0.774164, 0.56444), (0.615587, 0.845021), (0.483886, 0.841283), (0.721143, 0.666568), (0.263532, 0.074781), (0.740843, 0.540566), (0.104347, 0.502826), (0.505897, 0.785094), (0.580199, 0.707443), (0.182784, 0.528629), (0.554905, 0.13832498), (0.046097, 0.21693999), (0.772583, 0.620146), (0.108239, 0.13953), (0.165759, 0.29700303), (0.515747, 0.76544), (0.532529, 0.572398), (0.260005, 0.617494), (0.718346, 0.989591), (0.444485, 0.846709), (0.426487, 0.10323703), (0.331997, 0.46363902), (0.46528, 0.640765), (0.238602, 0.29000902), (0.10532, 0.32244396), (0.204917, 0.605677), (0.440593, 0.433856), (0.364953, 0.11794698), (0.258789, 0.041381), (0.84117, 0.539843), (0.055096, 0.30821598), (0.492641, 0.848517), (0.559404, 0.79679), (0.458834, 0.824643), (0.849318, 0.813912), (0.111522, 0.59579), (0.502127, 0.191257), (0.36471, 0.44169402), (0.436094, 0.37682402), (0.28761, 0.140495), (0.448741, 0.820061), (0.491182, 0.746028), (0.563296, 0.720345), (0.690376, 0.85117), (0.881909, 0.530076), (0.186919, 0.228033), (0.420893, 0.879023), (0.46455, 0.814635), (0.212821, 0.20235002), (0.217321, 0.392619), (0.086714, 0.573122), (0.143991, 0.29169703), (0.079782, 0.28217196), (0.312905, 0.337878), (0.470022, 0.47473204), (0.064095, 0.14990002), (0.657055, 0.728906), (0.793864, 0.667653), (0.074067, 0.24081397), (0.220118, 0.338722), (0.86841, 0.946545), (0.463212, 0.864313), (0.019951, 0.349694), (0.534596, 0.478711), (0.514409, 0.35114098), (0.855276, 0.877214), (0.15372, 0.412273), (0.751302, 0.450858), (0.405935, 0.236112), (0.482913, 0.060190976), (0.75118, 0.568419), (0.885435, 0.785577), (0.783163, 0.644503), (0.421622, 0.756277), (0.484494, 0.741928), (0.178163, 0.59579), (0.488507, 0.816806), (0.063608, 0.546715), (0.681863, 0.827658), (0.433175, 0.827658), (0.446552, 0.184143), (0.199566, 0.33124602), (0.477197, 0.789917), (0.551743, 0.780392), (0.182298, 0.492095), (0.64684, 0.49535), (0.534475, 0.717933), (0.049137, 0.260589), (0.695848, 0.548886), (0.411164, 0.867086), (0.236049, 0.45640397), (0.151774, 0.271079), (0.871937, 0.902897), (0.782676, 0.48425698), (0.546027, 0.830672), (0.454092, 0.833445), (0.438526, 0.07273102), (0.733912, 0.925686), (0.236535, 0.07876003), (0.377479, 0.26203597), (0.490817, 0.883123), (0.609507, 0.72131), (0.320323, 0.49052703), (0.742059, 0.862866), (0.214889, 0.446396), (0.568038, 0.831998), (0.546392, 0.734211), (0.449227, 0.530558), (0.655353, 0.953418), (0.099726, 0.339204), (0.903798, 0.73602), (0.535447, 0.36802197), (0.507234, 0.889151), (0.119183, 0.357773), (0.118332, 0.34161603), (0.067743, 0.260709), (0.142897, 0.22501898), (0.542136, 0.869256), (0.672256, 0.804748), (0.69293, 0.796428), (0.709347, 0.732161), (0.787662, 0.846226), (0.831198, 0.889754), (0.462483, 0.498003), (0.148369, 0.180888), (0.997436, 0.690563), (0.280435, 0.41781998), (0.486318, 0.649085), (0.860384, 0.599769), (0.495438, 0.83863), (0.864519, 0.506684), (0.378451, 0.15822), (0.252709, 0.556603), (0.223036, 0.513075), (0.733912, 0.781356), (0.453119, 0.785215), (0.896015, 0.674405), (0.688673, 0.651496), (0.421987, 0.34318304), (0.262316, 0.500173), (0.353765, 0.0061730146), (0.454335, 0.600734), (0.7648, 0.855028), (0.538609, 0.23743796), (0.082579, 0.122408986), (0.960711, 0.68791), (0.27776, 0.47569597), (0.510518, 0.824884), (0.500546, 0.855511), (0.057163, 0.364766), (0.063608, 0.177391), (0.91681, 0.784974), (0.943199, 0.70877), (0.846642, 0.624969), (0.469414, 0.32931697), (0.921674, 0.511507), (0.042692, 0.285307), (0.282624, 0.360426), (0.998044, 0.723721), (0.418217, 0.274334), (0.91681, 0.666086), (0.603426, 0.804869), (0.273017, 0.23659402), (0.281287, 0.17304999), (0.877044, 0.578306), (0.667635, 0.594946), (0.42746, 0.847432), (0.363615, 0.49848497), (0.753126, 0.682243), (0.424906, 0.793414), (0.877896, 0.638112), (0.663014, 0.694421), (0.189229, 0.35319102), (0.684782, 0.517416), (0.072729, 0.303514), (0.255749, 0.20391798), (0.792648, 0.7529), (0.725886, 0.896506), (0.471725, 0.412997), (0.123804, 0.48281002), (0.215983, 0.11372697), (0.179744, 0.457972), (0.277274, 0.20476198), (0.299163, 0.20669103), (0.424298, 0.17389399), (0.541893, 0.764235), (0.502735, 0.754106), (0.50164, 0.458695), (0.55527, 0.629431), (0.396936, 0.42119598), (0.479508, 0.387555), (0.557458, 0.262397), (0.519882, 0.40986204), (0.11821, 0.379838), (0.597103, 0.696109), (0.411286, 0.83031), (0.506383, 0.724083), (0.703023, 0.764476), (0.44412, 0.547801), (0.883125, 0.822352), (0.673594, 0.48727202), (0.553202, 0.592173), (0.602818, 0.754106), (0.773434, 0.763511), (0.342212, 0.37839103), (0.722359, 0.44965196), (0.14691, 0.20307398), (0.434999, 0.704911), (0.461875, 0.794379), (0.471238, 0.824643), (0.844818, 0.45109904), (0.471603, 0.706599), (0.452511, 0.896989), (0.359602, 0.573363), (0.570349, 0.862745), (0.165516, 0.628466), (0.215862, 0.172809), (0.797634, 0.810053), (0.639544, 0.640644), (0.385991, 0.571072), (0.397058, 0.832481), (0.995004, 0.757362), (0.914864, 0.607365), (0.507842, 0.692733), (0.3821, 0.593137), (0.311081, 0.45809197), (0.618506, 0.964632), (0.669216, 0.659575), (0.102523, 0.18944901), (0.814295, 0.43638802), (0.261829, 0.35403502), (0.852723, 0.580477), (0.709955, 0.642573), (0.809795, 0.46255302), (0.472211, 0.7904), (0.367142, 0.549609), (0.322512, 0.37224197), (0.259276, 0.40998197), (0.511977, 0.875285), (0.525232, 0.914231), (0.536907, 0.684293), (0.527543, 0.389605), (0.943807, 0.618338), (0.805296, 0.689719), (0.103131, 0.359823), (0.835576, 0.652581), (0.552351, 0.18197298), (0.988072, 0.790761), (0.125264, 0.18559003), (0.877774, 0.86166), (0.206011, 0.414685), (0.300866, 0.30471897), (0.342212, 0.31545103), (0.402287, 0.337034), (0.518057, 0.17220598), (0.765773, 0.706599), (0.039773, 0.19342798), (0.793621, 0.61472), (0.259397, 0.295435), (0.144356, 0.540204), (0.33297, 0.343907), (0.90392, 0.69213), (0.637598, 0.534055), (0.325309, 0.597237), (0.55527, 0.30737197), (0.280071, 0.30037904), (0.730263, 0.634133), (0.815024, 0.609536), (0.712144, 0.844176), (0.806998, 0.900606), (0.529367, 0.30411696), (0.946847, 0.773157), (0.319107, 0.038848996), (0.293447, 0.23900598), (0.760422, 0.739758), (0.589077, 0.828743), (0.467712, 0.766043), (0.521219, 0.846829), (0.613398, 0.777016), (0.899055, 0.844056), (0.217199, 0.14254498), (0.195431, 0.27976), (0.919242, 0.553709), (0.510761, 0.505237), (0.170623, 0.15206999), (0.286759, 0.650531), (0.804079, 0.638233), (0.485345, 0.363199), (0.123318, 0.523083), (0.053515, 0.335949), (0.437431, 0.282533), (0.443269, 0.63558), (0.343428, 0.43699098), (0.965453, 0.783527), (0.437431, 0.772916), (0.451903, 0.11529499), (0.459807, 0.15689301), (0.105077, 0.094917), (0.740722, 0.601095), (0.814781, 0.660298), (0.749478, 0.890236), (0.191054, 0.11987603), (0.589685, 0.634013), (0.418582, 0.427104), (0.27095, 0.385988), (0.302933, 0.36609304), (0.949523, 0.546957), (0.172691, 0.06995797), (0.42904, 0.31279802), (0.765895, 0.796549), (0.467225, 0.820905), (0.632491, 0.67742), (0.047678, 0.404074), (0.624343, 0.944857), (0.39803, 0.267582), (0.120643, 0.22429502), (0.200782, 0.057780027), (0.399611, 0.844779), (0.782312, 0.425416), (0.593211, 0.22345102), (0.514166, 0.27059603), (0.125507, 0.446396), (0.473184, 0.767852), (0.469901, 0.737587), (0.825239, 0.63148), (0.89188, 0.613394), (0.094254, 0.24226099), (0.630788, 0.820302), (0.489601, 0.806074), (0.476103, 0.531161), (0.178771, 0.32425296), (0.522192, 0.326905), (0.468806, 0.860937), (0.678094, 0.904706), (0.050475, 0.172809), (0.579834, 0.48883903), (0.71336, 0.788832), (0.425027, 0.527906), (0.060447, 0.282654), (0.82451, 0.764114), (0.817578, 0.710699), (0.863059, 0.837786), (0.654258, 0.563476), (0.976276, 0.661745), (0.446066, 0.799925), (0.109211, 0.174739), (0.461145, 0.57481), (0.936024, 0.600131), (0.100334, 0.283257), (0.91304, 0.725289), (0.157976, 0.048494995), (0.20893, 0.22996199), (0.392315, 0.795343), (0.173299, 0.42577803), (0.597467, 0.518862), (0.741573, 0.658248), (0.055947, 0.239488), (0.200174, 0.46882296), (0.400219, 0.526941), (0.492885, 0.41974902), (0.43585, 0.816444), (0.054123, 0.197407), (0.068229, 0.20162702), (0.811254, 0.973916), (0.910365, 0.538757), (0.809065, 0.835736), (0.308162, 0.274817), (0.076985, 0.15496397), (0.838859, 0.473526), (0.158949, 0.36356103), (0.143748, 0.46448302), (0.087322, 0.16195703), (0.915837, 0.75073), (0.07127, 0.457489), (0.533015, 0.527544), (0.496654, 0.868292), (0.062149, 0.22007501), (0.400584, 0.09346998), (0.442539, 0.349212), (0.311932, 0.39949203), (0.43962, 0.488236), (0.147153, 0.15870202), (0.728804, 0.481243), (0.446795, 0.25299203), (0.505045, 0.658731), (0.470874, 0.838751), (0.457983, 0.672115), (0.642462, 0.791726), (0.535934, 0.154482), (0.701078, 0.48244798), (0.015452, 0.25902104), (0.234468, 0.20307398), (0.837157, 0.604351), (0.456889, 0.29242098), (0.463091, 0.900003), (0.044029, 0.517777), (0.456037, 0.864795), (0.115413, 0.24418998), (0.514409, 0.596152), (0.501884, 0.393584), (0.593454, 0.558894), (0.864883, 0.525253), (0.63322, 0.572398), (0.978101, 0.604833), (0.342456, 0.548765), (0.392923, 0.19776899), (0.292475, 0.540687), (0.511004, 0.08297998), (0.18777, 0.30279), (0.465888, 0.26444697), (0.867194, 0.712025), (0.452146, 0.59591), (0.970196, 0.634495), (0.319107, 0.0019530058), (0.158098, 0.10601002), (0.733425, 0.690322), (0.655353, 0.929062), (0.453848, 0.810174), (0.894313, 0.505599), (0.079661, 0.380803), (0.546392, 0.339445), (0.535326, 0.109025), (0.4547, 0.703826), (0.497749, 0.15002), (0.785838, 0.511869), (0.475738, 0.829948), (0.894434, 0.547318), (0.692079, 0.45121896), (0.544568, 0.845262), (0.050596, 0.47292304), (0.229725, 0.048254013), (0.444849, 0.826934), (0.363859, 0.224657), (0.178042, 0.37429202), (0.444849, 0.757724), (0.122223, 0.41155), (0.907568, 0.590846), (0.386234, 0.44687903), (0.582996, 0.26878798), (0.413353, 0.13422501), (0.058379, 0.43180704), (0.661555, 0.455922), (0.022018, 0.382491), (0.437188, 0.890598), (0.28761, 0.271079), (0.772948, 0.882037), (0.41992, 0.027032971), (0.47817, 0.739034), (0.969345, 0.583371), (0.574727, 0.740602), (0.284692, 0.0026770234), (0.484737, 0.827055), (0.436337, 0.670668), (0.685025, 0.958603), (0.527543, 0.778463), (0.550648, 0.701415), (0.448619, 0.32039404), (0.288705, 0.038608015), (0.561593, 0.915557), (0.960103, 0.56444), (0.13937, 0.35234702), (0.249912, 0.37827098), (0.960467, 0.71516), (0.900758, 0.804869), (0.760301, 0.511146), (0.651461, 0.761341), (0.127574, 0.567334), (0.601845, 0.660057), (0.900393, 0.631119), (0.412988, 0.766767), (0.33224, 0.40552104), (0.289434, 0.621352), (0.938213, 0.662348), (0.674567, 0.555397), (0.166367, 0.12807602), (0.313756, 0.24322599), (0.086592, 0.322685), (0.846277, 0.560461), (0.092429, 0.405159), (0.310594, 0.14338899), (0.457618, 0.38225), (0.943929, 0.880952), (0.450322, 0.465447), (0.940037, 0.735296), (0.256965, 0.466412), (0.030531, 0.214046), (0.468077, 0.19716597), (0.528151, 0.821749), (0.142532, 0.500535), (0.842629, 0.753744), (0.480237, 0.803542), (0.079417, 0.22236598), (0.773191, 0.674767), (0.304271, 0.17606497), (0.822321, 0.930629), (0.829617, 0.825246), (0.23009, 0.31520998), (0.164665, 0.226224), (0.226928, 0.42421), (0.498235, 0.31533003), (0.412623, 0.567696), (0.708131, 0.580597), (0.349387, 0.043672025), (0.605372, 0.475334), (0.780609, 0.45471597), (0.719562, 0.869739), (0.518301, 0.735055), (0.555878, 0.506323), (0.932011, 0.642694), (0.569619, 0.847794), (0.956211, 0.744098), (0.48498, 0.27783096), (0.779271, 0.730353), (0.536055, 0.19692498), (0.568525, 0.889634), (0.733912, 0.837183), (0.20966, 0.08503002), (0.586888, 0.947992), (0.24602, 0.263241), (0.190689, 0.566731), (0.638206, 0.841162), (0.474157, 0.8115), (0.169286, 0.34463), (0.283962, 0.508975), (0.237629, 0.17184502), (0.071999, 0.354276), (0.552594, 0.551177), (0.938335, 0.557688), (0.117724, 0.15146697), (0.836306, 0.78847), (0.477684, 0.768937), (0.374438, 0.47244096), (0.667757, 0.857199), (0.507234, 0.23153001), (0.883733, 0.59579), (0.937362, 0.529955), (0.279463, 0.564802), (0.428676, 0.402507), (0.21574, 0.575292), (0.193851, 0.146644), (0.476103, 0.23755902), (0.551378, 0.22345102), (0.409948, 0.30580497), (0.564998, 0.814153), (0.929336, 0.583612), (0.135479, 0.310507), (0.33297, 0.14688498), (0.166732, 0.554794), (0.471725, 0.902053), (0.521827, 0.670185), (0.915229, 0.524771), (0.825969, 0.680917), (0.632004, 0.769902), (0.604764, 0.24418998), (0.481818, 0.446396), (0.318134, 0.07357502), (0.659001, 0.632686), (0.62337, 0.884087), (0.37383, 0.08503002), (0.928728, 0.541531), (0.962048, 0.611585), (0.451416, 0.856475), (0.472941, 0.855993), (0.436702, 0.614238), (0.958157, 0.662468), (0.346104, 0.07755399), (0.230698, 0.23213303), (0.921066, 0.905791), (0.456889, 0.736261), (0.385626, 0.501861), (0.926904, 0.705273), (0.743275, 0.956553), (0.837887, 0.51838), (0.107995, 0.42662203), (0.489601, 0.49113), (0.384775, 0.23044503), (0.241764, 0.582527), (0.025788, 0.286995), (0.537636, 0.88674), (0.592968, 0.847191), (0.463212, 0.840921), (0.415055, 0.370916), (0.857222, 0.692251), (0.543717, 0.857319), (0.001953, 0.351744), (0.420528, 0.804748), (0.652921, 0.90555), (0.894313, 0.719742), (0.56062, 0.457851), (0.68308, 0.772916), (0.101915, 0.20560598), (0.719562, 0.608571), (0.626775, 0.712869), (0.68162, 0.684654), (0.244804, 0.523565), (0.065919, 0.499691), (0.651097, 0.667894), (0.585428, 0.762185), (0.537636, 0.648843), (0.790581, 0.537552), (0.135235, 0.39671898), (0.332848, 0.572881), (0.217199, 0.28470397), (0.569862, 0.876973), (0.979438, 0.690563), (0.487047, 0.860937), (0.340753, 0.11095399), (0.80566, 0.775207), (0.45324, 0.875526), (0.79654, 0.872874), (0.015087, 0.455801), (0.301717, 0.425416), (0.224739, 0.25914204), (0.933592, 0.800166), (0.322512, 0.43180704), (0.492885, 0.10661298), (0.183514, 0.09443498), (0.55831, 0.751936), (0.573511, 0.612309), (0.59236, 0.596755), (0.329808, 0.520792), (0.488993, 0.534899), (0.8419, 0.85129), (0.619965, 0.864674), (0.371398, 0.19161898), (0.007061, 0.421678), (0.02141, 0.31738), (0.815754, 0.537913), (0.395963, 0.477143), (0.450322, 0.839715), (0.147518, 0.38104403), (0.525962, 0.25226903), (0.504437, 0.846226), (0.159071, 0.24937499), (0.267059, 0.267582), (0.064946, 0.39274), (0.290772, 0.072128), (0.797877, 0.561908), (0.518544, 0.857922), (0.157368, 0.317259), (0.895529, 0.927615), (0.75045, 0.41794002), (0.626045, 0.903982), (0.993423, 0.658972), (0.55454, 0.927133), (0.4305, 0.783406), (0.194094, 0.43663), (0.3534, 0.41082597), (0.219388, 0.017145991), (0.829009, 0.582888), (0.440107, 0.808124), (0.507478, 0.37224197), (0.762246, 0.594705), (0.46151, 0.43904102), (0.316188, 0.10697502), (0.644651, 0.704067), (0.953049, 0.812947), (0.811619, 0.51416), (0.384167, 0.390449), (0.4063, 0.396357), (0.670797, 0.750971), (0.241034, 0.34668), (0.414569, 0.20488298), (0.577402, 0.23647296), (0.702415, 0.90133), (0.317404, 0.545751), (0.524381, 0.835254), (0.417852, 0.547439), (0.403868, 0.855269), (0.495195, 0.716487), (0.70886, 0.930147), (0.091092, 0.44169402), (0.334673, 0.24925399), (0.382343, 0.33003998), (0.702658, 0.820061), (0.532286, 0.899883), (0.321539, 0.30930102), (0.614736, 0.686463), (0.520976, 0.213202), (0.727831, 0.723118), (0.709468, 0.513316), (0.382829, 0.636424), (0.128912, 0.366575), (0.342699, 0.21814597), (0.782676, 0.910614), (0.393409, 0.364766), (0.395841, 0.814756), (0.566701, 0.685619), (0.871694, 0.765199), (0.856614, 0.644864), (0.568282, 0.770987), (0.809795, 0.488598), (0.4986, 0.815118), (0.840319, 0.961738), (0.700956, 0.675732), (0.515747, 0.86576), (0.352427, 0.644382), (0.595035, 0.783647), (0.252222, 0.23478502), (0.566822, 0.24949598), (0.1598, 0.44507003), (0.388788, 0.126508), (0.69901, 0.616529), (0.220604, 0.47907197), (0.250763, 0.32208204), (0.209052, 0.36139), (0.570957, 0.16846901), (0.483642, 0.904947), (0.004264, 0.31810296), (0.694511, 0.708408), (0.784987, 0.698159), (0.130006, 0.26722002), (0.729291, 0.573966), (0.419069, 0.8197), (0.105198, 0.547318), (0.450079, 0.40805304), (0.092673, 0.36970997), (0.86768, 0.800528), (0.574605, 0.533693), (0.876558, 0.683449), (0.868775, 0.619182), (0.734763, 0.510904), (0.254898, 0.649808), (0.204674, 0.538637), (0.392436, 0.549006), (0.500668, 0.908444), (0.495317, 0.25299203), (0.946118, 0.574448), (0.546635, 0.814394), (0.095226, 0.16979504), (0.923499, 0.624366), (0.591995, 0.730353), (0.107022, 0.46255302), (0.488264, 0.21296102), (0.038071, 0.31364202), (0.132682, 0.12072003), (0.626532, 0.924118), (0.306581, 0.515848), (0.166124, 0.39418697), (0.191054, 0.201989), (0.362399, 0.32256496), (0.899785, 0.490045), (0.675905, 0.718295), (0.753855, 0.773037), (0.319593, 0.648482), (0.268639, 0.589279), (0.978709, 0.720948), (0.690376, 0.741084), (0.040138, 0.374412), (0.108482, 0.263965), (0.593576, 0.931835), (0.588225, 0.441211), (0.07504, 0.18317902), (0.451903, 0.041261017), (0.291745, 0.393102), (0.909149, 0.648602), (0.467347, 0.556844), (0.986492, 0.629792), (0.123804, 0.20464098), (0.644043, 0.861781), (0.407151, 0.45206296), (0.087444, 0.261674), (0.660582, 0.524047), (0.871329, 0.560823), (0.162719, 0.479434), (0.417488, 0.48196602), (0.535204, 0.612188), (0.355224, 0.15195), (0.352792, 0.3509), (0.481697, 0.17232698), (0.405935, 0.777498), (0.777204, 0.820664), (0.722845, 0.756759), (0.209052, 0.30845702), (0.408489, 0.504876), (0.24067, 0.14001298), (0.819889, 0.863107), (0.651097, 0.977775), (0.375411, 0.41577), (0.512828, 0.433374), (0.002561, 0.386711), (0.798364, 0.720586), (0.130006, 0.06947601), (0.584091, 0.809571), (0.504924, 0.291938), (0.387207, 0.015819013), (0.202971, 0.25552404), (0.085498, 0.34499204), (0.083674, 0.20500302), (0.8858, 0.701897), (0.6967, 0.875285), (0.46455, 0.829828), (0.25125, 0.008222997), (0.145815, 0.086355984), (0.92362, 0.568178), (0.901487, 0.768937), (0.248331, 0.433495), (0.327376, 0.18064702), (0.859898, 0.743254), (0.490817, 0.339445), (0.612547, 0.58325), (0.97652, 0.822352), (0.086349, 0.18848401), (0.180838, 0.25226903), (0.490939, 0.794861), (0.238116, 0.401421), (0.493249, 0.580356), (0.433418, 0.587832), (0.126723, 0.327267), (0.62033, 0.649687), (0.830468, 0.731679), (0.13706, 0.24636102), (0.148612, 0.335707), (0.352792, 0.523806), (0.120399, 0.10613102), (0.917905, 0.824643), (0.467104, 0.08708), (0.188135, 0.030771017), (0.895407, 0.885655)] (
                    interpolation = "faceVarying"
                )
                int[] primvars:st2:indices = [297, 76, 180, 76, 156, 180, 180, 156, 155, 155, 156, 701, 701, 156, 308, 308, 156, 942, 156, 76, 942, 155, 668, 180, 668, 297, 180, 297, 668, 399, 399, 668, 170, 170, 668, 229, 668, 155, 229, 229, 155, 221, 155, 30, 221, 30, 24, 221, 221, 24, 229, 30, 155, 126, 155, 701, 126, 126, 701, 361, 361, 701, 880, 701, 308, 880, 880, 308, 642, 642, 308, 319, 308, 942, 319, 319, 942, 757, 942, 76, 757, 757, 76, 246, 76, 297, 246, 297, 31, 246, 246, 31, 757, 31, 997, 757, 757, 997, 319, 997, 489, 319, 319, 489, 793, 793, 489, 142, 142, 489, 375, 489, 997, 375, 375, 997, 31, 30, 126, 361, 793, 723, 319, 319, 723, 642, 642, 723, 797, 723, 428, 797, 797, 428, 331, 331, 428, 817, 817, 428, 0, 0, 428, 793, 428, 723, 793, 331, 491, 797, 797, 491, 642, 642, 491, 880, 880, 491, 361, 361, 491, 45, 45, 491, 846, 491, 852, 846, 846, 852, 362, 362, 852, 909, 909, 852, 331, 852, 491, 331, 45, 846, 132, 132, 846, 343, 846, 362, 343, 45, 132, 361, 132, 906, 361, 361, 906, 30, 906, 542, 30, 30, 542, 1018, 542, 207, 1018, 207, 196, 1018, 196, 212, 1018, 212, 24, 1018, 1018, 24, 30, 207, 542, 290, 542, 906, 290, 906, 132, 290, 290, 132, 665, 132, 343, 665, 665, 343, 245, 343, 362, 245, 245, 362, 819, 819, 362, 589, 589, 362, 452, 362, 909, 452, 452, 909, 39, 909, 331, 39, 39, 331, 728, 331, 817, 728, 665, 245, 216, 245, 819, 216, 728, 792, 39, 39, 792, 452, 792, 889, 452, 452, 889, 326, 889, 939, 326, 939, 314, 326, 326, 314, 452, 314, 589, 452, 728, 173, 792, 792, 173, 889, 173, 672, 889, 889, 672, 858, 858, 672, 731, 672, 964, 731, 731, 964, 527, 527, 964, 145, 964, 672, 145, 672, 173, 145, 145, 173, 728, 858, 453, 889, 889, 453, 939, 731, 527, 440, 440, 527, 991, 527, 322, 991, 322, 667, 991, 991, 667, 94, 667, 208, 94, 94, 208, 232, 208, 785, 232, 232, 785, 146, 146, 785, 74, 785, 203, 74, 203, 54, 74, 74, 54, 577, 54, 708, 577, 577, 708, 907, 907, 708, 274, 708, 105, 274, 105, 306, 274, 274, 306, 854, 306, 1032, 854, 854, 1032, 781, 781, 1032, 695, 1032, 187, 695, 187, 134, 695, 695, 134, 213, 134, 870, 213, 213, 870, 1015, 1015, 870, 461, 870, 507, 461, 507, 63, 461, 461, 63, 435, 63, 960, 435, 435, 960, 372, 960, 818, 372, 372, 818, 339, 339, 818, 857, 818, 557, 857, 557, 626, 857, 857, 626, 971, 626, 774, 971, 971, 774, 617, 617, 774, 662, 774, 69, 662, 69, 941, 662, 662, 941, 673, 941, 741, 673, 673, 741, 520, 520, 741, 749, 741, 773, 749, 773, 764, 749, 749, 764, 369, 764, 632, 369, 369, 632, 955, 632, 191, 955, 955, 191, 29, 29, 191, 424, 191, 582, 424, 582, 447, 424, 424, 447, 443, 447, 718, 443, 443, 718, 532, 532, 718, 855, 718, 281, 855, 281, 419, 855, 855, 419, 195, 419, 641, 195, 195, 641, 172, 641, 655, 172, 172, 655, 51, 51, 655, 40, 655, 174, 40, 174, 717, 40, 40, 717, 965, 717, 549, 965, 965, 549, 802, 802, 549, 277, 549, 721, 277, 721, 588, 277, 277, 588, 497, 588, 157, 497, 497, 157, 835, 835, 157, 88, 157, 1020, 88, 1020, 206, 88, 88, 206, 355, 206, 236, 355, 355, 236, 505, 505, 236, 666, 236, 600, 666, 600, 636, 666, 666, 636, 421, 636, 782, 421, 421, 782, 160, 782, 648, 160, 160, 648, 287, 648, 508, 287, 287, 508, 683, 508, 859, 683, 859, 383, 683, 683, 383, 984, 984, 383, 566, 383, 799, 566, 799, 927, 566, 566, 927, 900, 927, 409, 900, 900, 409, 434, 434, 409, 531, 531, 409, 28, 409, 293, 28, 28, 293, 35, 35, 293, 574, 293, 927, 574, 574, 927, 799, 409, 927, 293, 35, 380, 28, 28, 380, 531, 531, 380, 882, 882, 380, 303, 380, 27, 303, 27, 18, 303, 303, 18, 260, 260, 18, 657, 18, 822, 657, 657, 822, 426, 822, 50, 426, 50, 57, 426, 426, 57, 608, 57, 33, 608, 608, 33, 762, 762, 33, 921, 33, 314, 921, 921, 314, 939, 35, 27, 380, 314, 33, 589, 589, 33, 819, 33, 164, 819, 819, 164, 216, 57, 546, 33, 546, 776, 33, 33, 776, 164, 57, 50, 546, 546, 50, 275, 50, 610, 275, 275, 610, 135, 135, 610, 775, 775, 610, 18, 18, 610, 822, 610, 50, 822, 135, 176, 275, 275, 176, 546, 546, 176, 776, 176, 794, 776, 794, 599, 776, 776, 599, 164, 164, 599, 216, 599, 149, 216, 216, 149, 665, 149, 639, 665, 639, 735, 665, 665, 735, 290, 735, 704, 290, 290, 704, 207, 704, 296, 207, 207, 296, 196, 296, 744, 196, 196, 744, 212, 599, 639, 149, 704, 735, 296, 735, 448, 296, 296, 448, 744, 744, 448, 536, 448, 422, 536, 536, 422, 490, 422, 136, 490, 136, 537, 490, 490, 537, 536, 537, 661, 536, 536, 661, 744, 661, 288, 744, 744, 288, 255, 255, 288, 883, 883, 288, 159, 288, 661, 159, 159, 661, 537, 422, 448, 735, 744, 255, 212, 212, 255, 24, 255, 400, 24, 24, 400, 229, 400, 720, 229, 229, 720, 170, 400, 255, 720, 720, 255, 410, 255, 883, 410, 410, 883, 437, 883, 159, 437, 437, 137, 410, 410, 137, 720, 137, 300, 720, 720, 300, 320, 320, 300, 669, 669, 300, 454, 300, 137, 454, 454, 137, 437, 720, 320, 170, 170, 320, 399, 320, 831, 399, 831, 904, 399, 904, 297, 399, 297, 904, 31, 904, 811, 31, 31, 811, 911, 811, 416, 911, 416, 492, 911, 492, 375, 911, 911, 375, 31, 416, 811, 663, 811, 904, 663, 904, 831, 663, 831, 320, 663, 663, 320, 256, 320, 669, 256, 256, 669, 901, 669, 454, 901, 901, 222, 256, 256, 222, 663, 222, 945, 663, 663, 945, 416, 945, 315, 416, 416, 315, 2, 315, 806, 2, 806, 67, 2, 67, 766, 2, 2, 766, 416, 416, 766, 492, 766, 20, 492, 492, 20, 375, 20, 541, 375, 375, 541, 142, 945, 222, 408, 408, 222, 901, 945, 408, 315, 315, 408, 806, 541, 20, 601, 20, 766, 601, 601, 766, 66, 766, 679, 66, 66, 679, 874, 874, 679, 270, 679, 67, 270, 270, 67, 806, 766, 67, 679, 541, 601, 95, 601, 66, 95, 66, 874, 803, 874, 961, 803, 961, 411, 803, 411, 333, 803, 803, 333, 66, 333, 332, 66, 66, 332, 95, 332, 122, 95, 95, 122, 541, 270, 961, 874, 122, 332, 292, 332, 333, 292, 292, 333, 888, 333, 62, 888, 62, 482, 888, 482, 257, 888, 888, 257, 292, 257, 122, 292, 62, 333, 550, 333, 411, 550, 550, 411, 986, 411, 961, 986, 986, 348, 550, 550, 348, 62, 348, 118, 62, 62, 118, 52, 52, 118, 523, 523, 118, 957, 118, 348, 957, 957, 348, 986, 52, 729, 62, 62, 729, 482, 729, 719, 482, 482, 719, 257, 719, 729, 317, 729, 52, 317, 317, 52, 356, 52, 335, 356, 335, 659, 356, 659, 514, 356, 356, 514, 317, 514, 719, 317, 335, 52, 985, 52, 523, 985, 985, 523, 55, 523, 957, 55, 55, 431, 985, 985, 431, 335, 431, 579, 335, 335, 579, 990, 990, 579, 709, 709, 579, 188, 579, 431, 188, 188, 431, 55, 990, 823, 335, 335, 823, 659, 823, 898, 659, 659, 898, 514, 898, 823, 483, 823, 990, 483, 990, 336, 483, 336, 708, 483, 483, 708, 898, 708, 54, 898, 54, 203, 898, 898, 203, 17, 203, 785, 17, 17, 785, 311, 785, 884, 311, 884, 391, 311, 311, 391, 514, 391, 719, 514, 898, 17, 514, 17, 311, 514, 785, 208, 884, 208, 667, 884, 884, 667, 138, 667, 322, 138, 138, 322, 630, 322, 527, 630, 630, 527, 950, 527, 145, 950, 950, 145, 856, 856, 145, 104, 145, 728, 104, 104, 728, 64, 728, 817, 64, 817, 0, 64, 64, 0, 837, 0, 793, 837, 837, 793, 215, 793, 142, 215, 142, 541, 215, 215, 541, 734, 541, 122, 734, 734, 122, 973, 122, 746, 973, 973, 746, 130, 130, 746, 205, 746, 257, 205, 205, 257, 1004, 257, 719, 1004, 1004, 719, 878, 719, 391, 878, 391, 884, 878, 884, 547, 878, 878, 547, 1004, 1004, 547, 205, 547, 130, 205, 215, 734, 837, 734, 973, 837, 837, 973, 130, 257, 746, 122, 884, 138, 547, 138, 630, 547, 547, 630, 800, 630, 950, 800, 950, 856, 800, 800, 856, 130, 856, 771, 130, 130, 771, 837, 837, 771, 64, 64, 771, 104, 771, 856, 104, 130, 547, 800, 323, 327, 458, 458, 327, 407, 407, 327, 896, 896, 327, 674, 674, 327, 328, 327, 323, 328, 328, 323, 238, 238, 323, 1001, 323, 458, 1001, 1001, 458, 930, 458, 204, 930, 204, 633, 930, 930, 633, 1001, 633, 739, 1001, 739, 53, 1001, 53, 690, 1001, 1001, 690, 238, 690, 139, 238, 139, 1022, 238, 238, 1022, 328, 1022, 1026, 328, 328, 1026, 674, 1026, 583, 674, 674, 583, 896, 583, 844, 896, 896, 844, 407, 844, 814, 407, 814, 204, 407, 407, 204, 458, 633, 363, 739, 814, 844, 280, 280, 844, 952, 844, 583, 952, 952, 583, 647, 647, 583, 386, 386, 583, 736, 583, 1026, 736, 736, 1026, 853, 1026, 1022, 853, 853, 1022, 759, 1022, 139, 759, 139, 265, 759, 265, 228, 759, 759, 228, 853, 228, 544, 853, 853, 544, 736, 544, 295, 736, 736, 295, 386, 295, 273, 386, 273, 919, 386, 386, 919, 647, 919, 70, 647, 70, 167, 647, 647, 167, 952, 167, 567, 952, 952, 567, 280, 567, 111, 280, 280, 111, 814, 111, 649, 814, 814, 649, 204, 649, 692, 204, 204, 692, 633, 692, 211, 633, 633, 211, 849, 211, 526, 849, 526, 962, 849, 849, 962, 363, 962, 503, 363, 363, 503, 739, 739, 503, 53, 503, 388, 53, 53, 388, 690, 388, 162, 690, 690, 162, 139, 162, 562, 139, 562, 171, 139, 139, 171, 265, 171, 305, 265, 265, 305, 228, 633, 849, 363, 388, 562, 162, 544, 987, 295, 295, 987, 273, 649, 787, 692, 692, 787, 211, 305, 171, 925, 171, 562, 925, 925, 562, 963, 562, 975, 963, 975, 540, 963, 540, 611, 963, 963, 611, 1025, 611, 529, 1025, 963, 1025, 925, 1025, 305, 925, 975, 562, 266, 562, 388, 266, 266, 388, 552, 388, 244, 552, 552, 244, 370, 370, 244, 948, 244, 503, 948, 948, 503, 8, 503, 962, 8, 8, 962, 276, 276, 962, 656, 656, 962, 182, 962, 526, 182, 182, 526, 654, 526, 211, 654, 211, 587, 654, 587, 107, 654, 654, 107, 182, 503, 244, 388, 975, 266, 329, 266, 552, 329, 948, 8, 840, 8, 276, 840, 587, 211, 885, 211, 787, 885, 885, 787, 535, 787, 649, 535, 649, 111, 535, 535, 111, 914, 111, 567, 914, 914, 567, 395, 395, 567, 860, 860, 567, 464, 567, 167, 464, 464, 167, 263, 167, 70, 263, 263, 70, 120, 70, 919, 120, 919, 273, 120, 120, 273, 875, 875, 273, 918, 273, 710, 918, 918, 710, 472, 472, 710, 237, 237, 710, 987, 710, 273, 987, 535, 914, 584, 914, 395, 584, 472, 175, 918, 918, 175, 875, 175, 444, 875, 875, 444, 120, 444, 675, 120, 675, 1019, 120, 120, 1019, 263, 263, 1019, 464, 1019, 712, 464, 464, 712, 860, 712, 318, 860, 860, 318, 395, 318, 571, 395, 395, 571, 298, 298, 571, 917, 917, 571, 304, 571, 318, 304, 304, 318, 1010, 318, 712, 1010, 1010, 712, 1019, 298, 978, 395, 395, 978, 584, 978, 393, 584, 584, 393, 535, 393, 946, 535, 535, 946, 885, 885, 946, 587, 946, 150, 587, 587, 150, 809, 809, 150, 220, 220, 150, 393, 150, 946, 393, 809, 643, 587, 587, 643, 107, 643, 824, 107, 107, 824, 182, 824, 643, 197, 643, 809, 197, 197, 809, 609, 609, 809, 291, 809, 10, 291, 291, 10, 928, 928, 10, 502, 10, 220, 502, 220, 393, 502, 502, 393, 702, 393, 978, 702, 978, 298, 702, 702, 298, 92, 298, 223, 92, 223, 473, 92, 473, 502, 92, 92, 502, 702, 809, 220, 10, 291, 928, 264, 223, 298, 133, 298, 917, 133, 917, 16, 133, 133, 16, 347, 16, 353, 347, 353, 808, 347, 808, 937, 347, 937, 223, 347, 347, 223, 133, 353, 16, 698, 16, 917, 698, 917, 304, 698, 304, 1010, 698, 1010, 131, 698, 698, 131, 78, 131, 825, 78, 825, 439, 78, 78, 439, 360, 439, 1, 360, 1, 353, 360, 353, 698, 360, 360, 698, 78, 825, 131, 340, 131, 1010, 340, 340, 1010, 451, 1010, 1019, 451, 451, 1019, 518, 1019, 675, 518, 518, 675, 371, 675, 444, 371, 444, 175, 371, 175, 41, 371, 41, 267, 371, 267, 519, 371, 371, 519, 968, 519, 450, 968, 450, 593, 968, 593, 825, 968, 825, 340, 968, 340, 451, 968, 451, 518, 968, 968, 518, 371, 450, 519, 474, 474, 519, 267, 474, 982, 450, 982, 418, 450, 450, 418, 593, 418, 684, 593, 593, 684, 825, 684, 828, 825, 825, 828, 439, 828, 506, 439, 506, 235, 439, 235, 316, 439, 439, 316, 1, 316, 737, 1, 1, 737, 353, 737, 158, 353, 353, 158, 808, 684, 861, 828, 828, 861, 506, 158, 737, 951, 737, 316, 951, 951, 316, 834, 834, 316, 125, 125, 316, 58, 316, 235, 58, 58, 235, 251, 235, 506, 251, 251, 506, 992, 506, 861, 992, 158, 951, 620, 951, 834, 620, 992, 651, 251, 251, 651, 58, 651, 745, 58, 58, 745, 125, 745, 381, 125, 125, 381, 834, 381, 1027, 834, 834, 1027, 618, 618, 1027, 93, 93, 1027, 783, 1027, 381, 783, 783, 381, 842, 381, 745, 842, 842, 745, 651, 618, 879, 834, 834, 879, 620, 879, 750, 620, 620, 750, 158, 750, 879, 65, 879, 618, 65, 65, 618, 815, 618, 427, 815, 427, 477, 815, 477, 177, 815, 815, 177, 65, 177, 750, 65, 427, 618, 449, 618, 93, 449, 93, 572, 449, 572, 938, 449, 449, 938, 427, 938, 433, 427, 433, 438, 427, 427, 438, 21, 438, 60, 21, 21, 60, 56, 56, 60, 910, 60, 181, 910, 910, 181, 895, 895, 181, 42, 181, 89, 42, 89, 147, 42, 42, 147, 777, 777, 147, 625, 625, 147, 1021, 1021, 147, 168, 147, 89, 168, 168, 89, 438, 89, 181, 438, 438, 181, 60, 427, 21, 477, 21, 56, 477, 477, 56, 177, 438, 714, 168, 168, 714, 1021, 438, 433, 714, 433, 938, 714, 714, 938, 881, 938, 551, 881, 551, 412, 881, 881, 412, 714, 412, 96, 714, 714, 96, 1021, 1021, 96, 625, 625, 96, 560, 560, 96, 970, 96, 412, 970, 970, 412, 91, 412, 321, 91, 91, 321, 193, 193, 321, 551, 321, 412, 551, 551, 938, 572, 91, 193, 543, 193, 337, 543, 543, 337, 143, 143, 337, 788, 337, 268, 788, 788, 268, 401, 268, 768, 401, 401, 768, 993, 768, 573, 993, 573, 613, 993, 993, 613, 406, 406, 613, 455, 613, 865, 455, 865, 278, 455, 455, 278, 325, 278, 545, 325, 325, 545, 634, 634, 545, 478, 478, 545, 484, 484, 545, 713, 545, 278, 713, 713, 278, 1013, 1013, 278, 501, 278, 865, 501, 865, 613, 501, 501, 613, 404, 404, 613, 392, 613, 573, 392, 392, 573, 867, 573, 768, 867, 867, 768, 696, 768, 268, 696, 696, 268, 337, 392, 867, 240, 240, 867, 696, 240, 929, 392, 392, 929, 404, 929, 694, 404, 404, 694, 501, 694, 36, 501, 36, 368, 501, 501, 368, 1013, 1013, 368, 713, 368, 79, 713, 79, 725, 713, 725, 998, 713, 713, 998, 484, 998, 82, 484, 484, 82, 478, 82, 128, 478, 128, 405, 478, 478, 405, 11, 11, 405, 652, 652, 405, 913, 913, 405, 357, 405, 128, 357, 357, 128, 845, 128, 82, 845, 845, 82, 534, 82, 998, 534, 534, 998, 940, 998, 725, 940, 534, 940, 845, 940, 747, 845, 845, 747, 357, 357, 747, 892, 747, 947, 892, 947, 250, 892, 250, 727, 892, 892, 727, 357, 727, 755, 357, 357, 755, 913, 755, 877, 913, 913, 877, 652, 652, 877, 152, 152, 877, 767, 767, 877, 533, 533, 877, 140, 140, 877, 75, 877, 755, 75, 755, 727, 75, 727, 460, 75, 75, 460, 140, 140, 460, 920, 460, 602, 920, 920, 602, 224, 224, 602, 635, 602, 124, 635, 124, 829, 635, 635, 829, 621, 829, 1030, 621, 621, 1030, 283, 283, 1030, 967, 1030, 310, 967, 310, 198, 967, 967, 198, 660, 198, 148, 660, 660, 148, 999, 999, 148, 354, 148, 716, 354, 716, 486, 354, 354, 486, 627, 486, 671, 627, 627, 671, 664, 671, 242, 664, 664, 242, 1006, 1006, 242, 862, 242, 644, 862, 644, 530, 862, 862, 530, 1031, 530, 521, 1031, 1031, 521, 564, 564, 521, 996, 521, 1007, 996, 1007, 1028, 996, 996, 1028, 511, 511, 1028, 358, 1028, 100, 358, 358, 100, 269, 100, 581, 269, 269, 581, 548, 581, 364, 548, 364, 575, 548, 548, 575, 470, 575, 225, 470, 470, 225, 699, 699, 225, 83, 225, 200, 83, 200, 161, 83, 83, 161, 604, 161, 791, 604, 604, 791, 6, 6, 791, 922, 791, 840, 922, 840, 276, 922, 922, 276, 798, 276, 656, 798, 798, 656, 994, 656, 182, 994, 994, 182, 839, 182, 824, 839, 947, 747, 940, 727, 602, 460, 840, 791, 948, 948, 791, 370, 791, 301, 370, 370, 301, 552, 301, 329, 552, 791, 161, 301, 161, 200, 301, 301, 200, 570, 200, 225, 570, 694, 929, 751, 929, 240, 751, 751, 252, 694, 252, 36, 694, 570, 272, 301, 301, 272, 329, 329, 272, 975, 975, 272, 540, 272, 84, 540, 540, 84, 611, 611, 84, 529, 84, 972, 529, 529, 972, 330, 972, 420, 330, 420, 711, 330, 330, 711, 1025, 711, 847, 1025, 1025, 847, 305, 847, 1017, 305, 305, 1017, 163, 1017, 495, 163, 163, 495, 228, 495, 622, 228, 228, 622, 544, 544, 622, 987, 622, 495, 987, 495, 816, 987, 987, 816, 237, 816, 732, 237, 237, 732, 472, 1025, 529, 330, 1017, 847, 711, 305, 163, 228, 732, 816, 826, 816, 495, 826, 826, 495, 1000, 495, 1017, 1000, 1000, 1017, 565, 1017, 259, 565, 565, 259, 953, 259, 711, 953, 953, 711, 103, 711, 420, 103, 103, 420, 338, 420, 972, 338, 1017, 711, 259, 1000, 780, 826, 826, 780, 732, 780, 1000, 565, 338, 43, 103, 43, 953, 103, 43, 338, 595, 595, 338, 462, 338, 972, 462, 462, 972, 442, 442, 972, 804, 972, 84, 804, 804, 84, 705, 84, 272, 705, 705, 272, 590, 272, 570, 590, 570, 225, 590, 590, 225, 576, 225, 575, 576, 575, 364, 576, 576, 364, 966, 364, 581, 966, 966, 581, 585, 581, 100, 585, 585, 100, 227, 100, 1028, 227, 227, 1028, 949, 1028, 1007, 949, 949, 1007, 628, 1007, 521, 628, 576, 705, 590, 628, 185, 949, 949, 185, 227, 185, 742, 227, 227, 742, 585, 742, 943, 585, 585, 943, 966, 943, 1016, 966, 966, 1016, 576, 1016, 1002, 576, 576, 1002, 705, 705, 1002, 804, 1002, 1016, 804, 804, 1016, 442, 1016, 559, 442, 442, 559, 462, 559, 129, 462, 462, 129, 595, 129, 185, 595, 595, 185, 498, 498, 185, 688, 185, 628, 688, 688, 628, 830, 628, 521, 830, 1016, 943, 559, 943, 742, 559, 559, 742, 129, 742, 185, 129, 595, 498, 43, 498, 753, 43, 43, 753, 183, 753, 430, 183, 430, 953, 183, 183, 953, 43, 830, 515, 688, 688, 515, 498, 498, 515, 753, 515, 494, 753, 753, 494, 430, 830, 730, 515, 730, 394, 515, 515, 394, 494, 830, 521, 730, 521, 530, 730, 530, 644, 730, 730, 644, 312, 644, 242, 312, 312, 115, 730, 730, 115, 394, 394, 115, 494, 115, 989, 494, 989, 738, 494, 494, 738, 430, 738, 262, 430, 430, 262, 953, 953, 262, 565, 565, 262, 780, 262, 605, 780, 780, 605, 389, 389, 605, 12, 12, 605, 738, 605, 262, 738, 389, 912, 780, 780, 912, 732, 912, 376, 732, 732, 376, 848, 376, 487, 848, 487, 658, 848, 848, 658, 472, 658, 479, 472, 472, 479, 175, 479, 465, 175, 175, 465, 41, 732, 848, 472, 389, 396, 912, 396, 376, 912, 465, 479, 580, 479, 658, 580, 580, 658, 689, 658, 487, 689, 689, 97, 580, 580, 97, 465, 97, 890, 465, 465, 890, 41, 41, 890, 267, 890, 466, 267, 267, 466, 474, 474, 466, 982, 982, 466, 954, 954, 466, 14, 14, 466, 19, 466, 97, 19, 19, 97, 202, 97, 886, 202, 202, 886, 646, 646, 886, 897, 897, 886, 689, 886, 97, 689, 466, 890, 97, 646, 313, 202, 202, 313, 19, 19, 313, 14, 313, 34, 14, 14, 34, 954, 34, 887, 954, 954, 887, 982, 887, 178, 982, 982, 178, 117, 117, 178, 899, 899, 178, 467, 178, 887, 467, 467, 887, 34, 982, 117, 418, 418, 117, 684, 684, 117, 861, 861, 117, 992, 117, 872, 992, 992, 872, 873, 872, 795, 873, 795, 751, 873, 873, 751, 403, 751, 517, 403, 403, 517, 651, 517, 974, 651, 651, 974, 842, 117, 899, 872, 872, 899, 795, 899, 467, 795, 873, 403, 992, 403, 651, 992, 974, 517, 240, 517, 751, 240, 240, 80, 974, 974, 80, 842, 842, 80, 979, 80, 696, 979, 979, 696, 594, 696, 337, 594, 594, 337, 32, 337, 193, 32, 193, 551, 32, 551, 988, 32, 32, 988, 594, 594, 988, 979, 979, 988, 842, 842, 988, 783, 783, 988, 93, 93, 988, 572, 988, 551, 572, 240, 696, 80, 751, 795, 252, 252, 795, 592, 795, 352, 592, 592, 352, 670, 670, 352, 522, 352, 467, 522, 522, 467, 756, 467, 34, 756, 756, 34, 373, 373, 34, 528, 34, 313, 528, 252, 592, 36, 36, 592, 368, 592, 670, 368, 467, 352, 795, 522, 756, 504, 504, 756, 373, 373, 528, 186, 186, 528, 282, 528, 313, 282, 282, 313, 789, 313, 646, 789, 789, 646, 619, 619, 646, 838, 838, 646, 9, 646, 897, 9, 9, 897, 199, 897, 689, 199, 199, 689, 397, 689, 487, 397, 487, 376, 397, 376, 396, 397, 397, 396, 377, 396, 389, 377, 389, 12, 377, 377, 12, 26, 12, 738, 26, 738, 989, 26, 989, 115, 26, 26, 115, 165, 115, 218, 165, 165, 218, 850, 218, 242, 850, 242, 671, 850, 671, 486, 850, 850, 486, 769, 486, 716, 769, 769, 716, 779, 716, 148, 779, 115, 312, 218, 312, 242, 218, 282, 789, 876, 789, 619, 876, 779, 868, 769, 769, 868, 850, 868, 116, 850, 850, 116, 165, 165, 116, 26, 116, 253, 26, 26, 253, 377, 253, 693, 377, 693, 707, 377, 377, 707, 397, 707, 1011, 397, 397, 1011, 199, 199, 1011, 9, 9, 1011, 760, 1011, 707, 760, 707, 693, 760, 760, 693, 868, 693, 253, 868, 868, 253, 116, 760, 868, 820, 868, 779, 820, 820, 779, 772, 779, 148, 772, 772, 241, 820, 820, 241, 760, 241, 981, 760, 760, 981, 9, 981, 345, 9, 9, 345, 838, 345, 981, 915, 981, 241, 915, 915, 241, 591, 241, 772, 591, 772, 148, 591, 148, 198, 591, 198, 310, 591, 591, 310, 234, 310, 1030, 234, 234, 653, 591, 591, 653, 915, 915, 653, 345, 653, 109, 345, 345, 109, 838, 838, 109, 619, 109, 398, 619, 619, 398, 876, 398, 3, 876, 876, 3, 282, 282, 3, 186, 3, 597, 186, 186, 597, 373, 373, 597, 504, 597, 607, 504, 504, 607, 522, 522, 607, 670, 670, 607, 368, 368, 607, 79, 79, 607, 725, 607, 623, 725, 725, 623, 940, 623, 754, 940, 940, 754, 947, 754, 85, 947, 947, 85, 700, 85, 3, 700, 700, 3, 294, 3, 398, 294, 398, 109, 653, 607, 597, 623, 623, 597, 754, 754, 597, 85, 597, 3, 85, 294, 983, 700, 700, 983, 947, 947, 983, 250, 983, 468, 250, 250, 468, 727, 727, 468, 602, 468, 637, 602, 602, 637, 124, 637, 73, 124, 124, 73, 829, 829, 73, 1030, 73, 509, 1030, 1030, 509, 234, 234, 509, 653, 509, 114, 653, 653, 114, 398, 114, 510, 398, 398, 510, 294, 294, 510, 983, 510, 73, 983, 73, 637, 983, 983, 637, 468, 509, 73, 114, 114, 73, 510, 632, 578, 90, 90, 578, 258, 632, 764, 578, 632, 90, 191, 90, 344, 191, 191, 344, 192, 192, 344, 615, 344, 90, 615, 90, 258, 615, 615, 258, 209, 209, 258, 640, 258, 578, 640, 640, 578, 496, 578, 764, 496, 764, 773, 496, 773, 741, 496, 496, 741, 1008, 1008, 741, 758, 741, 941, 758, 941, 69, 758, 758, 69, 561, 69, 774, 561, 561, 774, 456, 456, 774, 184, 774, 626, 184, 626, 557, 184, 184, 557, 778, 557, 818, 778, 778, 818, 359, 359, 818, 676, 818, 960, 676, 960, 63, 676, 676, 63, 724, 63, 485, 724, 724, 485, 123, 485, 827, 123, 123, 827, 365, 365, 827, 1029, 827, 870, 1029, 870, 134, 1029, 134, 187, 1029, 1029, 187, 493, 187, 1032, 493, 493, 1032, 463, 463, 1032, 279, 1032, 306, 279, 306, 105, 279, 279, 105, 336, 105, 708, 336, 191, 192, 582, 63, 507, 485, 507, 870, 485, 485, 870, 827, 336, 990, 279, 279, 990, 836, 990, 709, 836, 836, 709, 248, 709, 188, 248, 248, 188, 743, 743, 188, 553, 188, 821, 553, 553, 821, 144, 144, 821, 390, 821, 55, 390, 390, 55, 417, 55, 957, 417, 417, 957, 488, 488, 957, 102, 957, 986, 102, 55, 821, 188, 836, 555, 279, 279, 555, 463, 248, 555, 836, 390, 417, 726, 417, 488, 726, 488, 102, 166, 166, 102, 893, 102, 986, 893, 893, 986, 334, 986, 961, 334, 334, 961, 923, 961, 956, 923, 923, 956, 807, 807, 956, 385, 956, 270, 385, 385, 270, 869, 270, 806, 869, 869, 806, 525, 806, 891, 525, 525, 891, 1023, 270, 956, 961, 806, 408, 891, 408, 681, 891, 891, 681, 1023, 893, 334, 59, 59, 334, 923, 385, 869, 810, 810, 869, 525, 681, 408, 46, 408, 901, 46, 46, 901, 37, 901, 179, 37, 37, 179, 402, 402, 179, 812, 179, 454, 812, 812, 454, 763, 454, 437, 763, 763, 437, 598, 437, 194, 598, 598, 194, 341, 454, 179, 901, 437, 159, 194, 159, 189, 194, 194, 189, 341, 681, 46, 516, 516, 46, 37, 812, 763, 38, 38, 763, 598, 189, 159, 425, 159, 537, 425, 425, 537, 636, 537, 782, 636, 425, 636, 189, 636, 600, 189, 600, 236, 189, 189, 236, 341, 236, 201, 341, 341, 201, 598, 598, 201, 38, 201, 980, 38, 38, 980, 812, 812, 980, 402, 980, 832, 402, 402, 832, 37, 37, 832, 516, 832, 110, 516, 516, 110, 681, 681, 110, 1023, 110, 432, 1023, 1023, 432, 525, 525, 432, 810, 432, 441, 810, 810, 441, 385, 385, 441, 807, 441, 908, 807, 807, 908, 923, 923, 908, 59, 908, 629, 59, 59, 629, 893, 893, 629, 166, 629, 469, 166, 166, 469, 488, 488, 469, 726, 469, 995, 726, 726, 995, 390, 390, 995, 144, 995, 1024, 144, 144, 1024, 553, 1024, 703, 553, 553, 703, 743, 703, 47, 743, 743, 47, 248, 236, 206, 201, 206, 1020, 201, 201, 1020, 612, 1020, 157, 612, 980, 201, 612, 47, 703, 1012, 1012, 703, 1024, 555, 248, 413, 413, 248, 931, 248, 47, 931, 931, 47, 285, 285, 47, 902, 47, 1012, 902, 931, 285, 413, 285, 677, 413, 413, 677, 1029, 1029, 677, 365, 365, 677, 1009, 677, 285, 1009, 285, 902, 1009, 1009, 902, 71, 902, 127, 71, 71, 127, 324, 127, 801, 324, 555, 413, 463, 463, 413, 493, 413, 1029, 493, 127, 902, 1012, 71, 324, 1009, 324, 586, 1009, 1009, 586, 123, 586, 697, 123, 123, 697, 724, 697, 366, 724, 724, 366, 676, 676, 366, 359, 366, 48, 359, 48, 686, 359, 359, 686, 778, 778, 686, 184, 686, 722, 184, 722, 944, 184, 184, 944, 456, 456, 944, 561, 944, 436, 561, 561, 436, 758, 436, 650, 758, 650, 98, 758, 758, 98, 1008, 1008, 98, 496, 98, 112, 496, 496, 112, 640, 640, 112, 209, 209, 112, 977, 977, 112, 378, 112, 98, 378, 378, 98, 748, 98, 650, 748, 748, 650, 539, 650, 436, 539, 436, 944, 539, 539, 944, 682, 682, 944, 969, 944, 722, 969, 969, 722, 374, 722, 686, 374, 686, 48, 374, 374, 48, 7, 7, 48, 784, 48, 366, 784, 366, 697, 784, 784, 697, 49, 697, 586, 49, 49, 586, 563, 586, 324, 563, 324, 801, 563, 801, 101, 563, 563, 101, 784, 101, 475, 784, 784, 475, 7, 7, 475, 374, 374, 475, 350, 350, 475, 1003, 475, 101, 1003, 101, 801, 1003, 801, 127, 1003, 1003, 127, 624, 624, 127, 68, 127, 1012, 68, 1012, 1024, 68, 68, 1024, 113, 113, 1024, 554, 1024, 995, 554, 554, 995, 457, 457, 995, 924, 995, 469, 924, 924, 469, 706, 706, 469, 382, 469, 629, 382, 382, 629, 569, 569, 629, 217, 629, 908, 217, 217, 908, 446, 446, 908, 351, 908, 441, 351, 351, 441, 119, 119, 441, 770, 441, 432, 770, 770, 432, 81, 81, 432, 190, 432, 110, 190, 190, 110, 1014, 1014, 110, 833, 110, 832, 833, 833, 832, 61, 61, 832, 415, 832, 980, 415, 415, 980, 230, 980, 612, 230, 612, 157, 230, 230, 157, 740, 157, 588, 740, 588, 721, 740, 740, 721, 932, 721, 549, 932, 123, 365, 1009, 563, 784, 49, 230, 740, 415, 415, 740, 61, 740, 614, 61, 61, 614, 833, 833, 614, 1014, 614, 616, 1014, 1014, 616, 190, 190, 616, 81, 616, 379, 81, 81, 379, 770, 770, 379, 119, 379, 916, 119, 119, 916, 351, 351, 916, 446, 916, 480, 446, 446, 480, 217, 217, 480, 569, 480, 13, 569, 569, 13, 382, 382, 13, 706, 13, 271, 706, 706, 271, 924, 924, 271, 457, 271, 765, 457, 457, 765, 554, 554, 765, 113, 765, 796, 113, 113, 796, 68, 68, 796, 624, 624, 796, 1003, 796, 933, 1003, 1003, 933, 350, 933, 72, 350, 350, 72, 374, 374, 72, 969, 969, 72, 682, 72, 384, 682, 682, 384, 539, 384, 934, 539, 934, 342, 539, 539, 342, 748, 748, 342, 378, 342, 445, 378, 378, 445, 977, 445, 691, 977, 977, 691, 209, 691, 243, 209, 243, 786, 209, 209, 786, 615, 615, 786, 192, 786, 905, 192, 192, 905, 582, 582, 905, 447, 447, 905, 718, 905, 307, 718, 307, 4, 718, 718, 4, 281, 4, 596, 281, 281, 596, 419, 596, 603, 419, 419, 603, 641, 641, 603, 655, 603, 414, 655, 414, 299, 655, 655, 299, 174, 299, 210, 174, 174, 210, 717, 717, 210, 549, 210, 568, 549, 549, 568, 932, 568, 614, 932, 932, 614, 740, 691, 445, 863, 863, 445, 342, 863, 154, 691, 691, 154, 243, 614, 568, 25, 568, 210, 25, 25, 210, 476, 210, 976, 476, 976, 556, 476, 476, 556, 616, 556, 379, 616, 614, 25, 616, 25, 476, 616, 210, 299, 976, 299, 414, 976, 976, 414, 387, 414, 603, 387, 387, 603, 894, 894, 603, 935, 603, 596, 935, 596, 4, 935, 935, 4, 678, 4, 307, 678, 678, 307, 638, 307, 905, 638, 638, 905, 871, 905, 786, 871, 871, 786, 841, 786, 243, 841, 243, 154, 841, 841, 154, 851, 154, 863, 851, 851, 813, 841, 841, 813, 871, 871, 813, 638, 813, 15, 638, 638, 15, 678, 678, 15, 935, 15, 219, 935, 219, 106, 935, 935, 106, 894, 106, 302, 894, 894, 302, 387, 387, 302, 976, 302, 687, 976, 976, 687, 556, 556, 687, 379, 687, 77, 379, 379, 77, 916, 77, 715, 916, 916, 715, 805, 805, 715, 926, 715, 302, 926, 302, 106, 926, 106, 219, 926, 926, 219, 284, 219, 15, 284, 284, 15, 214, 214, 15, 851, 15, 813, 851, 687, 302, 77, 302, 715, 77, 916, 805, 480, 214, 866, 284, 284, 866, 926, 866, 214, 5, 214, 851, 5, 5, 851, 86, 851, 863, 86, 86, 863, 481, 481, 863, 606, 863, 342, 606, 606, 342, 367, 342, 934, 367, 367, 934, 903, 934, 384, 903, 384, 72, 903, 903, 72, 23, 72, 933, 23, 933, 796, 23, 23, 796, 153, 796, 765, 153, 153, 765, 459, 765, 513, 459, 513, 538, 459, 459, 538, 903, 903, 538, 367, 367, 538, 606, 606, 538, 481, 538, 471, 481, 481, 471, 86, 86, 471, 5, 471, 866, 5, 23, 153, 903, 153, 459, 903, 765, 271, 513, 271, 500, 513, 513, 500, 538, 538, 500, 471, 500, 286, 471, 471, 286, 226, 286, 13, 226, 226, 13, 151, 13, 480, 151, 151, 480, 512, 480, 805, 512, 805, 926, 512, 926, 866, 512, 512, 866, 151, 151, 866, 226, 866, 471, 226, 500, 271, 286, 271, 13, 286, 537, 136, 782, 782, 136, 648, 136, 349, 648, 648, 349, 508, 508, 349, 859, 859, 349, 558, 558, 349, 631, 349, 422, 631, 631, 422, 261, 422, 735, 261, 261, 735, 524, 735, 423, 524, 524, 423, 87, 423, 639, 87, 87, 639, 108, 639, 599, 108, 108, 599, 87, 599, 1005, 87, 87, 1005, 524, 524, 1005, 261, 1005, 247, 261, 261, 247, 631, 631, 247, 309, 247, 176, 309, 309, 176, 843, 176, 135, 843, 135, 775, 843, 843, 775, 233, 775, 18, 233, 18, 27, 233, 27, 35, 233, 233, 35, 843, 35, 645, 843, 645, 254, 843, 843, 254, 309, 309, 254, 631, 631, 254, 864, 254, 645, 864, 864, 645, 574, 645, 35, 574, 422, 349, 136, 735, 639, 423, 599, 794, 1005, 1005, 794, 247, 794, 176, 247, 574, 799, 864, 799, 383, 864, 383, 859, 864, 859, 558, 864, 864, 558, 631, 910, 958, 56, 958, 499, 56, 56, 499, 685, 499, 936, 685, 685, 936, 231, 936, 99, 231, 99, 44, 231, 231, 44, 959, 44, 790, 959, 959, 790, 750, 790, 346, 750, 750, 346, 158, 346, 22, 158, 158, 22, 808, 808, 22, 937, 22, 733, 937, 937, 733, 223, 56, 685, 177, 685, 231, 177, 231, 959, 177, 177, 959, 750, 733, 22, 752, 22, 346, 752, 346, 790, 752, 752, 790, 239, 790, 44, 239, 44, 99, 239, 99, 169, 239, 169, 429, 239, 239, 429, 289, 429, 141, 289, 141, 121, 289, 289, 121, 733, 121, 761, 733, 733, 761, 223, 223, 761, 473, 473, 761, 680, 761, 121, 680, 121, 141, 680, 141, 249, 680, 249, 264, 680, 264, 928, 680, 928, 502, 680, 680, 502, 473, 752, 239, 733, 733, 239, 289]
                int[] primvars:st:indices = [297, 76, 180, 76, 156, 180, 180, 156, 155, 155, 156, 701, 701, 156, 308, 308, 156, 942, 156, 76, 942, 155, 668, 180, 668, 297, 180, 297, 668, 399, 399, 668, 170, 170, 668, 229, 668, 155, 229, 229, 155, 221, 155, 30, 221, 30, 24, 221, 221, 24, 229, 30, 155, 126, 155, 701, 126, 126, 701, 361, 361, 701, 880, 701, 308, 880, 880, 308, 642, 642, 308, 319, 308, 942, 319, 319, 942, 757, 942, 76, 757, 757, 76, 246, 76, 297, 246, 297, 31, 246, 246, 31, 757, 31, 997, 757, 757, 997, 319, 997, 489, 319, 319, 489, 793, 793, 489, 142, 142, 489, 375, 489, 997, 375, 375, 997, 31, 30, 126, 361, 793, 723, 319, 319, 723, 642, 642, 723, 797, 723, 428, 797, 797, 428, 331, 331, 428, 817, 817, 428, 0, 0, 428, 793, 428, 723, 793, 331, 491, 797, 797, 491, 642, 642, 491, 880, 880, 491, 361, 361, 491, 45, 45, 491, 846, 491, 852, 846, 846, 852, 362, 362, 852, 909, 909, 852, 331, 852, 491, 331, 45, 846, 132, 132, 846, 343, 846, 362, 343, 45, 132, 361, 132, 906, 361, 361, 906, 30, 906, 542, 30, 30, 542, 1018, 542, 207, 1018, 207, 196, 1018, 196, 212, 1018, 212, 24, 1018, 1018, 24, 30, 207, 542, 290, 542, 906, 290, 906, 132, 290, 290, 132, 665, 132, 343, 665, 665, 343, 245, 343, 362, 245, 245, 362, 819, 819, 362, 589, 589, 362, 452, 362, 909, 452, 452, 909, 39, 909, 331, 39, 39, 331, 728, 331, 817, 728, 665, 245, 216, 245, 819, 216, 728, 792, 39, 39, 792, 452, 792, 889, 452, 452, 889, 326, 889, 939, 326, 939, 314, 326, 326, 314, 452, 314, 589, 452, 728, 173, 792, 792, 173, 889, 173, 672, 889, 889, 672, 858, 858, 672, 731, 672, 964, 731, 731, 964, 527, 527, 964, 145, 964, 672, 145, 672, 173, 145, 145, 173, 728, 858, 453, 889, 889, 453, 939, 731, 527, 440, 440, 527, 991, 527, 322, 991, 322, 667, 991, 991, 667, 94, 667, 208, 94, 94, 208, 232, 208, 785, 232, 232, 785, 146, 146, 785, 74, 785, 203, 74, 203, 54, 74, 74, 54, 577, 54, 708, 577, 577, 708, 907, 907, 708, 274, 708, 105, 274, 105, 306, 274, 274, 306, 854, 306, 1032, 854, 854, 1032, 781, 781, 1032, 695, 1032, 187, 695, 187, 134, 695, 695, 134, 213, 134, 870, 213, 213, 870, 1015, 1015, 870, 461, 870, 507, 461, 507, 63, 461, 461, 63, 435, 63, 960, 435, 435, 960, 372, 960, 818, 372, 372, 818, 339, 339, 818, 857, 818, 557, 857, 557, 626, 857, 857, 626, 971, 626, 774, 971, 971, 774, 617, 617, 774, 662, 774, 69, 662, 69, 941, 662, 662, 941, 673, 941, 741, 673, 673, 741, 520, 520, 741, 749, 741, 773, 749, 773, 764, 749, 749, 764, 369, 764, 632, 369, 369, 632, 955, 632, 191, 955, 955, 191, 29, 29, 191, 424, 191, 582, 424, 582, 447, 424, 424, 447, 443, 447, 718, 443, 443, 718, 532, 532, 718, 855, 718, 281, 855, 281, 419, 855, 855, 419, 195, 419, 641, 195, 195, 641, 172, 641, 655, 172, 172, 655, 51, 51, 655, 40, 655, 174, 40, 174, 717, 40, 40, 717, 965, 717, 549, 965, 965, 549, 802, 802, 549, 277, 549, 721, 277, 721, 588, 277, 277, 588, 497, 588, 157, 497, 497, 157, 835, 835, 157, 88, 157, 1020, 88, 1020, 206, 88, 88, 206, 355, 206, 236, 355, 355, 236, 505, 505, 236, 666, 236, 600, 666, 600, 636, 666, 666, 636, 421, 636, 782, 421, 421, 782, 160, 782, 648, 160, 160, 648, 287, 648, 508, 287, 287, 508, 683, 508, 859, 683, 859, 383, 683, 683, 383, 984, 984, 383, 566, 383, 799, 566, 799, 927, 566, 566, 927, 900, 927, 409, 900, 900, 409, 434, 434, 409, 531, 531, 409, 28, 409, 293, 28, 28, 293, 35, 35, 293, 574, 293, 927, 574, 574, 927, 799, 409, 927, 293, 35, 380, 28, 28, 380, 531, 531, 380, 882, 882, 380, 303, 380, 27, 303, 27, 18, 303, 303, 18, 260, 260, 18, 657, 18, 822, 657, 657, 822, 426, 822, 50, 426, 50, 57, 426, 426, 57, 608, 57, 33, 608, 608, 33, 762, 762, 33, 921, 33, 314, 921, 921, 314, 939, 35, 27, 380, 314, 33, 589, 589, 33, 819, 33, 164, 819, 819, 164, 216, 57, 546, 33, 546, 776, 33, 33, 776, 164, 57, 50, 546, 546, 50, 275, 50, 610, 275, 275, 610, 135, 135, 610, 775, 775, 610, 18, 18, 610, 822, 610, 50, 822, 135, 176, 275, 275, 176, 546, 546, 176, 776, 176, 794, 776, 794, 599, 776, 776, 599, 164, 164, 599, 216, 599, 149, 216, 216, 149, 665, 149, 639, 665, 639, 735, 665, 665, 735, 290, 735, 704, 290, 290, 704, 207, 704, 296, 207, 207, 296, 196, 296, 744, 196, 196, 744, 212, 599, 639, 149, 704, 735, 296, 735, 448, 296, 296, 448, 744, 744, 448, 536, 448, 422, 536, 536, 422, 490, 422, 136, 490, 136, 537, 490, 490, 537, 536, 537, 661, 536, 536, 661, 744, 661, 288, 744, 744, 288, 255, 255, 288, 883, 883, 288, 159, 288, 661, 159, 159, 661, 537, 422, 448, 735, 744, 255, 212, 212, 255, 24, 255, 400, 24, 24, 400, 229, 400, 720, 229, 229, 720, 170, 400, 255, 720, 720, 255, 410, 255, 883, 410, 410, 883, 437, 883, 159, 437, 437, 137, 410, 410, 137, 720, 137, 300, 720, 720, 300, 320, 320, 300, 669, 669, 300, 454, 300, 137, 454, 454, 137, 437, 720, 320, 170, 170, 320, 399, 320, 831, 399, 831, 904, 399, 904, 297, 399, 297, 904, 31, 904, 811, 31, 31, 811, 911, 811, 416, 911, 416, 492, 911, 492, 375, 911, 911, 375, 31, 416, 811, 663, 811, 904, 663, 904, 831, 663, 831, 320, 663, 663, 320, 256, 320, 669, 256, 256, 669, 901, 669, 454, 901, 901, 222, 256, 256, 222, 663, 222, 945, 663, 663, 945, 416, 945, 315, 416, 416, 315, 2, 315, 806, 2, 806, 67, 2, 67, 766, 2, 2, 766, 416, 416, 766, 492, 766, 20, 492, 492, 20, 375, 20, 541, 375, 375, 541, 142, 945, 222, 408, 408, 222, 901, 945, 408, 315, 315, 408, 806, 541, 20, 601, 20, 766, 601, 601, 766, 66, 766, 679, 66, 66, 679, 874, 874, 679, 270, 679, 67, 270, 270, 67, 806, 766, 67, 679, 541, 601, 95, 601, 66, 95, 66, 874, 803, 874, 961, 803, 961, 411, 803, 411, 333, 803, 803, 333, 66, 333, 332, 66, 66, 332, 95, 332, 122, 95, 95, 122, 541, 270, 961, 874, 122, 332, 292, 332, 333, 292, 292, 333, 888, 333, 62, 888, 62, 482, 888, 482, 257, 888, 888, 257, 292, 257, 122, 292, 62, 333, 550, 333, 411, 550, 550, 411, 986, 411, 961, 986, 986, 348, 550, 550, 348, 62, 348, 118, 62, 62, 118, 52, 52, 118, 523, 523, 118, 957, 118, 348, 957, 957, 348, 986, 52, 729, 62, 62, 729, 482, 729, 719, 482, 482, 719, 257, 719, 729, 317, 729, 52, 317, 317, 52, 356, 52, 335, 356, 335, 659, 356, 659, 514, 356, 356, 514, 317, 514, 719, 317, 335, 52, 985, 52, 523, 985, 985, 523, 55, 523, 957, 55, 55, 431, 985, 985, 431, 335, 431, 579, 335, 335, 579, 990, 990, 579, 709, 709, 579, 188, 579, 431, 188, 188, 431, 55, 990, 823, 335, 335, 823, 659, 823, 898, 659, 659, 898, 514, 898, 823, 483, 823, 990, 483, 990, 336, 483, 336, 708, 483, 483, 708, 898, 708, 54, 898, 54, 203, 898, 898, 203, 17, 203, 785, 17, 17, 785, 311, 785, 884, 311, 884, 391, 311, 311, 391, 514, 391, 719, 514, 898, 17, 514, 17, 311, 514, 785, 208, 884, 208, 667, 884, 884, 667, 138, 667, 322, 138, 138, 322, 630, 322, 527, 630, 630, 527, 950, 527, 145, 950, 950, 145, 856, 856, 145, 104, 145, 728, 104, 104, 728, 64, 728, 817, 64, 817, 0, 64, 64, 0, 837, 0, 793, 837, 837, 793, 215, 793, 142, 215, 142, 541, 215, 215, 541, 734, 541, 122, 734, 734, 122, 973, 122, 746, 973, 973, 746, 130, 130, 746, 205, 746, 257, 205, 205, 257, 1004, 257, 719, 1004, 1004, 719, 878, 719, 391, 878, 391, 884, 878, 884, 547, 878, 878, 547, 1004, 1004, 547, 205, 547, 130, 205, 215, 734, 837, 734, 973, 837, 837, 973, 130, 257, 746, 122, 884, 138, 547, 138, 630, 547, 547, 630, 800, 630, 950, 800, 950, 856, 800, 800, 856, 130, 856, 771, 130, 130, 771, 837, 837, 771, 64, 64, 771, 104, 771, 856, 104, 130, 547, 800, 323, 327, 458, 458, 327, 407, 407, 327, 896, 896, 327, 674, 674, 327, 328, 327, 323, 328, 328, 323, 238, 238, 323, 1001, 323, 458, 1001, 1001, 458, 930, 458, 204, 930, 204, 633, 930, 930, 633, 1001, 633, 739, 1001, 739, 53, 1001, 53, 690, 1001, 1001, 690, 238, 690, 139, 238, 139, 1022, 238, 238, 1022, 328, 1022, 1026, 328, 328, 1026, 674, 1026, 583, 674, 674, 583, 896, 583, 844, 896, 896, 844, 407, 844, 814, 407, 814, 204, 407, 407, 204, 458, 633, 363, 739, 814, 844, 280, 280, 844, 952, 844, 583, 952, 952, 583, 647, 647, 583, 386, 386, 583, 736, 583, 1026, 736, 736, 1026, 853, 1026, 1022, 853, 853, 1022, 759, 1022, 139, 759, 139, 265, 759, 265, 228, 759, 759, 228, 853, 228, 544, 853, 853, 544, 736, 544, 295, 736, 736, 295, 386, 295, 273, 386, 273, 919, 386, 386, 919, 647, 919, 70, 647, 70, 167, 647, 647, 167, 952, 167, 567, 952, 952, 567, 280, 567, 111, 280, 280, 111, 814, 111, 649, 814, 814, 649, 204, 649, 692, 204, 204, 692, 633, 692, 211, 633, 633, 211, 849, 211, 526, 849, 526, 962, 849, 849, 962, 363, 962, 503, 363, 363, 503, 739, 739, 503, 53, 503, 388, 53, 53, 388, 690, 388, 162, 690, 690, 162, 139, 162, 562, 139, 562, 171, 139, 139, 171, 265, 171, 305, 265, 265, 305, 228, 633, 849, 363, 388, 562, 162, 544, 987, 295, 295, 987, 273, 649, 787, 692, 692, 787, 211, 305, 171, 925, 171, 562, 925, 925, 562, 963, 562, 975, 963, 975, 540, 963, 540, 611, 963, 963, 611, 1025, 611, 529, 1025, 963, 1025, 925, 1025, 305, 925, 975, 562, 266, 562, 388, 266, 266, 388, 552, 388, 244, 552, 552, 244, 370, 370, 244, 948, 244, 503, 948, 948, 503, 8, 503, 962, 8, 8, 962, 276, 276, 962, 656, 656, 962, 182, 962, 526, 182, 182, 526, 654, 526, 211, 654, 211, 587, 654, 587, 107, 654, 654, 107, 182, 503, 244, 388, 975, 266, 329, 266, 552, 329, 948, 8, 840, 8, 276, 840, 587, 211, 885, 211, 787, 885, 885, 787, 535, 787, 649, 535, 649, 111, 535, 535, 111, 914, 111, 567, 914, 914, 567, 395, 395, 567, 860, 860, 567, 464, 567, 167, 464, 464, 167, 263, 167, 70, 263, 263, 70, 120, 70, 919, 120, 919, 273, 120, 120, 273, 875, 875, 273, 918, 273, 710, 918, 918, 710, 472, 472, 710, 237, 237, 710, 987, 710, 273, 987, 535, 914, 584, 914, 395, 584, 472, 175, 918, 918, 175, 875, 175, 444, 875, 875, 444, 120, 444, 675, 120, 675, 1019, 120, 120, 1019, 263, 263, 1019, 464, 1019, 712, 464, 464, 712, 860, 712, 318, 860, 860, 318, 395, 318, 571, 395, 395, 571, 298, 298, 571, 917, 917, 571, 304, 571, 318, 304, 304, 318, 1010, 318, 712, 1010, 1010, 712, 1019, 298, 978, 395, 395, 978, 584, 978, 393, 584, 584, 393, 535, 393, 946, 535, 535, 946, 885, 885, 946, 587, 946, 150, 587, 587, 150, 809, 809, 150, 220, 220, 150, 393, 150, 946, 393, 809, 643, 587, 587, 643, 107, 643, 824, 107, 107, 824, 182, 824, 643, 197, 643, 809, 197, 197, 809, 609, 609, 809, 291, 809, 10, 291, 291, 10, 928, 928, 10, 502, 10, 220, 502, 220, 393, 502, 502, 393, 702, 393, 978, 702, 978, 298, 702, 702, 298, 92, 298, 223, 92, 223, 473, 92, 473, 502, 92, 92, 502, 702, 809, 220, 10, 291, 928, 264, 223, 298, 133, 298, 917, 133, 917, 16, 133, 133, 16, 347, 16, 353, 347, 353, 808, 347, 808, 937, 347, 937, 223, 347, 347, 223, 133, 353, 16, 698, 16, 917, 698, 917, 304, 698, 304, 1010, 698, 1010, 131, 698, 698, 131, 78, 131, 825, 78, 825, 439, 78, 78, 439, 360, 439, 1, 360, 1, 353, 360, 353, 698, 360, 360, 698, 78, 825, 131, 340, 131, 1010, 340, 340, 1010, 451, 1010, 1019, 451, 451, 1019, 518, 1019, 675, 518, 518, 675, 371, 675, 444, 371, 444, 175, 371, 175, 41, 371, 41, 267, 371, 267, 519, 371, 371, 519, 968, 519, 450, 968, 450, 593, 968, 593, 825, 968, 825, 340, 968, 340, 451, 968, 451, 518, 968, 968, 518, 371, 450, 519, 474, 474, 519, 267, 474, 982, 450, 982, 418, 450, 450, 418, 593, 418, 684, 593, 593, 684, 825, 684, 828, 825, 825, 828, 439, 828, 506, 439, 506, 235, 439, 235, 316, 439, 439, 316, 1, 316, 737, 1, 1, 737, 353, 737, 158, 353, 353, 158, 808, 684, 861, 828, 828, 861, 506, 158, 737, 951, 737, 316, 951, 951, 316, 834, 834, 316, 125, 125, 316, 58, 316, 235, 58, 58, 235, 251, 235, 506, 251, 251, 506, 992, 506, 861, 992, 158, 951, 620, 951, 834, 620, 992, 651, 251, 251, 651, 58, 651, 745, 58, 58, 745, 125, 745, 381, 125, 125, 381, 834, 381, 1027, 834, 834, 1027, 618, 618, 1027, 93, 93, 1027, 783, 1027, 381, 783, 783, 381, 842, 381, 745, 842, 842, 745, 651, 618, 879, 834, 834, 879, 620, 879, 750, 620, 620, 750, 158, 750, 879, 65, 879, 618, 65, 65, 618, 815, 618, 427, 815, 427, 477, 815, 477, 177, 815, 815, 177, 65, 177, 750, 65, 427, 618, 449, 618, 93, 449, 93, 572, 449, 572, 938, 449, 449, 938, 427, 938, 433, 427, 433, 438, 427, 427, 438, 21, 438, 60, 21, 21, 60, 56, 56, 60, 910, 60, 181, 910, 910, 181, 895, 895, 181, 42, 181, 89, 42, 89, 147, 42, 42, 147, 777, 777, 147, 625, 625, 147, 1021, 1021, 147, 168, 147, 89, 168, 168, 89, 438, 89, 181, 438, 438, 181, 60, 427, 21, 477, 21, 56, 477, 477, 56, 177, 438, 714, 168, 168, 714, 1021, 438, 433, 714, 433, 938, 714, 714, 938, 881, 938, 551, 881, 551, 412, 881, 881, 412, 714, 412, 96, 714, 714, 96, 1021, 1021, 96, 625, 625, 96, 560, 560, 96, 970, 96, 412, 970, 970, 412, 91, 412, 321, 91, 91, 321, 193, 193, 321, 551, 321, 412, 551, 551, 938, 572, 91, 193, 543, 193, 337, 543, 543, 337, 143, 143, 337, 788, 337, 268, 788, 788, 268, 401, 268, 768, 401, 401, 768, 993, 768, 573, 993, 573, 613, 993, 993, 613, 406, 406, 613, 455, 613, 865, 455, 865, 278, 455, 455, 278, 325, 278, 545, 325, 325, 545, 634, 634, 545, 478, 478, 545, 484, 484, 545, 713, 545, 278, 713, 713, 278, 1013, 1013, 278, 501, 278, 865, 501, 865, 613, 501, 501, 613, 404, 404, 613, 392, 613, 573, 392, 392, 573, 867, 573, 768, 867, 867, 768, 696, 768, 268, 696, 696, 268, 337, 392, 867, 240, 240, 867, 696, 240, 929, 392, 392, 929, 404, 929, 694, 404, 404, 694, 501, 694, 36, 501, 36, 368, 501, 501, 368, 1013, 1013, 368, 713, 368, 79, 713, 79, 725, 713, 725, 998, 713, 713, 998, 484, 998, 82, 484, 484, 82, 478, 82, 128, 478, 128, 405, 478, 478, 405, 11, 11, 405, 652, 652, 405, 913, 913, 405, 357, 405, 128, 357, 357, 128, 845, 128, 82, 845, 845, 82, 534, 82, 998, 534, 534, 998, 940, 998, 725, 940, 534, 940, 845, 940, 747, 845, 845, 747, 357, 357, 747, 892, 747, 947, 892, 947, 250, 892, 250, 727, 892, 892, 727, 357, 727, 755, 357, 357, 755, 913, 755, 877, 913, 913, 877, 652, 652, 877, 152, 152, 877, 767, 767, 877, 533, 533, 877, 140, 140, 877, 75, 877, 755, 75, 755, 727, 75, 727, 460, 75, 75, 460, 140, 140, 460, 920, 460, 602, 920, 920, 602, 224, 224, 602, 635, 602, 124, 635, 124, 829, 635, 635, 829, 621, 829, 1030, 621, 621, 1030, 283, 283, 1030, 967, 1030, 310, 967, 310, 198, 967, 967, 198, 660, 198, 148, 660, 660, 148, 999, 999, 148, 354, 148, 716, 354, 716, 486, 354, 354, 486, 627, 486, 671, 627, 627, 671, 664, 671, 242, 664, 664, 242, 1006, 1006, 242, 862, 242, 644, 862, 644, 530, 862, 862, 530, 1031, 530, 521, 1031, 1031, 521, 564, 564, 521, 996, 521, 1007, 996, 1007, 1028, 996, 996, 1028, 511, 511, 1028, 358, 1028, 100, 358, 358, 100, 269, 100, 581, 269, 269, 581, 548, 581, 364, 548, 364, 575, 548, 548, 575, 470, 575, 225, 470, 470, 225, 699, 699, 225, 83, 225, 200, 83, 200, 161, 83, 83, 161, 604, 161, 791, 604, 604, 791, 6, 6, 791, 922, 791, 840, 922, 840, 276, 922, 922, 276, 798, 276, 656, 798, 798, 656, 994, 656, 182, 994, 994, 182, 839, 182, 824, 839, 947, 747, 940, 727, 602, 460, 840, 791, 948, 948, 791, 370, 791, 301, 370, 370, 301, 552, 301, 329, 552, 791, 161, 301, 161, 200, 301, 301, 200, 570, 200, 225, 570, 694, 929, 751, 929, 240, 751, 751, 252, 694, 252, 36, 694, 570, 272, 301, 301, 272, 329, 329, 272, 975, 975, 272, 540, 272, 84, 540, 540, 84, 611, 611, 84, 529, 84, 972, 529, 529, 972, 330, 972, 420, 330, 420, 711, 330, 330, 711, 1025, 711, 847, 1025, 1025, 847, 305, 847, 1017, 305, 305, 1017, 163, 1017, 495, 163, 163, 495, 228, 495, 622, 228, 228, 622, 544, 544, 622, 987, 622, 495, 987, 495, 816, 987, 987, 816, 237, 816, 732, 237, 237, 732, 472, 1025, 529, 330, 1017, 847, 711, 305, 163, 228, 732, 816, 826, 816, 495, 826, 826, 495, 1000, 495, 1017, 1000, 1000, 1017, 565, 1017, 259, 565, 565, 259, 953, 259, 711, 953, 953, 711, 103, 711, 420, 103, 103, 420, 338, 420, 972, 338, 1017, 711, 259, 1000, 780, 826, 826, 780, 732, 780, 1000, 565, 338, 43, 103, 43, 953, 103, 43, 338, 595, 595, 338, 462, 338, 972, 462, 462, 972, 442, 442, 972, 804, 972, 84, 804, 804, 84, 705, 84, 272, 705, 705, 272, 590, 272, 570, 590, 570, 225, 590, 590, 225, 576, 225, 575, 576, 575, 364, 576, 576, 364, 966, 364, 581, 966, 966, 581, 585, 581, 100, 585, 585, 100, 227, 100, 1028, 227, 227, 1028, 949, 1028, 1007, 949, 949, 1007, 628, 1007, 521, 628, 576, 705, 590, 628, 185, 949, 949, 185, 227, 185, 742, 227, 227, 742, 585, 742, 943, 585, 585, 943, 966, 943, 1016, 966, 966, 1016, 576, 1016, 1002, 576, 576, 1002, 705, 705, 1002, 804, 1002, 1016, 804, 804, 1016, 442, 1016, 559, 442, 442, 559, 462, 559, 129, 462, 462, 129, 595, 129, 185, 595, 595, 185, 498, 498, 185, 688, 185, 628, 688, 688, 628, 830, 628, 521, 830, 1016, 943, 559, 943, 742, 559, 559, 742, 129, 742, 185, 129, 595, 498, 43, 498, 753, 43, 43, 753, 183, 753, 430, 183, 430, 953, 183, 183, 953, 43, 830, 515, 688, 688, 515, 498, 498, 515, 753, 515, 494, 753, 753, 494, 430, 830, 730, 515, 730, 394, 515, 515, 394, 494, 830, 521, 730, 521, 530, 730, 530, 644, 730, 730, 644, 312, 644, 242, 312, 312, 115, 730, 730, 115, 394, 394, 115, 494, 115, 989, 494, 989, 738, 494, 494, 738, 430, 738, 262, 430, 430, 262, 953, 953, 262, 565, 565, 262, 780, 262, 605, 780, 780, 605, 389, 389, 605, 12, 12, 605, 738, 605, 262, 738, 389, 912, 780, 780, 912, 732, 912, 376, 732, 732, 376, 848, 376, 487, 848, 487, 658, 848, 848, 658, 472, 658, 479, 472, 472, 479, 175, 479, 465, 175, 175, 465, 41, 732, 848, 472, 389, 396, 912, 396, 376, 912, 465, 479, 580, 479, 658, 580, 580, 658, 689, 658, 487, 689, 689, 97, 580, 580, 97, 465, 97, 890, 465, 465, 890, 41, 41, 890, 267, 890, 466, 267, 267, 466, 474, 474, 466, 982, 982, 466, 954, 954, 466, 14, 14, 466, 19, 466, 97, 19, 19, 97, 202, 97, 886, 202, 202, 886, 646, 646, 886, 897, 897, 886, 689, 886, 97, 689, 466, 890, 97, 646, 313, 202, 202, 313, 19, 19, 313, 14, 313, 34, 14, 14, 34, 954, 34, 887, 954, 954, 887, 982, 887, 178, 982, 982, 178, 117, 117, 178, 899, 899, 178, 467, 178, 887, 467, 467, 887, 34, 982, 117, 418, 418, 117, 684, 684, 117, 861, 861, 117, 992, 117, 872, 992, 992, 872, 873, 872, 795, 873, 795, 751, 873, 873, 751, 403, 751, 517, 403, 403, 517, 651, 517, 974, 651, 651, 974, 842, 117, 899, 872, 872, 899, 795, 899, 467, 795, 873, 403, 992, 403, 651, 992, 974, 517, 240, 517, 751, 240, 240, 80, 974, 974, 80, 842, 842, 80, 979, 80, 696, 979, 979, 696, 594, 696, 337, 594, 594, 337, 32, 337, 193, 32, 193, 551, 32, 551, 988, 32, 32, 988, 594, 594, 988, 979, 979, 988, 842, 842, 988, 783, 783, 988, 93, 93, 988, 572, 988, 551, 572, 240, 696, 80, 751, 795, 252, 252, 795, 592, 795, 352, 592, 592, 352, 670, 670, 352, 522, 352, 467, 522, 522, 467, 756, 467, 34, 756, 756, 34, 373, 373, 34, 528, 34, 313, 528, 252, 592, 36, 36, 592, 368, 592, 670, 368, 467, 352, 795, 522, 756, 504, 504, 756, 373, 373, 528, 186, 186, 528, 282, 528, 313, 282, 282, 313, 789, 313, 646, 789, 789, 646, 619, 619, 646, 838, 838, 646, 9, 646, 897, 9, 9, 897, 199, 897, 689, 199, 199, 689, 397, 689, 487, 397, 487, 376, 397, 376, 396, 397, 397, 396, 377, 396, 389, 377, 389, 12, 377, 377, 12, 26, 12, 738, 26, 738, 989, 26, 989, 115, 26, 26, 115, 165, 115, 218, 165, 165, 218, 850, 218, 242, 850, 242, 671, 850, 671, 486, 850, 850, 486, 769, 486, 716, 769, 769, 716, 779, 716, 148, 779, 115, 312, 218, 312, 242, 218, 282, 789, 876, 789, 619, 876, 779, 868, 769, 769, 868, 850, 868, 116, 850, 850, 116, 165, 165, 116, 26, 116, 253, 26, 26, 253, 377, 253, 693, 377, 693, 707, 377, 377, 707, 397, 707, 1011, 397, 397, 1011, 199, 199, 1011, 9, 9, 1011, 760, 1011, 707, 760, 707, 693, 760, 760, 693, 868, 693, 253, 868, 868, 253, 116, 760, 868, 820, 868, 779, 820, 820, 779, 772, 779, 148, 772, 772, 241, 820, 820, 241, 760, 241, 981, 760, 760, 981, 9, 981, 345, 9, 9, 345, 838, 345, 981, 915, 981, 241, 915, 915, 241, 591, 241, 772, 591, 772, 148, 591, 148, 198, 591, 198, 310, 591, 591, 310, 234, 310, 1030, 234, 234, 653, 591, 591, 653, 915, 915, 653, 345, 653, 109, 345, 345, 109, 838, 838, 109, 619, 109, 398, 619, 619, 398, 876, 398, 3, 876, 876, 3, 282, 282, 3, 186, 3, 597, 186, 186, 597, 373, 373, 597, 504, 597, 607, 504, 504, 607, 522, 522, 607, 670, 670, 607, 368, 368, 607, 79, 79, 607, 725, 607, 623, 725, 725, 623, 940, 623, 754, 940, 940, 754, 947, 754, 85, 947, 947, 85, 700, 85, 3, 700, 700, 3, 294, 3, 398, 294, 398, 109, 653, 607, 597, 623, 623, 597, 754, 754, 597, 85, 597, 3, 85, 294, 983, 700, 700, 983, 947, 947, 983, 250, 983, 468, 250, 250, 468, 727, 727, 468, 602, 468, 637, 602, 602, 637, 124, 637, 73, 124, 124, 73, 829, 829, 73, 1030, 73, 509, 1030, 1030, 509, 234, 234, 509, 653, 509, 114, 653, 653, 114, 398, 114, 510, 398, 398, 510, 294, 294, 510, 983, 510, 73, 983, 73, 637, 983, 983, 637, 468, 509, 73, 114, 114, 73, 510, 632, 578, 90, 90, 578, 258, 632, 764, 578, 632, 90, 191, 90, 344, 191, 191, 344, 192, 192, 344, 615, 344, 90, 615, 90, 258, 615, 615, 258, 209, 209, 258, 640, 258, 578, 640, 640, 578, 496, 578, 764, 496, 764, 773, 496, 773, 741, 496, 496, 741, 1008, 1008, 741, 758, 741, 941, 758, 941, 69, 758, 758, 69, 561, 69, 774, 561, 561, 774, 456, 456, 774, 184, 774, 626, 184, 626, 557, 184, 184, 557, 778, 557, 818, 778, 778, 818, 359, 359, 818, 676, 818, 960, 676, 960, 63, 676, 676, 63, 724, 63, 485, 724, 724, 485, 123, 485, 827, 123, 123, 827, 365, 365, 827, 1029, 827, 870, 1029, 870, 134, 1029, 134, 187, 1029, 1029, 187, 493, 187, 1032, 493, 493, 1032, 463, 463, 1032, 279, 1032, 306, 279, 306, 105, 279, 279, 105, 336, 105, 708, 336, 191, 192, 582, 63, 507, 485, 507, 870, 485, 485, 870, 827, 336, 990, 279, 279, 990, 836, 990, 709, 836, 836, 709, 248, 709, 188, 248, 248, 188, 743, 743, 188, 553, 188, 821, 553, 553, 821, 144, 144, 821, 390, 821, 55, 390, 390, 55, 417, 55, 957, 417, 417, 957, 488, 488, 957, 102, 957, 986, 102, 55, 821, 188, 836, 555, 279, 279, 555, 463, 248, 555, 836, 390, 417, 726, 417, 488, 726, 488, 102, 166, 166, 102, 893, 102, 986, 893, 893, 986, 334, 986, 961, 334, 334, 961, 923, 961, 956, 923, 923, 956, 807, 807, 956, 385, 956, 270, 385, 385, 270, 869, 270, 806, 869, 869, 806, 525, 806, 891, 525, 525, 891, 1023, 270, 956, 961, 806, 408, 891, 408, 681, 891, 891, 681, 1023, 893, 334, 59, 59, 334, 923, 385, 869, 810, 810, 869, 525, 681, 408, 46, 408, 901, 46, 46, 901, 37, 901, 179, 37, 37, 179, 402, 402, 179, 812, 179, 454, 812, 812, 454, 763, 454, 437, 763, 763, 437, 598, 437, 194, 598, 598, 194, 341, 454, 179, 901, 437, 159, 194, 159, 189, 194, 194, 189, 341, 681, 46, 516, 516, 46, 37, 812, 763, 38, 38, 763, 598, 189, 159, 425, 159, 537, 425, 425, 537, 636, 537, 782, 636, 425, 636, 189, 636, 600, 189, 600, 236, 189, 189, 236, 341, 236, 201, 341, 341, 201, 598, 598, 201, 38, 201, 980, 38, 38, 980, 812, 812, 980, 402, 980, 832, 402, 402, 832, 37, 37, 832, 516, 832, 110, 516, 516, 110, 681, 681, 110, 1023, 110, 432, 1023, 1023, 432, 525, 525, 432, 810, 432, 441, 810, 810, 441, 385, 385, 441, 807, 441, 908, 807, 807, 908, 923, 923, 908, 59, 908, 629, 59, 59, 629, 893, 893, 629, 166, 629, 469, 166, 166, 469, 488, 488, 469, 726, 469, 995, 726, 726, 995, 390, 390, 995, 144, 995, 1024, 144, 144, 1024, 553, 1024, 703, 553, 553, 703, 743, 703, 47, 743, 743, 47, 248, 236, 206, 201, 206, 1020, 201, 201, 1020, 612, 1020, 157, 612, 980, 201, 612, 47, 703, 1012, 1012, 703, 1024, 555, 248, 413, 413, 248, 931, 248, 47, 931, 931, 47, 285, 285, 47, 902, 47, 1012, 902, 931, 285, 413, 285, 677, 413, 413, 677, 1029, 1029, 677, 365, 365, 677, 1009, 677, 285, 1009, 285, 902, 1009, 1009, 902, 71, 902, 127, 71, 71, 127, 324, 127, 801, 324, 555, 413, 463, 463, 413, 493, 413, 1029, 493, 127, 902, 1012, 71, 324, 1009, 324, 586, 1009, 1009, 586, 123, 586, 697, 123, 123, 697, 724, 697, 366, 724, 724, 366, 676, 676, 366, 359, 366, 48, 359, 48, 686, 359, 359, 686, 778, 778, 686, 184, 686, 722, 184, 722, 944, 184, 184, 944, 456, 456, 944, 561, 944, 436, 561, 561, 436, 758, 436, 650, 758, 650, 98, 758, 758, 98, 1008, 1008, 98, 496, 98, 112, 496, 496, 112, 640, 640, 112, 209, 209, 112, 977, 977, 112, 378, 112, 98, 378, 378, 98, 748, 98, 650, 748, 748, 650, 539, 650, 436, 539, 436, 944, 539, 539, 944, 682, 682, 944, 969, 944, 722, 969, 969, 722, 374, 722, 686, 374, 686, 48, 374, 374, 48, 7, 7, 48, 784, 48, 366, 784, 366, 697, 784, 784, 697, 49, 697, 586, 49, 49, 586, 563, 586, 324, 563, 324, 801, 563, 801, 101, 563, 563, 101, 784, 101, 475, 784, 784, 475, 7, 7, 475, 374, 374, 475, 350, 350, 475, 1003, 475, 101, 1003, 101, 801, 1003, 801, 127, 1003, 1003, 127, 624, 624, 127, 68, 127, 1012, 68, 1012, 1024, 68, 68, 1024, 113, 113, 1024, 554, 1024, 995, 554, 554, 995, 457, 457, 995, 924, 995, 469, 924, 924, 469, 706, 706, 469, 382, 469, 629, 382, 382, 629, 569, 569, 629, 217, 629, 908, 217, 217, 908, 446, 446, 908, 351, 908, 441, 351, 351, 441, 119, 119, 441, 770, 441, 432, 770, 770, 432, 81, 81, 432, 190, 432, 110, 190, 190, 110, 1014, 1014, 110, 833, 110, 832, 833, 833, 832, 61, 61, 832, 415, 832, 980, 415, 415, 980, 230, 980, 612, 230, 612, 157, 230, 230, 157, 740, 157, 588, 740, 588, 721, 740, 740, 721, 932, 721, 549, 932, 123, 365, 1009, 563, 784, 49, 230, 740, 415, 415, 740, 61, 740, 614, 61, 61, 614, 833, 833, 614, 1014, 614, 616, 1014, 1014, 616, 190, 190, 616, 81, 616, 379, 81, 81, 379, 770, 770, 379, 119, 379, 916, 119, 119, 916, 351, 351, 916, 446, 916, 480, 446, 446, 480, 217, 217, 480, 569, 480, 13, 569, 569, 13, 382, 382, 13, 706, 13, 271, 706, 706, 271, 924, 924, 271, 457, 271, 765, 457, 457, 765, 554, 554, 765, 113, 765, 796, 113, 113, 796, 68, 68, 796, 624, 624, 796, 1003, 796, 933, 1003, 1003, 933, 350, 933, 72, 350, 350, 72, 374, 374, 72, 969, 969, 72, 682, 72, 384, 682, 682, 384, 539, 384, 934, 539, 934, 342, 539, 539, 342, 748, 748, 342, 378, 342, 445, 378, 378, 445, 977, 445, 691, 977, 977, 691, 209, 691, 243, 209, 243, 786, 209, 209, 786, 615, 615, 786, 192, 786, 905, 192, 192, 905, 582, 582, 905, 447, 447, 905, 718, 905, 307, 718, 307, 4, 718, 718, 4, 281, 4, 596, 281, 281, 596, 419, 596, 603, 419, 419, 603, 641, 641, 603, 655, 603, 414, 655, 414, 299, 655, 655, 299, 174, 299, 210, 174, 174, 210, 717, 717, 210, 549, 210, 568, 549, 549, 568, 932, 568, 614, 932, 932, 614, 740, 691, 445, 863, 863, 445, 342, 863, 154, 691, 691, 154, 243, 614, 568, 25, 568, 210, 25, 25, 210, 476, 210, 976, 476, 976, 556, 476, 476, 556, 616, 556, 379, 616, 614, 25, 616, 25, 476, 616, 210, 299, 976, 299, 414, 976, 976, 414, 387, 414, 603, 387, 387, 603, 894, 894, 603, 935, 603, 596, 935, 596, 4, 935, 935, 4, 678, 4, 307, 678, 678, 307, 638, 307, 905, 638, 638, 905, 871, 905, 786, 871, 871, 786, 841, 786, 243, 841, 243, 154, 841, 841, 154, 851, 154, 863, 851, 851, 813, 841, 841, 813, 871, 871, 813, 638, 813, 15, 638, 638, 15, 678, 678, 15, 935, 15, 219, 935, 219, 106, 935, 935, 106, 894, 106, 302, 894, 894, 302, 387, 387, 302, 976, 302, 687, 976, 976, 687, 556, 556, 687, 379, 687, 77, 379, 379, 77, 916, 77, 715, 916, 916, 715, 805, 805, 715, 926, 715, 302, 926, 302, 106, 926, 106, 219, 926, 926, 219, 284, 219, 15, 284, 284, 15, 214, 214, 15, 851, 15, 813, 851, 687, 302, 77, 302, 715, 77, 916, 805, 480, 214, 866, 284, 284, 866, 926, 866, 214, 5, 214, 851, 5, 5, 851, 86, 851, 863, 86, 86, 863, 481, 481, 863, 606, 863, 342, 606, 606, 342, 367, 342, 934, 367, 367, 934, 903, 934, 384, 903, 384, 72, 903, 903, 72, 23, 72, 933, 23, 933, 796, 23, 23, 796, 153, 796, 765, 153, 153, 765, 459, 765, 513, 459, 513, 538, 459, 459, 538, 903, 903, 538, 367, 367, 538, 606, 606, 538, 481, 538, 471, 481, 481, 471, 86, 86, 471, 5, 471, 866, 5, 23, 153, 903, 153, 459, 903, 765, 271, 513, 271, 500, 513, 513, 500, 538, 538, 500, 471, 500, 286, 471, 471, 286, 226, 286, 13, 226, 226, 13, 151, 13, 480, 151, 151, 480, 512, 480, 805, 512, 805, 926, 512, 926, 866, 512, 512, 866, 151, 151, 866, 226, 866, 471, 226, 500, 271, 286, 271, 13, 286, 537, 136, 782, 782, 136, 648, 136, 349, 648, 648, 349, 508, 508, 349, 859, 859, 349, 558, 558, 349, 631, 349, 422, 631, 631, 422, 261, 422, 735, 261, 261, 735, 524, 735, 423, 524, 524, 423, 87, 423, 639, 87, 87, 639, 108, 639, 599, 108, 108, 599, 87, 599, 1005, 87, 87, 1005, 524, 524, 1005, 261, 1005, 247, 261, 261, 247, 631, 631, 247, 309, 247, 176, 309, 309, 176, 843, 176, 135, 843, 135, 775, 843, 843, 775, 233, 775, 18, 233, 18, 27, 233, 27, 35, 233, 233, 35, 843, 35, 645, 843, 645, 254, 843, 843, 254, 309, 309, 254, 631, 631, 254, 864, 254, 645, 864, 864, 645, 574, 645, 35, 574, 422, 349, 136, 735, 639, 423, 599, 794, 1005, 1005, 794, 247, 794, 176, 247, 574, 799, 864, 799, 383, 864, 383, 859, 864, 859, 558, 864, 864, 558, 631, 910, 958, 56, 958, 499, 56, 56, 499, 685, 499, 936, 685, 685, 936, 231, 936, 99, 231, 99, 44, 231, 231, 44, 959, 44, 790, 959, 959, 790, 750, 790, 346, 750, 750, 346, 158, 346, 22, 158, 158, 22, 808, 808, 22, 937, 22, 733, 937, 937, 733, 223, 56, 685, 177, 685, 231, 177, 231, 959, 177, 177, 959, 750, 733, 22, 752, 22, 346, 752, 346, 790, 752, 752, 790, 239, 790, 44, 239, 44, 99, 239, 99, 169, 239, 169, 429, 239, 239, 429, 289, 429, 141, 289, 141, 121, 289, 289, 121, 733, 121, 761, 733, 733, 761, 223, 223, 761, 473, 473, 761, 680, 761, 121, 680, 121, 141, 680, 141, 249, 680, 249, 264, 680, 264, 928, 680, 928, 502, 680, 680, 502, 473, 752, 239, 733, 733, 239, 289]
                color3f[] primvars:vertexColor = [(1, 1, 1)] (
                    interpolation = "constant"
                )
                uniform token purpose = "guide"
                uniform token subdivisionScheme = "none"
            }
        }
    }
}

